agent,label,seed,implementation,shortfall_bps,effective_bps,fill_frac,duration,children,vwap,arrival,gross_cost,total_cost,total_fees,fee_bps,gross_effective_bps,net_effective_bps,hypothetical_liquidation_cost,hypothetical_liquidation_fees,completion_penalty_bps,optimization_cost_bps,unpriced_leftover_qty,fillable_leftover_qty,outstanding_qty,status,invalid_reasons,accounting,decision_horizon,decision_duration,settlement_duration,total_duration,settlement_complete,late_filled_qty,late_fees,settlement_pending_order_ids,cell,phase,episode_reward
twap,TWAP,44000,twap,3.079361057371818,3.079361057371818,1.0,29.0,20,99.9713462863797,99.99214034205232,47.5352112676079,70.38866102867429,22.853449761066397,0.9997920430985725,2.0795690142732455,3.079361057371818,0.0,0.0,0.0,3.079361057371818,0,0,0,VALID,[],"{'cash': 228511.6441609031, 'inventory': 0, 'average_cost': 0.0, 'gross_realized_pnl': -47.53521126761501, 'unrealized_pnl': 0.0, 'total_fees': 22.853449761066397, 'realized_pnl': -70.38866102868141, 'equity': 228511.6441609031, 'total_pnl': -70.38866102868141}",30.0,29.0,0.0,29.0,True,0,0.0,[],0,diagnostic,
random,Random,44000,random,2.795871293548443,2.795871293548443,1.0,24.5,40,99.97070403611521,99.99214034205232,49.00339537223942,63.90859437877866,14.905199006539245,0.6520722045617028,2.1437990889867407,2.795871293548443,0.0,0.0,0.0,2.795871293548443,0,0,0,VALID,[],"{'cash': 228518.124227553, 'inventory': 0, 'average_cost': 0.0, 'gross_realized_pnl': -49.00339537224235, 'unrealized_pnl': 0.0, 'total_fees': 14.905199006539245, 'realized_pnl': -63.9085943787816, 'equity': 228518.124227553, 'total_pnl': -63.9085943787816}",30.0,24.5,0.0,24.5,True,0,0.0,[],0,diagnostic,-2.7958712935481795
all_wait,all_wait capacity control,44000,fixed_action_zero,0.0,1.5139267375267496,0.0,30.0,0,99.99214034205232,99.99214034205232,0.0,0.0,0.0,0.0,0.5139781353402837,1.5139267375267496,11.748616700210793,22.85702842052314,0.0,1.5139267375267496,0,2286,0,VALID,[],"{'cash': 0.0, 'inventory': 2286, 'average_cost': 99.99214034205232, 'gross_realized_pnl': 0.0, 'unrealized_pnl': 35.93435613681001, 'total_fees': 0.0, 'realized_pnl': 0.0, 'equity': 228617.96717806841, 'total_pnl': 35.93435613681001}",30.0,30.0,0.0,30.0,True,0,0.0,[],0,diagnostic,-1.5139267375267496
all_market,all_market capacity control,44000,fixed_action_four,3.0519938053595124,3.0519938053595124,1.0,10.5,21,99.97161996475793,99.99214034205232,46.909582494958336,69.763094818902,22.853512323943665,0.9997947800974737,2.0521990252620386,3.0519938053595124,0.0,0.0,0.0,3.0519938053595124,0,0,0,VALID,[],"{'cash': 228512.26972711278, 'inventory': 0, 'average_cost': 0.0, 'gross_realized_pnl': -46.90958249497854, 'unrealized_pnl': 0.0, 'total_fees': 22.853512323943665, 'realized_pnl': -69.7630948189222, 'equity': 228512.26972711278, 'total_pnl': -69.7630948189222}",30.0,10.5,0.0,10.5,True,0,0.0,[],0,diagnostic,-3.0519938053600146
twap,TWAP,44001,twap,2.368142965219837,2.368142965219837,1.0,29.0,20,100.01460809916367,100.02829476861167,31.287726358141782,54.1510657696106,22.863339411468818,0.9998631720206802,1.368279793199157,2.368142965219837,0.0,0.0,0.0,2.368142965219837,0,0,0,VALID,[],"{'cash': 228610.5307752766, 'inventory': 0, 'average_cost': 0.0, 'gross_realized_pnl': -31.28772635814242, 'unrealized_pnl': 0.0, 'total_fees': 22.863339411468818, 'realized_pnl': -54.151065769611236, 'equity': 228610.5307752766, 'total_pnl': -54.151065769611236}",30.0,29.0,0.0,29.0,True,0,0.0,[],0,diagnostic,
random,Random,44001,random,2.4922144164830384,2.4922144164830384,1.0,18.0,31,100.01063219870404,100.02829476861167,40.37663480885456,56.98814166247628,16.611506853621716,0.726457042682657,1.7657573738003813,2.4922144164830384,0.0,0.0,0.0,2.4922144164830384,0,0,0,VALID,[],"{'cash': 228607.6936993836, 'inventory': 0, 'average_cost': 0.0, 'gross_realized_pnl': -40.37663480884535, 'unrealized_pnl': 0.0, 'total_fees': 16.611506853621716, 'realized_pnl': -56.98814166246707, 'equity': 228607.6936993836, 'total_pnl': -56.98814166246707}",30.0,18.0,0.0,18.0,True,0,0.0,[],0,diagnostic,-2.492214416482976
all_wait,all_wait capacity control,44001,fixed_action_zero,0.0,2.970279840989964,0.0,30.0,0,100.02829476861167,100.02829476861167,0.0,0.0,0.0,0.0,1.9704768886788322,2.970279840989964,45.057847082487996,22.86196239939638,0.0,2.970279840989964,0,2286,0,VALID,[],"{'cash': 0.0, 'inventory': 2286, 'average_cost': 100.02829476861167, 'gross_realized_pnl': 0.0, 'unrealized_pnl': -17.967178068388762, 'total_fees': 0.0, 'realized_pnl': 0.0, 'equity': 228646.7146629779, 'total_pnl': -17.967178068388762}",30.0,30.0,0.0,30.0,True,0,0.0,[],0,diagnostic,-2.9702798409899644
all_market,all_market capacity control,44001,fixed_action_four,2.0049362013422147,2.0049362013422147,1.0,10.5,21,100.01824155783345,100.02829476861167,22.981639839030617,45.845809859151345,22.864170020120728,0.9998994963294988,1.005036705012716,2.0049362013422147,0.0,0.0,0.0,2.0049362013422147,0,0,0,VALID,[],"{'cash': 228618.83603118718, 'inventory': 0, 'average_cost': 0.0, 'gross_realized_pnl': -22.981639839025263, 'unrealized_pnl': 0.0, 'total_fees': 22.864170020120728, 'realized_pnl': -45.84580985914599, 'equity': 228618.83603118718, 'total_pnl': -45.84580985914599}",30.0,10.5,0.0,10.5,True,0,0.0,[],0,diagnostic,-2.0049362013423715
twap,TWAP,44002,twap,3.55252345685304,3.55252345685304,1.0,29.0,20,99.96347150048146,99.98899647887325,58.350100603634615,81.2017501886447,22.85164958501008,0.9997447221265281,2.552778734726512,3.55252345685304,0.0,0.0,0.0,3.55252345685304,0,0,0,VALID,[],"{'cash': 228493.64420051567, 'inventory': 0, 'average_cost': 0.0, 'gross_realized_pnl': -58.35010060362275, 'unrealized_pnl': 0.0, 'total_fees': 22.85164958501008, 'realized_pnl': -81.20175018863283, 'equity': 228493.64420051567, 'total_pnl': -81.20175018863283}",30.0,29.0,0.0,29.0,True,0,0.0,[],0,diagnostic,
random,Random,44002,random,2.8022622543597104,2.8022622543597104,1.0,28.0,40,99.96691104633048,99.98899647887325,50.487298792768755,64.0526663103744,13.565367517605644,0.5934759558158569,2.2087862985438536,2.8022622543597104,0.0,0.0,0.0,2.8022622543597104,0,0,0,VALID,[],"{'cash': 228510.7932843937, 'inventory': 0, 'average_cost': 0.0, 'gross_realized_pnl': -50.48729879275854, 'unrealized_pnl': 0.0, 'total_fees': 13.565367517605644, 'realized_pnl': -64.05266631036417, 'equity': 228510.7932843937, 'total_pnl': -64.05266631036417}",30.0,28.0,0.0,28.0,True,0,0.0,[],0,diagnostic,-2.802262254359176
all_wait,all_wait capacity control,44002,fixed_action_zero,0.0,2.991133330188743,0.0,30.0,0,99.98899647887325,99.98899647887325,0.0,0.0,0.0,0.0,1.9913324634350866,2.991133330188743,45.51685110663113,22.85293290995976,0.0,2.991133330188743,0,2286,0,VALID,[],"{'cash': 0.0, 'inventory': 2286, 'average_cost': 99.98899647887325, 'gross_realized_pnl': 0.0, 'unrealized_pnl': 0.0, 'total_fees': 0.0, 'realized_pnl': 0.0, 'equity': 228574.84595070424, 'total_pnl': 0.0}",30.0,30.0,0.0,30.0,True,0,0.0,[],0,diagnostic,-2.991133330188743
all_market,all_market capacity control,44002,fixed_action_four,3.4667058578721024,3.4667058578721024,1.0,10.5,21,99.96432966785842,99.98899647887325,56.38832997987953,79.24017574195197,22.851845762072443,0.9997533047446876,2.4669525531274146,3.4667058578721024,0.0,0.0,0.0,3.4667058578721024,0,0,0,VALID,[],"{'cash': 228495.60577496234, 'inventory': 0, 'average_cost': 0.0, 'gross_realized_pnl': -56.38832997987855, 'unrealized_pnl': 0.0, 'total_fees': 22.851845762072443, 'realized_pnl': -79.24017574195099, 'equity': 228495.60577496234, 'total_pnl': -79.24017574195099}",30.0,10.5,0.0,10.5,True,0,0.0,[],0,diagnostic,-3.4667058578720904
twap,TWAP,44003,twap,1.9171179168915073,1.9171179168915073,1.0,29.0,20,99.98611254139009,99.9952842052314,20.966423541238633,43.82324886820041,22.856825326961772,0.9999082790362144,0.9172096378552929,1.9171179168915073,0.0,0.0,0.0,1.9171179168915073,0,0,0,VALID,[],"{'cash': 228545.39644429082, 'inventory': 0, 'average_cost': 0.0, 'gross_realized_pnl': -20.966423541259417, 'unrealized_pnl': 0.0, 'total_fees': 22.856825326961772, 'realized_pnl': -43.823248868221185, 'equity': 228545.39644429082, 'total_pnl': -43.823248868221185}",30.0,29.0,0.0,29.0,True,0,0.0,[],0,diagnostic,
random,Random,44003,random,1.8067134106622453,1.8067134106622453,1.0,25.0,44,99.98404963904161,99.9952842052314,25.6822183098525,41.29952087524486,15.617302565392357,0.683203809276564,1.1235096013856813,1.8067134106622453,0.0,0.0,0.0,1.8067134106622453,0,0,0,VALID,[],"{'cash': 228547.92017228383, 'inventory': 0, 'average_cost': 0.0, 'gross_realized_pnl': -25.682218309868205, 'unrealized_pnl': 0.0, 'total_fees': 15.617302565392357, 'realized_pnl': -41.29952087526056, 'equity': 228547.92017228383, 'total_pnl': -41.29952087526056}",30.0,25.0,0.0,25.0,True,0,0.0,[],0,diagnostic,-1.8067134106625364
all_wait,all_wait capacity control,44003,fixed_action_zero,0.0,2.4131509542627096,0.0,30.0,0,99.9952842052314,99.9952842052314,0.0,0.0,0.0,0.0,1.4132922834910588,2.4131509542627096,32.3063380281584,22.855691335513082,0.0,2.4131509542627096,0,2286,0,VALID,[],"{'cash': 0.0, 'inventory': 2286, 'average_cost': 99.9952842052314, 'gross_realized_pnl': 0.0, 'unrealized_pnl': -14.373742454736998, 'total_fees': 0.0, 'realized_pnl': 0.0, 'equity': 228574.84595070424, 'total_pnl': -14.373742454736998}",30.0,30.0,0.0,30.0,True,0,0.0,[],0,diagnostic,-2.41315095426271
all_market,all_market capacity control,44003,fixed_action_four,1.7012122144600088,1.7012122144600088,1.0,10.5,21,99.98827171251482,99.9952842052314,16.030558350107583,38.88787726358844,22.85731891348086,0.9999298717657293,0.7012823426942792,1.7012122144600088,0.0,0.0,0.0,1.7012122144600088,0,0,0,VALID,[],"{'cash': 228550.33181589548, 'inventory': 0, 'average_cost': 0.0, 'gross_realized_pnl': -16.03055835010852, 'unrealized_pnl': 0.0, 'total_fees': 22.85731891348086, 'realized_pnl': -38.88787726358938, 'equity': 228550.33181589548, 'total_pnl': -38.88787726358938}",30.0,10.5,0.0,10.5,True,0,0.0,[],0,diagnostic,-1.7012122144597048
twap,TWAP,44004,twap,2.80719224709973,2.80719224709973,1.0,29.0,20,99.98978450757036,100.00785965794769,41.319793762566874,64.17745850099743,22.85766473843055,0.9998192627015586,1.8073729843981714,2.80719224709973,0.0,0.0,0.0,2.80719224709973,0,0,0,VALID,[],"{'cash': 228553.78971956755, 'inventory': 0, 'average_cost': 0.0, 'gross_realized_pnl': -41.319793762570484, 'unrealized_pnl': 0.0, 'total_fees': 22.85766473843055, 'realized_pnl': -64.17745850100104, 'equity': 228553.78971956755, 'total_pnl': -64.17745850100104}",30.0,29.0,0.0,29.0,True,0,0.0,[],0,diagnostic,
random,Random,44004,random,2.616558663651626,2.616558663651626,1.0,23.5,37,99.98890021009699,100.00785965794769,43.34129778672845,59.8192322686198,16.47793448189135,0.7207628816442426,1.8957957820073832,2.616558663651626,0.0,0.0,0.0,2.616558663651626,0,0,0,VALID,[],"{'cash': 228558.14794579992, 'inventory': 0, 'average_cost': 0.0, 'gross_realized_pnl': -43.341297786715344, 'unrealized_pnl': 0.0, 'total_fees': 16.47793448189135, 'realized_pnl': -59.8192322686067, 'equity': 228558.14794579992, 'total_pnl': -59.8192322686067}",30.0,23.5,0.0,23.5,True,0,0.0,[],0,diagnostic,-2.6165586636512708
all_wait,all_wait capacity control,44004,fixed_action_zero,0.0,3.77287064254867,0.0,30.0,0,100.00785965794769,100.00785965794769,0.0,0.0,0.0,0.0,2.7731479573444044,3.77287064254867,63.39914486920905,22.85545680331992,0.0,3.77287064254867,0,2286,0,VALID,[],"{'cash': 0.0, 'inventory': 2286, 'average_cost': 100.00785965794769, 'gross_realized_pnl': 0.0, 'unrealized_pnl': -35.93435613681001, 'total_fees': 0.0, 'realized_pnl': 0.0, 'equity': 228582.0328219316, 'total_pnl': -35.93435613681001}",30.0,30.0,0.0,30.0,True,0,0.0,[],0,diagnostic,-3.77287064254867
all_market,all_market capacity control,44004,fixed_action_four,3.0310459318201297,3.0310459318201297,1.0,10.5,21,99.98754557088816,100.00785965794769,46.43800301810218,69.29515593560721,22.857152917505033,0.9997968750943276,2.0312490567258017,3.0310459318201297,0.0,0.0,0.0,3.0310459318201297,0,0,0,VALID,[],"{'cash': 228548.672022133, 'inventory': 0, 'average_cost': 0.0, 'gross_realized_pnl': -46.43800301810701, 'unrealized_pnl': 0.0, 'total_fees': 22.857152917505033, 'realized_pnl': -69.29515593561204, 'equity': 228548.672022133, 'total_pnl': -69.29515593561204}",30.0,10.5,0.0,10.5,True,0,0.0,[],0,diagnostic,-3.031045931820412
twap,TWAP,44005,twap,2.284869274997922,2.284869274997922,1.0,29.0,20,99.9698609966888,99.9827087525151,29.36996981892151,52.223080042764565,22.85311022384305,0.999871500222522,1.2849977747753993,2.284869274997922,0.0,0.0,0.0,2.284869274997922,0,0,0,VALID,[],"{'cash': 228508.24912820678, 'inventory': 0, 'average_cost': 0.0, 'gross_realized_pnl': -29.369969818907563, 'unrealized_pnl': 0.0, 'total_fees': 22.85311022384305, 'realized_pnl': -52.22308004275061, 'equity': 228508.24912820678, 'total_pnl': -52.22308004275061}",30.0,29.0,0.0,29.0,True,0,0.0,[],0,diagnostic,
random,Random,44005,random,1.8999113692656333,1.8999113692656333,1.0,25.0,41,99.97041247924996,99.9827087525151,28.109280684094152,43.4244639713175,15.315183287223347,0.6700713880775125,1.2298399811881207,1.8999113692656333,0.0,0.0,0.0,1.8999113692656333,0,0,0,VALID,[],"{'cash': 228517.04774427818, 'inventory': 0, 'average_cost': 0.0, 'gross_realized_pnl': -28.109280684097257, 'unrealized_pnl': 0.0, 'total_fees': 15.315183287223347, 'realized_pnl': -43.424463971320606, 'equity': 228517.04774427818, 'total_pnl': -43.424463971320606}",30.0,25.0,0.0,25.0,True,0,0.0,[],0,diagnostic,-1.899911369266091
all_wait,all_wait capacity control,44005,fixed_action_zero,0.0,1.746687571608496,0.0,30.0,0,99.9827087525151,99.9827087525151,0.0,0.0,0.0,0.0,0.7467622478332793,1.746687571608496,17.068033199206816,22.85434041750503,0.0,1.746687571608496,0,2286,0,VALID,[],"{'cash': 0.0, 'inventory': 2286, 'average_cost': 99.9827087525151, 'gross_realized_pnl': 0.0, 'unrealized_pnl': 35.934356136842496, 'total_fees': 0.0, 'realized_pnl': 0.0, 'equity': 228596.40656438636, 'total_pnl': 35.934356136842496}",30.0,30.0,0.0,30.0,True,0,0.0,[],0,diagnostic,-1.746687571608496
all_market,all_market capacity control,44005,fixed_action_four,2.6626830085042936,2.6626830085042936,1.0,10.5,21,99.96608313485463,99.9827087525151,38.0061619718346,60.85840857646238,22.852246604627783,0.9998337150706573,1.6628492934336365,2.6626830085042936,0.0,0.0,0.0,2.6626830085042936,0,0,0,VALID,[],"{'cash': 228499.61379967304, 'inventory': 0, 'average_cost': 0.0, 'gross_realized_pnl': -38.00616197182494, 'unrealized_pnl': 0.0, 'total_fees': 22.852246604627783, 'realized_pnl': -60.85840857645272, 'equity': 228499.61379967304, 'total_pnl': -60.85840857645272}",30.0,10.5,0.0,10.5,True,0,0.0,[],0,diagnostic,-2.6626830085041346
twap,TWAP,44006,twap,1.9579180421698903,1.9579180421698903,1.0,29.0,20,100.0045658905313,100.01414738430584,21.90329476860751,44.76433853118296,22.861043762575445,0.9999041986156442,0.9580138435542459,1.9579180421698903,0.0,0.0,0.0,1.9579180421698903,0,0,0,VALID,[],"{'cash': 228587.57658199212, 'inventory': 0, 'average_cost': 0.0, 'gross_realized_pnl': -21.90329476861818, 'unrealized_pnl': 0.0, 'total_fees': 22.861043762575445, 'realized_pnl': -44.76433853119363, 'equity': 228587.57658199212, 'total_pnl': -44.76433853119363}",30.0,29.0,0.0,29.0,True,0,0.0,[],0,diagnostic,
random,Random,44006,random,2.398790457675918,2.398790457675918,1.0,29.5,47,99.99710230983452,100.01414738430584,38.96504024144474,54.84410777162582,15.879067530181082,0.6945241196520373,1.7042663380238803,2.398790457675918,0.0,0.0,0.0,2.398790457675918,0,0,0,VALID,[],"{'cash': 228577.4968127516, 'inventory': 0, 'average_cost': 0.0, 'gross_realized_pnl': -38.965040241457956, 'unrealized_pnl': 0.0, 'total_fees': 15.879067530181082, 'realized_pnl': -54.84410777163904, 'equity': 228577.4968127516, 'total_pnl': -54.84410777163904}",30.0,29.5,0.0,29.5,True,0,0.0,[],0,diagnostic,-2.3987904576760912
all_wait,all_wait capacity control,44006,fixed_action_zero,0.0,3.0061693918912833,0.0,30.0,0,100.01414738430584,100.01414738430584,0.0,0.0,0.0,0.0,2.0063700288941733,3.0061693918912833,45.87210764588525,22.85864688128773,0.0,3.0061693918912833,0,2286,0,VALID,[],"{'cash': 0.0, 'inventory': 2286, 'average_cost': 100.01414738430584, 'gross_realized_pnl': 0.0, 'unrealized_pnl': 0.0, 'total_fees': 0.0, 'realized_pnl': 0.0, 'equity': 228632.34092052316, 'total_pnl': 0.0}",30.0,30.0,0.0,30.0,True,0,0.0,[],0,diagnostic,-3.0061693918912837
all_market,all_market capacity control,44006,fixed_action_four,2.189457296227163,2.189457296227163,1.0,10.5,21,100.00224993882807,100.01414738430584,27.197560362177477,50.05807469819355,22.860514336016077,0.9998810423746138,1.189576253852549,2.189457296227163,0.0,0.0,0.0,2.189457296227163,0,0,0,VALID,[],"{'cash': 228582.28284582507, 'inventory': 0, 'average_cost': 0.0, 'gross_realized_pnl': -27.197560362178237, 'unrealized_pnl': 0.0, 'total_fees': 22.860514336016077, 'realized_pnl': -50.05807469819432, 'equity': 228582.28284582507, 'total_pnl': -50.05807469819432}",30.0,10.5,0.0,10.5,True,0,0.0,[],0,diagnostic,-2.1894572962269696
twap,TWAP,44007,twap,0.9180512272027467,0.9180512272027467,1.0,29.0,20,100.01182318099323,100.01100352112677,-1.873742454737749,20.9889603244373,22.86270277917505,1.0000081956968492,-0.08195696849410261,0.9180512272027467,0.0,0.0,0.0,0.9180512272027467,0,0,0,VALID,[],"{'cash': 228604.16508897138, 'inventory': 0, 'average_cost': 0.0, 'gross_realized_pnl': 1.8737424547291965, 'unrealized_pnl': 0.0, 'total_fees': 22.86270277917505, 'realized_pnl': -20.988960324445852, 'equity': 228604.16508897138, 'total_pnl': -20.988960324445852}",30.0,29.0,0.0,29.0,True,0,0.0,[],0,diagnostic,
random,Random,44007,random,0.5017132512961685,0.5017132512961685,1.0,21.5,34,100.0132177029808,100.01100352112677,-5.061619718313611,11.470426936615958,16.53204665492957,0.7231070755829849,-0.22139382428681634,0.5017132512961685,0.0,0.0,0.0,0.5017132512961685,0,0,0,VALID,[],"{'cash': 228613.6836223592, 'inventory': 0, 'average_cost': 0.0, 'gross_realized_pnl': 5.0616197183128975, 'unrealized_pnl': 0.0, 'total_fees': 16.53204665492957, 'realized_pnl': -11.470426936616672, 'equity': 228613.6836223592, 'total_pnl': -11.470426936616672}",30.0,21.5,0.0,21.5,True,0,0.0,[],0,diagnostic,-0.5017132512963332
all_wait,all_wait capacity control,44007,fixed_action_zero,0.0,0.9617755724204875,0.0,30.0,0,100.01100352112677,100.01100352112677,0.0,0.0,0.0,0.0,-0.03822825040455286,0.9617755724204875,-0.8739939637775952,22.862602804325956,0.0,0.9617755724204875,0,2286,0,VALID,[],"{'cash': 0.0, 'inventory': 2286, 'average_cost': 100.01100352112677, 'gross_realized_pnl': 0.0, 'unrealized_pnl': 25.154049295789747, 'total_fees': 0.0, 'realized_pnl': 0.0, 'equity': 228650.30809859157, 'total_pnl': 25.154049295789747}",30.0,30.0,0.0,30.0,True,0,0.0,[],0,diagnostic,-0.9617755724204874
all_market,all_market capacity control,44007,fixed_action_four,1.8875492087307428,1.8875492087307428,1.0,10.5,21,100.00212616468717,100.01100352112677,20.29363682092176,43.154122862169245,22.860486041247484,0.999911236202747,0.8876379725279956,1.8875492087307428,0.0,0.0,0.0,1.8875492087307428,0,0,0,VALID,[],"{'cash': 228581.9999264336, 'inventory': 0, 'average_cost': 0.0, 'gross_realized_pnl': -20.29363682092591, 'unrealized_pnl': 0.0, 'total_fees': 22.860486041247484, 'realized_pnl': -43.154122862173395, 'equity': 228581.9999264336, 'total_pnl': -43.154122862173395}",30.0,10.5,0.0,10.5,True,0,0.0,[],0,diagnostic,-1.8875492087309087
twap,TWAP,44008,twap,2.870128437819163,2.870128437819163,1.0,29.0,20,99.97658193254013,99.9952842052314,42.75339537224411,65.60804200202278,22.85464662977867,0.9998129684530633,1.8703154693660995,2.870128437819163,0.0,0.0,0.0,2.870128437819163,0,0,0,VALID,[],"{'cash': 228523.61165115712, 'inventory': 0, 'average_cost': 0.0, 'gross_realized_pnl': -42.75339537224278, 'unrealized_pnl': 0.0, 'total_fees': 22.85464662977867, 'realized_pnl': -65.60804200202145, 'equity': 228523.61165115712, 'total_pnl': -65.60804200202145}",30.0,29.0,0.0,29.0,True,0,0.0,[],0,diagnostic,
random,Random,44008,random,2.140521095244337,2.486354790908947,0.8591426071741033,30.0,43,99.9803348476808,99.9952842052314,29.360538229378136,42.037851798291626,12.677313568913487,0.5545893015397034,1.7909587500610589,2.486354790908947,11.578848088531142,3.218690266599598,0.0,2.486354790908947,0,322,0,VALID,[],"{'cash': 196348.70032727614, 'inventory': 322, 'average_cost': 99.9952842052314, 'gross_realized_pnl': -29.360538229384986, 'unrealized_pnl': -10.123239436621219, 'total_fees': 12.677313568913487, 'realized_pnl': -42.037851798298476, 'equity': 228537.058601924, 'total_pnl': -52.161091234919695}",30.0,30.0,0.00999999999999801,30.009999999999998,True,0,0.0,[],0,diagnostic,-2.486354790908865
all_wait,all_wait capacity control,44008,fixed_action_zero,0.0,3.508081656661398,0.0,30.0,0,99.9952842052314,99.9952842052314,0.0,0.0,0.0,0.0,2.508332489910389,3.508081656661398,57.337776659961435,22.8531881916499,0.0,3.508081656661398,0,2286,0,VALID,[],"{'cash': 0.0, 'inventory': 2286, 'average_cost': 99.9952842052314, 'gross_realized_pnl': 0.0, 'unrealized_pnl': -28.747484909473997, 'total_fees': 0.0, 'realized_pnl': 0.0, 'equity': 228560.4722082495, 'total_pnl': -28.747484909473997}",30.0,30.0,0.0,30.0,True,0,0.0,[],0,diagnostic,-3.508081656661398
all_market,all_market capacity control,44008,fixed_action_four,2.686814870084699,2.686814870084699,1.0,10.5,21,99.9784151650938,99.9952842052314,38.5626257545233,61.41769146126377,22.85506570674047,0.9998313016431568,1.6869835684415424,2.686814870084699,0.0,0.0,0.0,2.686814870084699,0,0,0,VALID,[],"{'cash': 228527.80200169786, 'inventory': 0, 'average_cost': 0.0, 'gross_realized_pnl': -38.5626257545365, 'unrealized_pnl': 0.0, 'total_fees': 22.85506570674047, 'realized_pnl': -61.417691461276966, 'equity': 228527.80200169786, 'total_pnl': -61.417691461276966}",30.0,10.5,0.0,10.5,True,0,0.0,[],0,diagnostic,-2.6868148700848677
twap,TWAP,44009,twap,3.5028360541968415,3.5028360541968415,1.0,29.0,20,99.97654067449317,100.00157193158954,57.22145372233325,80.0760909205224,22.854637198189145,0.9997496913637172,2.503086362833124,3.5028360541968415,0.0,0.0,0.0,3.5028360541968415,0,0,0,VALID,[],"{'cash': 228523.51734469327, 'inventory': 0, 'average_cost': 0.0, 'gross_realized_pnl': -57.221453722322565, 'unrealized_pnl': 0.0, 'total_fees': 22.854637198189145, 'realized_pnl': -80.07609092051172, 'equity': 228523.51734469327, 'total_pnl': -80.07609092051172}",30.0,29.0,0.0,29.0,True,0,0.0,[],0,diagnostic,
random,Random,44009,random,3.283800003331306,3.283800003331306,1.0,28.0,44,99.97614184670579,100.00157193158954,58.133174044276075,75.06884808854167,16.935674044265596,0.7408314886806684,2.542968514650638,3.283800003331306,0.0,0.0,0.0,3.283800003331306,0,0,0,VALID,[],"{'cash': 228528.52458752526, 'inventory': 0, 'average_cost': 0.0, 'gross_realized_pnl': -58.133174044252016, 'unrealized_pnl': 0.0, 'total_fees': 16.935674044265596, 'realized_pnl': -75.06884808851761, 'equity': 228528.52458752526, 'total_pnl': -75.06884808851761}",30.0,28.0,0.0,28.0,True,0,0.0,[],0,diagnostic,-3.283800003330846
all_wait,all_wait capacity control,44009,fixed_action_zero,0.0,4.480263595168476,0.0,30.0,0,100.00157193158954,100.00157193158954,0.0,0.0,0.0,0.0,3.48061165633411,4.480263595168476,79.56803319918608,22.85240254024145,0.0,4.480263595168476,0,2286,0,VALID,[],"{'cash': 0.0, 'inventory': 2286, 'average_cost': 100.00157193158954, 'gross_realized_pnl': 0.0, 'unrealized_pnl': -35.93435613681001, 'total_fees': 0.0, 'realized_pnl': 0.0, 'equity': 228567.65907947687, 'total_pnl': -35.93435613681001}",30.0,30.0,0.0,30.0,True,0,0.0,[],0,diagnostic,-4.480263595168476
all_market,all_market capacity control,44009,fixed_action_four,3.2819935343877233,3.2819935343877233,1.0,10.5,21,99.97874935527426,100.00157193158954,52.172409456732666,75.02755155934838,22.855142102615712,0.9997717778243446,2.2822217565633784,3.2819935343877233,0.0,0.0,0.0,3.2819935343877233,0,0,0,VALID,[],"{'cash': 228528.5658840546, 'inventory': 0, 'average_cost': 0.0, 'gross_realized_pnl': -52.17240945672543, 'unrealized_pnl': 0.0, 'total_fees': 22.855142102615712, 'realized_pnl': -75.02755155934115, 'equity': 228528.5658840546, 'total_pnl': -75.02755155934115}",30.0,10.5,0.0,10.5,True,0,0.0,[],0,diagnostic,-3.2819935343880617
twap,TWAP,44010,twap,2.1021845860402313,2.1021845860402313,1.0,29.0,20,99.98740529352845,99.99842806841048,25.198063380283315,48.055184230383894,22.85712085010058,0.9998897705184465,1.1022948155217847,2.1021845860402313,0.0,0.0,0.0,2.1021845860402313,0,0,0,VALID,[],"{'cash': 228548.35138015603, 'inventory': 0, 'average_cost': 0.0, 'gross_realized_pnl': -25.198063380295423, 'unrealized_pnl': 0.0, 'total_fees': 22.85712085010058, 'realized_pnl': -48.055184230396, 'equity': 228548.35138015603, 'total_pnl': -48.055184230396}",30.0,29.0,0.0,29.0,True,0,0.0,[],0,diagnostic,
random,Random,44010,random,1.7334522821523173,1.7334522821523173,1.0,22.0,38,99.98704222271513,99.99842806841048,26.028043259552245,39.62609626508545,13.598053005533208,0.5948498145662314,1.138602467586086,1.7334522821523173,0.0,0.0,0.0,1.7334522821523173,0,0,0,VALID,[],"{'cash': 228556.7804681213, 'inventory': 0, 'average_cost': 0.0, 'gross_realized_pnl': -26.028043259574446, 'unrealized_pnl': 0.0, 'total_fees': 13.598053005533208, 'realized_pnl': -39.626096265107655, 'equity': 228556.7804681213, 'total_pnl': -39.626096265107655}",30.0,22.0,0.0,22.0,True,0,0.0,[],0,diagnostic,-1.7334522821525404
all_wait,all_wait capacity control,44010,fixed_action_zero,0.0,1.2707674921908927,0.0,30.0,0,99.99842806841048,99.99842806841048,0.0,0.0,0.0,0.0,0.2707945716480577,1.2707674921908927,6.190266599588825,22.859021629778674,0.0,1.2707674921908927,0,2286,0,VALID,[],"{'cash': 0.0, 'inventory': 2286, 'average_cost': 99.99842806841048, 'gross_realized_pnl': 0.0, 'unrealized_pnl': 21.56061368207301, 'total_fees': 0.0, 'realized_pnl': 0.0, 'equity': 228617.96717806841, 'total_pnl': 21.56061368207301}",30.0,30.0,0.0,30.0,True,0,0.0,[],0,diagnostic,-1.270767492190893
all_market,all_market capacity control,44010,fixed_action_four,3.1499131401306792,3.1499131401306792,1.0,10.5,21,99.97692712486645,99.99842806841048,49.15115694163709,72.00588248238157,22.854725540744475,0.9997849871847055,2.1501281529459737,3.1499131401306792,0.0,0.0,0.0,3.1499131401306792,0,0,0,VALID,[],"{'cash': 228524.400681904, 'inventory': 0, 'average_cost': 0.0, 'gross_realized_pnl': -49.151156941664226, 'unrealized_pnl': 0.0, 'total_fees': 22.854725540744475, 'realized_pnl': -72.00588248240871, 'equity': 228524.400681904, 'total_pnl': -72.00588248240871}",30.0,10.5,0.0,10.5,True,0,0.0,[],0,diagnostic,-3.1499131401312397
twap,TWAP,44011,twap,1.2280875740929196,1.2280875740929196,1.0,29.0,20,100.01815354066657,100.020435110664,5.21566901408087,28.07981891347725,22.86414989939638,0.9999771889614868,0.22811038513143275,1.2280875740929196,0.0,0.0,0.0,1.2280875740929196,0,0,0,VALID,[],"{'cash': 228618.6348440645, 'inventory': 0, 'average_cost': 0.0, 'gross_realized_pnl': -5.215669014094786, 'unrealized_pnl': 0.0, 'total_fees': 22.86414989939638, 'realized_pnl': -28.079818913491167, 'equity': 228618.6348440645, 'total_pnl': -28.079818913491167}",30.0,29.0,0.0,29.0,True,0,0.0,[],0,diagnostic,
random,Random,44011,random,2.0292470513433587,2.0292470513433587,1.0,24.5,38,100.00684058418754,100.020435110664,31.07708752515283,46.398067152919424,15.320979627766595,0.670072152593555,1.3591748987498038,2.0292470513433587,0.0,0.0,0.0,2.0292470513433587,0,0,0,VALID,[],"{'cash': 228600.316595825, 'inventory': 0, 'average_cost': 0.0, 'gross_realized_pnl': -31.07708752516345, 'unrealized_pnl': 0.0, 'total_fees': 15.320979627766595, 'realized_pnl': -46.39806715293005, 'equity': 228600.316595825, 'total_pnl': -46.39806715293005}",30.0,24.5,0.0,24.5,True,0,0.0,[],0,diagnostic,-2.029247051343275
all_wait,all_wait capacity control,44011,fixed_action_zero,0.0,1.9368226219836961,0.0,30.0,0,100.020435110664,100.020435110664,0.0,0.0,0.0,0.0,0.9369163136150576,1.9368226219836961,21.42228370222312,22.862529237927568,0.0,1.9368226219836961,0,2286,0,VALID,[],"{'cash': 0.0, 'inventory': 2286, 'average_cost': 100.020435110664, 'gross_realized_pnl': 0.0, 'unrealized_pnl': 28.74748490944151, 'total_fees': 0.0, 'realized_pnl': 0.0, 'equity': 228675.46214788733, 'total_pnl': 28.74748490944151}",30.0,30.0,0.0,30.0,True,0,0.0,[],0,diagnostic,-1.9368226219836964
all_market,all_market capacity control,44011,fixed_action_four,2.418157520657228,2.418157520657228,1.0,10.5,21,100.00624921884764,100.020435110664,32.42894869215617,55.29037726358473,22.86142857142856,0.9998581700649402,1.4182993505922878,2.418157520657228,0.0,0.0,0.0,2.418157520657228,0,0,0,VALID,[],"{'cash': 228591.42428571443, 'inventory': 0, 'average_cost': 0.0, 'gross_realized_pnl': -32.42894869216518, 'unrealized_pnl': 0.0, 'total_fees': 22.86142857142856, 'realized_pnl': -55.29037726359374, 'equity': 228591.42428571443, 'total_pnl': -55.29037726359374}",30.0,10.5,0.0,10.5,True,0,0.0,[],0,diagnostic,-2.418157520657087
twap,TWAP,44012,twap,2.048790079846796,2.048790079846796,1.0,29.0,20,99.9785086833336,99.98899647887325,23.975100603621183,46.830187688631256,22.855087085010073,0.9998951105030661,1.0488949693437304,2.048790079846796,0.0,0.0,0.0,2.048790079846796,0,0,0,VALID,[],"{'cash': 228528.01576301592, 'inventory': 0, 'average_cost': 0.0, 'gross_realized_pnl': -23.975100603625236, 'unrealized_pnl': 0.0, 'total_fees': 22.855087085010073, 'realized_pnl': -46.830187688635306, 'equity': 228528.01576301592, 'total_pnl': -46.830187688635306}",30.0,29.0,0.0,29.0,True,0,0.0,[],0,diagnostic,
random,Random,44012,random,1.4857349937818016,1.5260547037104044,0.962817147856518,30.0,48,99.98124966290246,99.98899647887325,17.05074195171749,32.69742894869939,15.6466869969819,0.6845323216517164,0.80434536857131,1.5260547037104044,1.3345699195174687,0.8497730130784709,0.0,1.5260547037104044,0,85,0,VALID,[],"{'cash': 220043.08382105164, 'inventory': 85, 'average_cost': 99.98899647887325, 'gross_realized_pnl': -17.050741951711657, 'unrealized_pnl': -1.0689134808859535, 'total_fees': 15.6466869969819, 'realized_pnl': -32.697428948693556, 'equity': 228541.07960827497, 'total_pnl': -33.76634242957951}",30.0,30.0,0.00999999999999801,30.009999999999998,True,0,0.0,[],0,diagnostic,-1.526054703710088
all_wait,all_wait capacity control,44012,fixed_action_zero,0.0,2.117279125186824,0.0,30.0,0,99.98899647887325,99.98899647887325,0.0,0.0,0.0,0.0,1.117390864273251,2.117279125186824,25.540744466798266,22.854930520623743,0.0,2.117279125186824,0,2286,0,VALID,[],"{'cash': 0.0, 'inventory': 2286, 'average_cost': 99.98899647887325, 'gross_realized_pnl': 0.0, 'unrealized_pnl': 7.186871227368499, 'total_fees': 0.0, 'realized_pnl': 0.0, 'equity': 228582.0328219316, 'total_pnl': 7.186871227368499}",30.0,30.0,0.0,30.0,True,0,0.0,[],0,diagnostic,-2.1172791251868235
all_market,all_market capacity control,44012,fixed_action_four,2.0926615767611887,2.0926615767611887,1.0,10.5,21,99.9780699727675,99.98899647887325,24.977992957739986,47.83297975351465,22.85498679577466,0.9998907229146158,1.0927708538465726,2.0926615767611887,0.0,0.0,0.0,2.0926615767611887,0,0,0,VALID,[],"{'cash': 228527.01297095086, 'inventory': 0, 'average_cost': 0.0, 'gross_realized_pnl': -24.977992957745045, 'unrealized_pnl': 0.0, 'total_fees': 22.85498679577466, 'realized_pnl': -47.83297975351971, 'equity': 228527.01297095086, 'total_pnl': -47.83297975351971}",30.0,10.5,0.0,10.5,True,0,0.0,[],0,diagnostic,-2.0926615767614725
twap,TWAP,44013,twap,2.356308461081118,2.356308461081118,1.0,29.0,20,100.02572851809018,100.03929828973844,31.020497987931137,53.88637952716654,22.865881539235406,0.9998643555894504,1.3564441054916676,2.356308461081118,0.0,0.0,0.0,2.356308461081118,0,0,0,VALID,[],"{'cash': 228635.94951081497, 'inventory': 0, 'average_cost': 0.0, 'gross_realized_pnl': -31.02049798793324, 'unrealized_pnl': 0.0, 'total_fees': 22.865881539235406, 'realized_pnl': -53.88637952716864, 'equity': 228635.94951081497, 'total_pnl': -53.88637952716864}",30.0,29.0,0.0,29.0,True,0,0.0,[],0,diagnostic,
random,Random,44013,random,2.37418781585983,2.37418781585983,1.0,21.0,38,100.0235803491113,100.03929828973844,35.931212273636135,54.29526219818342,18.364049924547285,0.803011198685408,1.5711766171744217,2.37418781585983,0.0,0.0,0.0,2.37418781585983,0,0,0,VALID,[],"{'cash': 228635.54062814414, 'inventory': 0, 'average_cost': 0.0, 'gross_realized_pnl': -35.931212273643936, 'unrealized_pnl': 0.0, 'total_fees': 18.364049924547285, 'realized_pnl': -54.295262198191224, 'equity': 228635.54062814414, 'total_pnl': -54.295262198191224}",30.0,21.0,0.0,21.0,True,0,0.0,[],0,diagnostic,-2.3741878158600804
all_wait,all_wait capacity control,44013,fixed_action_zero,0.0,2.2397431854145498,0.0,30.0,0,100.03929828973844,100.03929828973844,0.0,0.0,0.0,0.0,1.2398671721317631,2.2397431854145498,28.354502012063538,22.866148138833,0.0,2.2397431854145498,0,2286,0,VALID,[],"{'cash': 0.0, 'inventory': 2286, 'average_cost': 100.03929828973844, 'gross_realized_pnl': 0.0, 'unrealized_pnl': -7.186871227368499, 'total_fees': 0.0, 'realized_pnl': 0.0, 'equity': 228682.6490191147, 'total_pnl': -7.186871227368499}",30.0,30.0,0.0,30.0,True,0,0.0,[],0,diagnostic,-2.2397431854145498
all_market,all_market capacity control,44013,fixed_action_four,2.9642898458337728,2.9642898458337728,1.0,10.5,21,100.01964570669864,100.03929828973844,44.925804828961994,67.7902958375133,22.86449100855131,0.9998035513705535,1.9644862944632198,2.9642898458337728,0.0,0.0,0.0,2.9642898458337728,0,0,0,VALID,[],"{'cash': 228622.04559450466, 'inventory': 0, 'average_cost': 0.0, 'gross_realized_pnl': -44.92580482898093, 'unrealized_pnl': 0.0, 'total_fees': 22.86449100855131, 'realized_pnl': -67.79029583753224, 'equity': 228622.04559450466, 'total_pnl': -67.79029583753224}",30.0,10.5,0.0,10.5,True,0,0.0,[],0,diagnostic,-2.964289845834292
twap,TWAP,44014,twap,3.086459343947005,3.086459343947005,1.0,29.0,20,99.98699133779053,100.00785965794769,47.70497987927298,70.5620060990919,22.857026219818916,0.9997913331989253,2.0866680107480797,3.086459343947005,0.0,0.0,0.0,3.086459343947005,0,0,0,VALID,[],"{'cash': 228547.4051719694, 'inventory': 0, 'average_cost': 0.0, 'gross_realized_pnl': -47.70497987927463, 'unrealized_pnl': 0.0, 'total_fees': 22.857026219818916, 'realized_pnl': -70.56200609909355, 'equity': 228547.4051719694, 'total_pnl': -70.56200609909355}",30.0,29.0,0.0,29.0,True,0,0.0,[],0,diagnostic,
random,Random,44014,random,2.905481832531934,2.905481832531934,1.0,23.0,41,99.98574809530852,100.00785965794769,50.5470321931491,66.42453502262597,15.87750282947687,0.6944993442755105,2.2109824882564233,2.905481832531934,0.0,0.0,0.0,2.905481832531934,0,0,0,VALID,[],"{'cash': 228551.54264304577, 'inventory': 0, 'average_cost': 0.0, 'gross_realized_pnl': -50.54703219315674, 'unrealized_pnl': 0.0, 'total_fees': 15.87750282947687, 'realized_pnl': -66.4245350226336, 'equity': 228551.54264304577, 'total_pnl': -66.4245350226336}",30.0,23.0,0.0,23.0,True,0,0.0,[],0,diagnostic,-2.905481832532365
all_wait,all_wait capacity control,44014,fixed_action_zero,0.0,1.993178848116988,0.0,30.0,0,100.00785965794769,100.00785965794769,0.0,0.0,0.0,0.0,0.9932781759345816,1.993178848116988,22.708123742450383,22.859525905432598,0.0,1.993178848116988,0,2286,0,VALID,[],"{'cash': 0.0, 'inventory': 2286, 'average_cost': 100.00785965794769, 'gross_realized_pnl': 0.0, 'unrealized_pnl': 14.373742454736998, 'total_fees': 0.0, 'realized_pnl': 0.0, 'equity': 228632.34092052316, 'total_pnl': 14.373742454736998}",30.0,30.0,0.0,30.0,True,0,0.0,[],0,diagnostic,-1.993178848116988
all_market,all_market capacity control,44014,fixed_action_four,3.069271561028902,3.069271561028902,1.0,10.5,21,99.98716324631957,100.00785965794769,47.31199698187978,70.16906249998843,22.857065518108648,0.9997930521491117,2.06947850887979,3.069271561028902,0.0,0.0,0.0,3.069271561028902,0,0,0,VALID,[],"{'cash': 228547.7981155686, 'inventory': 0, 'average_cost': 0.0, 'gross_realized_pnl': -47.311996981889706, 'unrealized_pnl': 0.0, 'total_fees': 22.857065518108648, 'realized_pnl': -70.16906249999835, 'equity': 228547.7981155686, 'total_pnl': -70.16906249999835}",30.0,10.5,0.0,10.5,True,0,0.0,[],0,diagnostic,-3.0692715610294083
twap,TWAP,44015,twap,3.19288683502118,3.19288683502118,1.0,29.0,20,99.97335417799889,99.9952842052314,50.13204225351463,72.98595101860516,22.853908765090527,0.9997806893854355,2.1931061456357446,3.19288683502118,0.0,0.0,0.0,3.19288683502118,0,0,0,VALID,[],"{'cash': 228516.23374214058, 'inventory': 0, 'average_cost': 0.0, 'gross_realized_pnl': -50.132042253529846, 'unrealized_pnl': 0.0, 'total_fees': 22.853908765090527, 'realized_pnl': -72.98595101862037, 'equity': 228516.23374214058, 'total_pnl': -72.98595101862037}",30.0,29.0,0.0,29.0,True,0,0.0,[],0,diagnostic,
random,Random,44015,random,2.5886585577299233,2.5886585577299233,1.0,23.0,38,99.97673733785038,99.9952842052314,42.398138832989986,59.17394397635015,16.775805143360166,0.7338843522839243,1.854774205445999,2.5886585577299233,0.0,0.0,0.0,2.5886585577299233,0,0,0,VALID,[],"{'cash': 228530.04574918267, 'inventory': 0, 'average_cost': 0.0, 'gross_realized_pnl': -42.398138833004154, 'unrealized_pnl': 0.0, 'total_fees': 16.775805143360166, 'realized_pnl': -59.17394397636432, 'equity': 228530.04574918267, 'total_pnl': -59.17394397636432}",30.0,23.0,0.0,23.0,True,0,0.0,[],0,diagnostic,-2.588658557730273
all_wait,all_wait capacity control,44015,fixed_action_zero,0.0,3.6835566097210384,0.0,30.0,0,99.9952842052314,99.9952842052314,0.0,0.0,0.0,0.0,2.68382499222026,3.6835566097210384,61.34934607646278,22.85278703470825,0.0,3.6835566097210384,0,2286,0,VALID,[],"{'cash': 0.0, 'inventory': 2286, 'average_cost': 99.9952842052314, 'gross_realized_pnl': 0.0, 'unrealized_pnl': -25.154049295789747, 'total_fees': 0.0, 'realized_pnl': 0.0, 'equity': 228564.0656438632, 'total_pnl': -25.154049295789747}",30.0,30.0,0.0,30.0,True,0,0.0,[],0,diagnostic,-3.6835566097210393
all_market,all_market capacity control,44015,fixed_action_four,2.8306603253354514,2.8306603253354514,1.0,10.5,21,99.97697663452281,99.9952842052314,41.851106639829524,64.70584349848144,22.854736858651922,0.9998169156590326,1.830843409676419,2.8306603253354514,0.0,0.0,0.0,2.8306603253354514,0,0,0,VALID,[],"{'cash': 228524.51384966055, 'inventory': 0, 'average_cost': 0.0, 'gross_realized_pnl': -41.851106639845895, 'unrealized_pnl': 0.0, 'total_fees': 22.854736858651922, 'realized_pnl': -64.70584349849781, 'equity': 228524.51384966055, 'total_pnl': -64.70584349849781}",30.0,10.5,0.0,10.5,True,0,0.0,[],0,diagnostic,-2.830660325335867
twap,TWAP,44000,twap,6.058980934437207,6.058980934437207,1.0,57.5,20,99.9415494498047,99.99214034205232,289.12694919518253,346.2435447057458,57.11659551056331,0.9994940513116862,5.05948688312552,6.058980934437207,0.0,0.0,0.0,6.058980934437207,0,0,0,VALID,[],"{'cash': 571108.8385101223, 'inventory': 0, 'average_cost': 0.0, 'gross_realized_pnl': -289.1269491951927, 'unrealized_pnl': 0.0, 'total_fees': 57.11659551056331, 'realized_pnl': -346.243544705756, 'equity': 571108.8385101223, 'total_pnl': -346.243544705756}",60.0,57.5,0.0,57.5,True,0,0.0,[],1,diagnostic,
random,Random,44000,random,4.040026147004013,4.040026147004013,1.0,46.0,77,99.95887397878083,99.99214034205232,190.11726609655872,230.86934733398328,40.752081237424555,0.7131283370669987,3.326897809937014,4.040026147004013,0.0,0.0,0.0,4.040026147004013,0,0,0,VALID,[],"{'cash': 571224.212707496, 'inventory': 0, 'average_cost': 0.0, 'gross_realized_pnl': -190.11726609659027, 'unrealized_pnl': 0.0, 'total_fees': 40.752081237424555, 'realized_pnl': -230.86934733401483, 'equity': 571224.212707496, 'total_pnl': -230.86934733401483}",60.0,46.0,0.0,46.0,True,0,0.0,[],1,diagnostic,-4.040026147004376
all_wait,all_wait capacity control,44000,fixed_action_zero,0.0,,0.0,60.0,0,99.99214034205232,99.99214034205232,0.0,0.0,0.0,0.0,,,26.542064889330355,32.34480319416499,0.0,1.0304723841417402,2480,3235,0,INVALID,['insufficient_terminal_depth'],"{'cash': 0.0, 'inventory': 5715, 'average_cost': 99.99214034205232, 'gross_realized_pnl': 0.0, 'unrealized_pnl': 71.86871227360378, 'total_fees': 0.0, 'realized_pnl': 0.0, 'equity': 571526.9507671027, 'total_pnl': 71.86871227360378}",60.0,60.0,0.0,60.0,True,0,0.0,[],1,diagnostic,-1.0304723841417402
all_market,all_market capacity control,44000,fixed_action_four,14.813971138800472,14.813971138800472,1.0,22.5,45,99.85399767370629,99.99214034205232,789.4853495975862,846.5519092681093,57.06655967052314,0.9986184647325932,13.81535267406788,14.813971138800472,0.0,0.0,0.0,14.813971138800472,0,0,0,VALID,[],"{'cash': 570608.5301455606, 'inventory': 0, 'average_cost': 0.0, 'gross_realized_pnl': -789.4853495976022, 'unrealized_pnl': 0.0, 'total_fees': 57.06655967052314, 'realized_pnl': -846.5519092681253, 'equity': 570608.5301455606, 'total_pnl': -846.5519092681253}",60.0,22.5,0.0,22.5,True,0,0.0,[],1,diagnostic,-14.813971138800463
twap,TWAP,44001,twap,4.454780945856942,4.454780945856942,1.0,57.5,20,99.99373372782628,100.02829476861167,197.51634808853044,254.66276691398318,57.146418825452734,0.9996544873541501,3.4551264585027917,4.454780945856942,0.0,0.0,0.0,4.454780945856942,0,0,0,VALID,[],"{'cash': 571407.0418357024, 'inventory': 0, 'average_cost': 0.0, 'gross_realized_pnl': -197.51634808850628, 'unrealized_pnl': 0.0, 'total_fees': 57.146418825452734, 'realized_pnl': -254.66276691395902, 'equity': 571407.0418357024, 'total_pnl': -254.66276691395902}",60.0,57.5,0.0,57.5,True,0,0.0,[],1,diagnostic,
random,Random,44001,random,5.060974936199721,5.060974936199721,1.0,41.5,68,99.98499582358544,100.02829476861167,247.453470824967,289.31655589790466,41.86308507293763,0.7323052206556024,4.328669715544118,5.060974936199721,0.0,0.0,0.0,5.060974936199721,0,0,0,VALID,[],"{'cash': 571372.3880467184, 'inventory': 0, 'average_cost': 0.0, 'gross_realized_pnl': -247.45347082492933, 'unrealized_pnl': 0.0, 'total_fees': 41.86308507293763, 'realized_pnl': -289.316555897867, 'equity': 571372.3880467184, 'total_pnl': -289.316555897867}",60.0,41.5,0.0,41.5,True,0,0.0,[],1,diagnostic,-5.060974936199417
all_wait,all_wait capacity control,44001,fixed_action_zero,0.0,,0.0,60.0,0,100.02829476861167,100.02829476861167,0.0,0.0,0.0,0.0,,,44.108400402420095,33.625101861167,0.0,1.3597815217939548,2353,3362,0,INVALID,['insufficient_terminal_depth'],"{'cash': 0.0, 'inventory': 5715, 'average_cost': 100.02829476861167, 'gross_realized_pnl': 0.0, 'unrealized_pnl': 26.950767102631872, 'total_fees': 0.0, 'realized_pnl': 0.0, 'equity': 571688.6553697183, 'total_pnl': 26.950767102631872}",60.0,60.0,0.0,60.0,True,0,0.0,[],1,diagnostic,-1.3597815217939548
all_market,all_market capacity control,44001,fixed_action_four,5.53246847931269,5.53246847931269,1.0,21.0,42,99.98295272509951,100.02829476861167,259.12977867201903,316.27003615441333,57.14025748239433,0.9995467078228505,4.53292177148984,5.53246847931269,0.0,0.0,0.0,5.53246847931269,0,0,0,VALID,[],"{'cash': 571345.4345664615, 'inventory': 0, 'average_cost': 0.0, 'gross_realized_pnl': -259.12977867200834, 'unrealized_pnl': 0.0, 'total_fees': 57.14025748239433, 'realized_pnl': -316.27003615440265, 'equity': 571345.4345664615, 'total_pnl': -316.27003615440265}",60.0,21.0,0.0,21.0,True,0,0.0,[],1,diagnostic,-5.5324684793129215
twap,TWAP,44002,twap,5.4185886387838,5.4185886387838,1.0,57.5,20,99.94481103594445,99.98899647887325,252.51980633801858,309.6382658450608,57.118459507042196,0.9995580969458151,4.419030541837984,5.4185886387838,0.0,0.0,0.0,5.4185886387838,0,0,0,VALID,[],"{'cash': 571127.4766109153, 'inventory': 0, 'average_cost': 0.0, 'gross_realized_pnl': -252.51980633803274, 'unrealized_pnl': 0.0, 'total_fees': 57.118459507042196, 'realized_pnl': -309.63826584507495, 'equity': 571127.4766109153, 'total_pnl': -309.63826584507495}",60.0,57.5,0.0,57.5,True,0,0.0,[],1,diagnostic,
random,Random,44002,random,4.940932361445162,4.940932361445162,1.0,56.0,88,99.94621711018517,99.98899647887325,244.48409205230283,282.3432133425443,37.85912129024146,0.6625247171494342,4.2784076442957275,4.940932361445162,0.0,0.0,0.0,4.940932361445162,0,0,0,VALID,[],"{'cash': 571154.7716634175, 'inventory': 0, 'average_cost': 0.0, 'gross_realized_pnl': -244.48409205231997, 'unrealized_pnl': 0.0, 'total_fees': 37.85912129024146, 'realized_pnl': -282.3432133425614, 'equity': 571154.7716634175, 'total_pnl': -282.3432133425614}",60.0,56.0,0.0,56.0,True,0,0.0,[],1,diagnostic,-4.9409323614453555
all_wait,all_wait capacity control,44002,fixed_action_zero,0.0,,0.0,60.0,0,99.98899647887325,99.98899647887325,0.0,0.0,0.0,0.0,,,113.60663983901917,36.02467366700201,0.0,2.6185088369398533,2111,3604,0,INVALID,['insufficient_terminal_depth'],"{'cash': 0.0, 'inventory': 5715, 'average_cost': 99.98899647887325, 'gross_realized_pnl': 0.0, 'unrealized_pnl': -35.934356136842496, 'total_fees': 0.0, 'realized_pnl': 0.0, 'equity': 571401.1805206238, 'total_pnl': -35.934356136842496}",60.0,60.0,0.0,60.0,True,0,0.0,[],1,diagnostic,-2.6185088369398533
all_market,all_market capacity control,44002,fixed_action_four,7.532837216740556,7.532837216740556,1.0,21.0,42,99.92366876235542,99.98899647887325,373.347899899365,430.4542765970511,57.10637669768608,0.9993466509434195,6.533490565797137,7.532837216740556,0.0,0.0,0.0,7.532837216740556,0,0,0,VALID,[],"{'cash': 571006.6606001627, 'inventory': 0, 'average_cost': 0.0, 'gross_realized_pnl': -373.3478998994031, 'unrealized_pnl': 0.0, 'total_fees': 57.10637669768608, 'realized_pnl': -430.4542765970892, 'equity': 571006.6606001627, 'total_pnl': -430.4542765970892}",60.0,21.0,0.0,21.0,True,0,0.0,[],1,diagnostic,-7.532837216741106
twap,TWAP,44003,twap,2.9034631781175815,2.9034631781175815,1.0,57.5,20,99.97624856752061,99.9952842052314,108.78866951709136,165.92509557342936,57.136426056338,0.9998096346456522,1.9036535434719293,2.9034631781175815,0.0,0.0,0.0,2.9034631781175815,0,0,0,VALID,[],"{'cash': 571307.1241373245, 'inventory': 0, 'average_cost': 0.0, 'gross_realized_pnl': -108.78866951711883, 'unrealized_pnl': 0.0, 'total_fees': 57.136426056338, 'realized_pnl': -165.92509557345684, 'equity': 571307.1241373245, 'total_pnl': -165.92509557345684}",60.0,57.5,0.0,57.5,True,0,0.0,[],1,diagnostic,
random,Random,44003,random,2.2938057459464236,2.2938057459464236,1.0,57.0,89,99.9792048441128,99.9952842052314,91.89354879276057,131.08481639839437,39.191267605633804,0.685793803544038,1.6080119424023858,2.2938057459464236,0.0,0.0,0.0,2.2938057459464236,0,0,0,VALID,[],"{'cash': 571341.9644164995, 'inventory': 0, 'average_cost': 0.0, 'gross_realized_pnl': -91.89354879277633, 'unrealized_pnl': 0.0, 'total_fees': 39.191267605633804, 'realized_pnl': -131.08481639841014, 'equity': 571341.9644164995, 'total_pnl': -131.08481639841014}",60.0,57.0,0.0,57.0,True,0,0.0,[],1,diagnostic,-2.2938057459463543
all_wait,all_wait capacity control,44003,fixed_action_zero,0.0,,0.0,60.0,0,99.9952842052314,99.9952842052314,0.0,0.0,0.0,0.0,,,65.11412223340493,34.80184701961771,0.0,1.748393373705765,2234,3481,0,INVALID,['insufficient_terminal_depth'],"{'cash': 0.0, 'inventory': 5715, 'average_cost': 99.9952842052314, 'gross_realized_pnl': 0.0, 'unrealized_pnl': 26.950767102550657, 'total_fees': 0.0, 'realized_pnl': 0.0, 'equity': 571500.0, 'total_pnl': 26.950767102550657}",60.0,60.0,0.0,60.0,True,0,0.0,[],1,diagnostic,-1.748393373705765
all_market,all_market capacity control,44003,fixed_action_four,9.471177126549389,9.471177126549389,1.0,21.5,43,99.91056795717438,99.9952842052314,484.15335764588,541.2522472334051,57.098889587525115,0.9991527975671011,8.472024328982288,9.471177126549389,0.0,0.0,0.0,9.471177126549389,0,0,0,VALID,[],"{'cash': 570931.7969856642, 'inventory': 0, 'average_cost': 0.0, 'gross_realized_pnl': -484.1533576459032, 'unrealized_pnl': 0.0, 'total_fees': 57.098889587525115, 'realized_pnl': -541.2522472334283, 'equity': 570931.7969856642, 'total_pnl': -541.2522472334283}",60.0,21.5,0.0,21.5,True,0,0.0,[],1,diagnostic,-9.471177126549307
twap,TWAP,44004,twap,5.096494929929411,5.096494929929411,1.0,57.5,20,99.96688739171688,100.00785965794769,234.15650150908237,291.2875776534485,57.131076144366155,0.9995903095379601,4.096904620391451,5.096494929929411,0.0,0.0,0.0,5.096494929929411,0,0,0,VALID,[],"{'cash': 571253.6303675182, 'inventory': 0, 'average_cost': 0.0, 'gross_realized_pnl': -234.1565015090449, 'unrealized_pnl': 0.0, 'total_fees': 57.131076144366155, 'realized_pnl': -291.28757765341106, 'equity': 571253.6303675182, 'total_pnl': -291.28757765341106}",60.0,57.5,0.0,57.5,True,0,0.0,[],1,diagnostic,
random,Random,44004,random,3.6107155559198167,3.6107155559198167,1.0,48.0,76,99.97916358606584,100.00785965794769,163.99805080480436,206.36861261315443,42.370561808350054,0.7413338913183148,2.8693816646015016,3.6107155559198167,0.0,0.0,0.0,3.6107155559198167,0,0,0,VALID,[],"{'cash': 571338.549332558, 'inventory': 0, 'average_cost': 0.0, 'gross_realized_pnl': -163.99805080482002, 'unrealized_pnl': 0.0, 'total_fees': 42.370561808350054, 'realized_pnl': -206.3686126131701, 'equity': 571338.549332558, 'total_pnl': -206.3686126131701}",60.0,48.0,0.0,48.0,True,0,0.0,[],1,diagnostic,-3.610715555920249
all_wait,all_wait capacity control,44004,fixed_action_zero,0.0,,0.0,60.0,0,100.00785965794769,100.00785965794769,0.0,0.0,0.0,0.0,,,98.33375251509165,23.47201207243461,0.0,2.1311669610403436,3367,2348,0,INVALID,['insufficient_terminal_depth'],"{'cash': 0.0, 'inventory': 5715, 'average_cost': 100.00785965794769, 'gross_realized_pnl': 0.0, 'unrealized_pnl': -125.77024647886752, 'total_fees': 0.0, 'realized_pnl': 0.0, 'equity': 571419.1476986922, 'total_pnl': -125.77024647886752}",60.0,60.0,0.0,60.0,True,0,0.0,[],1,diagnostic,-2.1311669610403436
all_market,all_market capacity control,44004,fixed_action_four,7.48490924417403,7.48490924417403,1.0,21.0,42,99.94299898252156,100.00785965794769,370.6787600603388,427.79618397884985,57.117423918511086,0.9993514442200049,6.485557799954027,7.48490924417403,0.0,0.0,0.0,7.48490924417403,0,0,0,VALID,[],"{'cash': 571117.1217611923, 'inventory': 0, 'average_cost': 0.0, 'gross_realized_pnl': -370.6787600603476, 'unrealized_pnl': 0.0, 'total_fees': 57.117423918511086, 'realized_pnl': -427.79618397885866, 'equity': 571117.1217611923, 'total_pnl': -427.79618397885866}",60.0,21.0,0.0,21.0,True,0,0.0,[],1,diagnostic,-7.48490924417444
twap,TWAP,44005,twap,4.772278265154418,4.772278265154418,1.0,57.5,20,99.94498872060007,99.9827087525151,215.56998239439196,272.68854344821494,57.118561053823,0.9996227344469303,3.7726555307074885,4.772278265154418,0.0,0.0,0.0,4.772278265154418,0,0,0,VALID,[],"{'cash': 571128.491977175, 'inventory': 0, 'average_cost': 0.0, 'gross_realized_pnl': -215.5699823943493, 'unrealized_pnl': 0.0, 'total_fees': 57.118561053823, 'realized_pnl': -272.6885434481723, 'equity': 571128.491977175, 'total_pnl': -272.6885434481723}",60.0,57.5,0.0,57.5,True,0,0.0,[],1,diagnostic,
random,Random,44005,random,4.603657011233504,4.603657011233504,1.0,53.0,85,99.94413330375957,99.9827087525151,220.4586896378557,263.0535050930871,42.5948154552314,0.7454450026935848,3.85821200853992,4.603657011233504,0.0,0.0,0.0,4.603657011233504,0,0,0,VALID,[],"{'cash': 571138.1270155304, 'inventory': 0, 'average_cost': 0.0, 'gross_realized_pnl': -220.45868963781038, 'unrealized_pnl': 0.0, 'total_fees': 42.5948154552314, 'realized_pnl': -263.0535050930418, 'equity': 571138.1270155304, 'total_pnl': -263.0535050930418}",60.0,53.0,0.0,53.0,True,0,0.0,[],1,diagnostic,-4.603657011233002
all_wait,all_wait capacity control,44005,fixed_action_zero,0.0,,0.0,60.0,0,99.9827087525151,99.9827087525151,0.0,0.0,0.0,0.0,,,56.514084507030795,34.04845919265594,0.0,1.5849204864640287,2309,3406,0,INVALID,['insufficient_terminal_depth'],"{'cash': 0.0, 'inventory': 5715, 'average_cost': 99.9827087525151, 'gross_realized_pnl': 0.0, 'unrealized_pnl': 17.967178068421248, 'total_fees': 0.0, 'realized_pnl': 0.0, 'equity': 571419.1476986922, 'total_pnl': 17.967178068421248}",60.0,60.0,0.0,60.0,True,0,0.0,[],1,diagnostic,-1.5849204864640285
all_market,all_market capacity control,44005,fixed_action_four,7.0582507813041175,7.0582507813041175,1.0,23.0,43,99.9221306623644,99.9827087525151,346.2037852112375,403.3092828847788,57.10549767354124,0.9993941143333026,6.058856666970813,7.0582507813041175,0.0,0.0,0.0,7.0582507813041175,0,0,0,VALID,[],"{'cash': 570997.8712377388, 'inventory': 0, 'average_cost': 0.0, 'gross_realized_pnl': -346.203785211251, 'unrealized_pnl': 0.0, 'total_fees': 57.10549767354124, 'realized_pnl': -403.3092828847922, 'equity': 570997.8712377388, 'total_pnl': -403.3092828847922}",60.0,23.0,0.0,23.0,True,0,0.0,[],1,diagnostic,-7.0582507813046425
twap,TWAP,44006,twap,4.412729112200761,4.412729112200761,1.0,57.5,20,99.98001185151152,100.01414738430584,195.08456991951158,252.22314669265046,57.138576773138865,0.9996586929580763,3.413070419242685,4.412729112200761,0.0,0.0,0.0,4.412729112200761,0,0,0,VALID,[],"{'cash': 571328.6291546163, 'inventory': 0, 'average_cost': 0.0, 'gross_realized_pnl': -195.08456991952687, 'unrealized_pnl': 0.0, 'total_fees': 57.138576773138865, 'realized_pnl': -252.22314669266575, 'equity': 571328.6291546163, 'total_pnl': -252.22314669266575}",60.0,57.5,0.0,57.5,True,0,0.0,[],1,diagnostic,
random,Random,44006,random,4.534303623834363,4.534303623834363,1.0,54.5,88,99.97527047675379,100.01414738430584,222.18152665993256,259.1721129904154,36.99058633048286,0.6471627973811716,3.887140826453192,4.534303623834363,0.0,0.0,0.0,4.534303623834363,0,0,0,VALID,[],"{'cash': 571321.6801883185, 'inventory': 0, 'average_cost': 0.0, 'gross_realized_pnl': -222.18152665997616, 'unrealized_pnl': 0.0, 'total_fees': 36.99058633048286, 'realized_pnl': -259.172112990459, 'equity': 571321.6801883185, 'total_pnl': -259.172112990459}",60.0,54.5,0.0,54.5,True,0,0.0,[],1,diagnostic,-4.53430362383484
all_wait,all_wait capacity control,44006,fixed_action_zero,0.0,,0.0,60.0,0,100.01414738430584,100.01414738430584,0.0,0.0,0.0,0.0,,,74.86009808851617,27.7064342303823,0.0,1.7944361135601985,2944,2771,0,INVALID,['insufficient_terminal_depth'],"{'cash': 0.0, 'inventory': 5715, 'average_cost': 100.01414738430584, 'gross_realized_pnl': 0.0, 'unrealized_pnl': -17.967178068421248, 'total_fees': 0.0, 'realized_pnl': 0.0, 'equity': 571562.8851232395, 'total_pnl': -17.967178068421248}",60.0,60.0,0.0,60.0,True,0,0.0,[],1,diagnostic,-1.7944361135601985
all_market,all_market capacity control,44006,fixed_action_four,4.372525978063633,4.372525978063633,1.0,20.5,41,99.98041397994265,100.01414738430584,192.78640593558495,249.9252125251221,57.138806589537154,0.9996627136735597,3.3728632643900736,4.372525978063633,0.0,0.0,0.0,4.372525978063633,0,0,0,VALID,[],"{'cash': 571330.9270887827, 'inventory': 0, 'average_cost': 0.0, 'gross_realized_pnl': -192.78640593562397, 'unrealized_pnl': 0.0, 'total_fees': 57.138806589537154, 'realized_pnl': -249.92521252516113, 'equity': 571330.9270887827, 'total_pnl': -249.92521252516113}",60.0,20.5,0.0,20.5,True,0,0.0,[],1,diagnostic,-4.372525978064138
twap,TWAP,44007,twap,3.402941515355608,3.402941515355608,1.0,57.5,20,99.98696905844517,100.01100352112677,137.35695422532865,194.49950704223002,57.14255281690137,0.9997596818166453,2.403181833538963,3.402941515355608,0.0,0.0,0.0,3.402941515355608,0,0,0,VALID,[],"{'cash': 571368.3856161963, 'inventory': 0, 'average_cost': 0.0, 'gross_realized_pnl': -137.35695422535088, 'unrealized_pnl': 0.0, 'total_fees': 57.14255281690137, 'realized_pnl': -194.49950704225225, 'equity': 571368.3856161963, 'total_pnl': -194.49950704225225}",60.0,57.5,0.0,57.5,True,0,0.0,[],1,diagnostic,
random,Random,44007,random,1.6783603556872333,1.6783603556872333,1.0,44.5,75,100.00112276898487,100.01100352112677,56.46849849094795,95.92884871730614,39.46035022635819,0.6903938526003103,0.9879665030869228,1.6783603556872333,0.0,0.0,0.0,1.6783603556872333,0,0,0,VALID,[],"{'cash': 571466.9562745218, 'inventory': 0, 'average_cost': 0.0, 'gross_realized_pnl': -56.468498490946175, 'unrealized_pnl': 0.0, 'total_fees': 39.46035022635819, 'realized_pnl': -95.92884871730436, 'equity': 571466.9562745218, 'total_pnl': -95.92884871730436}",60.0,44.5,0.0,44.5,True,0,0.0,[],1,diagnostic,-1.6783603556871927
all_wait,all_wait capacity control,44007,fixed_action_zero,0.0,,0.0,60.0,0,100.01100352112677,100.01100352112677,0.0,0.0,0.0,0.0,,,25.57061116701249,37.951618775150905,0.0,1.111377795786492,1920,3795,0,INVALID,['insufficient_terminal_depth'],"{'cash': 0.0, 'inventory': 5715, 'average_cost': 100.01100352112677, 'gross_realized_pnl': 0.0, 'unrealized_pnl': 89.83589034202502, 'total_fees': 0.0, 'realized_pnl': 0.0, 'equity': 571652.7210135815, 'total_pnl': 89.83589034202502}",60.0,60.0,0.0,60.0,True,0,0.0,[],1,diagnostic,-1.1113777957864923
all_market,all_market capacity control,44007,fixed_action_four,3.920593763385345,3.920593763385345,1.0,20.5,41,99.98179144860414,100.01100352112677,166.94699446679348,224.0865882796707,57.13959381287724,0.9997079114148024,2.920885851970543,3.920593763385345,0.0,0.0,0.0,3.920593763385345,0,0,0,VALID,[],"{'cash': 571338.7985349598, 'inventory': 0, 'average_cost': 0.0, 'gross_realized_pnl': -166.94699446679897, 'unrealized_pnl': 0.0, 'total_fees': 57.13959381287724, 'realized_pnl': -224.08658827967622, 'equity': 571338.7985349598, 'total_pnl': -224.08658827967622}",60.0,20.5,0.0,20.5,True,0,0.0,[],1,diagnostic,-3.9205937633854737
twap,TWAP,44008,twap,5.202900164887134,5.202900164887134,1.0,57.5,20,99.9532529824617,99.9952842052314,240.2084381287626,297.3317222082395,57.12328407947694,0.9995796679503076,4.2033204969368265,5.202900164887134,0.0,0.0,0.0,5.202900164887134,0,0,0,VALID,[],"{'cash': 571175.7175106894, 'inventory': 0, 'average_cost': 0.0, 'gross_realized_pnl': -240.20843812879522, 'unrealized_pnl': 0.0, 'total_fees': 57.12328407947694, 'realized_pnl': -297.33172220827214, 'equity': 571175.7175106894, 'total_pnl': -297.33172220827214}",60.0,57.5,0.0,57.5,True,0,0.0,[],1,diagnostic,
random,Random,44008,random,5.302262715879569,5.302262715879569,1.0,58.5,91,99.94950950233334,99.9952842052314,261.6024270623879,303.0100242077601,41.40759714537224,0.7245765517893572,4.577686164090212,5.302262715879569,0.0,0.0,0.0,5.302262715879569,0,0,0,VALID,[],"{'cash': 571170.0392086892, 'inventory': 0, 'average_cost': 0.0, 'gross_realized_pnl': -261.6024270623951, 'unrealized_pnl': 0.0, 'total_fees': 41.40759714537224, 'realized_pnl': -303.01002420776734, 'equity': 571170.0392086892, 'total_pnl': -303.01002420776734}",60.0,58.5,0.0,58.5,True,0,0.0,[],1,diagnostic,-5.302262715879331
all_wait,all_wait capacity control,44008,fixed_action_zero,0.0,,0.0,60.0,0,99.9952842052314,99.9952842052314,0.0,0.0,0.0,0.0,,,88.0438883299861,24.87002232142857,0.0,1.975839644633843,3227,2488,0,INVALID,['insufficient_terminal_depth'],"{'cash': 0.0, 'inventory': 5715, 'average_cost': 99.9952842052314, 'gross_realized_pnl': 0.0, 'unrealized_pnl': -125.77024647886752, 'total_fees': 0.0, 'realized_pnl': 0.0, 'equity': 571347.2789864186, 'total_pnl': -125.77024647886752}",60.0,60.0,0.0,60.0,True,0,0.0,[],1,diagnostic,-1.9758396446338429
all_market,all_market capacity control,44008,fixed_action_four,6.719740864140618,6.719740864140618,1.0,22.0,43,99.93808377385926,99.9952842052314,326.90046529177386,384.0150801685345,57.11461487676063,0.999427968710458,5.720312895430161,6.719740864140618,0.0,0.0,0.0,6.719740864140618,0,0,0,VALID,[],"{'cash': 571089.0341527294, 'inventory': 0, 'average_cost': 0.0, 'gross_realized_pnl': -326.90046529177664, 'unrealized_pnl': 0.0, 'total_fees': 57.11461487676063, 'realized_pnl': -384.0150801685373, 'equity': 571089.0341527294, 'total_pnl': -384.0150801685373}",60.0,22.0,0.0,22.0,True,0,0.0,[],1,diagnostic,-6.719740864140211
twap,TWAP,44009,twap,6.398320757871872,6.398320757871872,1.0,57.5,20,99.94758247648622,100.00157193158954,308.5497359154853,365.66977930079725,57.120043385311945,0.9994601139356077,5.398860643936264,6.398320757871872,0.0,0.0,0.0,6.398320757871872,0,0,0,VALID,[],"{'cash': 571143.3138097335, 'inventory': 0, 'average_cost': 0.0, 'gross_realized_pnl': -308.5497359154516, 'unrealized_pnl': 0.0, 'total_fees': 57.120043385311945, 'realized_pnl': -365.66977930076354, 'equity': 571143.3138097335, 'total_pnl': -365.66977930076354}",60.0,57.5,0.0,57.5,True,0,0.0,[],1,diagnostic,
random,Random,44009,random,6.10769124959896,6.10769124959896,1.0,49.5,78,99.94823435362834,100.00157193158954,304.8242580483034,349.060041813394,44.235783765090574,0.7740172951839379,5.333673954415022,6.10769124959896,0.0,0.0,0.0,6.10769124959896,0,0,0,VALID,[],"{'cash': 571159.9235472212, 'inventory': 0, 'average_cost': 0.0, 'gross_realized_pnl': -304.82425804825, 'unrealized_pnl': 0.0, 'total_fees': 44.235783765090574, 'realized_pnl': -349.06004181334055, 'equity': 571159.9235472212, 'total_pnl': -349.06004181334055}",60.0,49.5,0.0,49.5,True,0,0.0,[],1,diagnostic,-6.1076912495987195
all_wait,all_wait capacity control,44009,fixed_action_zero,0.0,,0.0,60.0,0,100.00157193158954,100.00157193158954,0.0,0.0,0.0,0.0,,,115.76647384305262,21.28875817404427,0.0,2.3981290925017515,3585,2130,0,INVALID,['insufficient_terminal_depth'],"{'cash': 0.0, 'inventory': 5715, 'average_cost': 100.00157193158954, 'gross_realized_pnl': 0.0, 'unrealized_pnl': -206.62254778668193, 'total_fees': 0.0, 'realized_pnl': 0.0, 'equity': 571302.3610412475, 'total_pnl': -206.62254778668193}",60.0,60.0,0.0,60.0,True,0,0.0,[],1,diagnostic,-2.398129092501751
all_market,all_market capacity control,44009,fixed_action_four,11.33903271286756,11.33903271286756,1.0,21.5,43,99.8981696390064,100.00157193158954,590.9441021126827,648.0359060613748,57.09180394869211,0.9989659933280453,10.340066719539516,11.33903271286756,0.0,0.0,0.0,11.33903271286756,0,0,0,VALID,[],"{'cash': 570860.9476829737, 'inventory': 0, 'average_cost': 0.0, 'gross_realized_pnl': -590.9441021126413, 'unrealized_pnl': 0.0, 'total_fees': 57.09180394869211, 'realized_pnl': -648.0359060613334, 'equity': 570860.9476829737, 'total_pnl': -648.0359060613334}",60.0,21.5,0.0,21.5,True,0,0.0,[],1,diagnostic,-11.339032712867445
twap,TWAP,44010,twap,5.102546928155616,5.102546928155616,1.0,57.5,20,99.95739914112849,99.99842806841048,234.48031941647548,291.6059730256304,57.125653609154924,0.999589704277612,4.102957223878003,5.102546928155616,0.0,0.0,0.0,5.102546928155616,0,0,0,VALID,[],"{'cash': 571199.4104379411, 'inventory': 0, 'average_cost': 0.0, 'gross_realized_pnl': -234.48031941653755, 'unrealized_pnl': 0.0, 'total_fees': 57.125653609154924, 'realized_pnl': -291.6059730256925, 'equity': 571199.4104379411, 'total_pnl': -291.6059730256925}",60.0,57.5,0.0,57.5,True,0,0.0,[],1,diagnostic,
random,Random,44010,random,3.554346675776633,3.554346675776633,1.0,46.5,76,99.96999219727816,99.99842806841048,162.51100352112945,203.12771944165257,40.616715920523134,0.7107148625992605,2.843631813177373,3.554346675776633,0.0,0.0,0.0,3.554346675776633,0,0,0,VALID,[],"{'cash': 571287.8886915251, 'inventory': 0, 'average_cost': 0.0, 'gross_realized_pnl': -162.51100352116464, 'unrealized_pnl': 0.0, 'total_fees': 40.616715920523134, 'realized_pnl': -203.12771944168776, 'equity': 571287.8886915251, 'total_pnl': -203.12771944168776}",60.0,46.5,0.0,46.5,True,0,0.0,[],1,diagnostic,-3.554346675776587
all_wait,all_wait capacity control,44010,fixed_action_zero,0.0,,0.0,60.0,0,99.99842806841048,99.99842806841048,0.0,0.0,0.0,0.0,,,49.24390090543268,23.42470730633803,0.0,1.2715616890732342,3372,2343,0,INVALID,['insufficient_terminal_depth'],"{'cash': 0.0, 'inventory': 5715, 'average_cost': 99.99842806841048, 'gross_realized_pnl': 0.0, 'unrealized_pnl': -17.967178068421248, 'total_fees': 0.0, 'realized_pnl': 0.0, 'equity': 571473.0492328975, 'total_pnl': -17.967178068421248}",60.0,60.0,0.0,60.0,True,0,0.0,[],1,diagnostic,-1.2715616890732342
all_market,all_market capacity control,44010,fixed_action_four,9.578447711720672,9.578447711720672,1.0,21.0,42,99.91263636059577,99.99842806841048,490.29961016097326,547.3996818410537,57.100071680080525,0.9991420694357722,8.579305642284902,9.578447711720672,0.0,0.0,0.0,9.578447711720672,0,0,0,VALID,[],"{'cash': 570943.6167291251, 'inventory': 0, 'average_cost': 0.0, 'gross_realized_pnl': -490.2996101610038, 'unrealized_pnl': 0.0, 'total_fees': 57.100071680080525, 'realized_pnl': -547.3996818410843, 'equity': 570943.6167291251, 'total_pnl': -547.3996818410843}",60.0,21.0,0.0,21.0,True,0,0.0,[],1,diagnostic,-9.578447711720543
twap,TWAP,44011,twap,4.5694124268347185,4.5694124268347185,1.0,57.5,20,99.98473012176296,100.020435110664,204.0540115693983,261.19528483398585,57.14127326458755,0.9996430230596227,3.5697694037750964,4.5694124268347185,0.0,0.0,0.0,4.5694124268347185,0,0,0,VALID,[],"{'cash': 571355.5913726108, 'inventory': 0, 'average_cost': 0.0, 'gross_realized_pnl': -204.05401156944302, 'unrealized_pnl': 0.0, 'total_fees': 57.14127326458755, 'realized_pnl': -261.1952848340306, 'equity': 571355.5913726108, 'total_pnl': -261.1952848340306}",60.0,57.5,0.0,57.5,True,0,0.0,[],1,diagnostic,
random,Random,44011,random,3.6051887838933383,3.6051887838933383,1.0,46.0,75,99.99098044082518,100.020435110664,168.3334381287642,206.0786427942571,37.7452046654929,0.6603235864749478,2.9448651974183897,3.6051887838933383,0.0,0.0,0.0,3.6051887838933383,0,0,0,VALID,[],"{'cash': 571410.7080146509, 'inventory': 0, 'average_cost': 0.0, 'gross_realized_pnl': -168.3334381288059, 'unrealized_pnl': 0.0, 'total_fees': 37.7452046654929, 'realized_pnl': -206.07864279429882, 'equity': 571410.7080146509, 'total_pnl': -206.07864279429882}",60.0,46.0,0.0,46.0,True,0,0.0,[],1,diagnostic,-3.605188783893487
all_wait,all_wait capacity control,44011,fixed_action_zero,0.0,,0.0,60.0,0,100.020435110664,100.020435110664,0.0,0.0,0.0,0.0,,,59.07790492958706,30.510326961770623,0.0,1.5672778333755548,2664,3051,0,INVALID,['insufficient_terminal_depth'],"{'cash': 0.0, 'inventory': 5715, 'average_cost': 100.020435110664, 'gross_realized_pnl': 0.0, 'unrealized_pnl': 35.93435613676128, 'total_fees': 0.0, 'realized_pnl': 0.0, 'equity': 571652.7210135815, 'total_pnl': 35.93435613676128}",60.0,60.0,0.0,60.0,True,0,0.0,[],1,diagnostic,-1.5672778333755555
all_market,all_market capacity control,44011,fixed_action_four,7.414251536619904,7.414251536619904,1.0,22.0,44,99.95627307149988,100.020435110664,366.686053822907,423.8110638832692,57.12501006036217,0.9993585106974074,6.414893025922496,7.414251536619904,0.0,0.0,0.0,7.414251536619904,0,0,0,VALID,[],"{'cash': 571192.9755935611, 'inventory': 0, 'average_cost': 0.0, 'gross_realized_pnl': -366.68605382297005, 'unrealized_pnl': 0.0, 'total_fees': 57.12501006036217, 'realized_pnl': -423.8110638833322, 'equity': 571192.9755935611, 'total_pnl': -423.8110638833322}",60.0,22.0,0.0,22.0,True,0,0.0,[],1,diagnostic,-7.4142515366204425
twap,TWAP,44012,twap,2.9985873588181926,2.9985873588181926,1.0,57.5,20,99.96901080586758,99.98899647887325,114.21812122734599,171.35041090289937,57.13228967555338,0.9998001212762467,1.9987872375419458,2.9985873588181926,0.0,0.0,0.0,2.9985873588181926,0,0,0,VALID,[],"{'cash': 571265.7644658583, 'inventory': 0, 'average_cost': 0.0, 'gross_realized_pnl': -114.21812122736839, 'unrealized_pnl': 0.0, 'total_fees': 57.13228967555338, 'realized_pnl': -171.35041090292177, 'equity': 571265.7644658583, 'total_pnl': -171.35041090292177}",60.0,57.5,0.0,57.5,True,0,0.0,[],1,diagnostic,
random,Random,44012,random,3.624587886127091,3.624587886127091,1.0,53.5,85,99.96014967759312,99.98899647887325,164.85946931590814,207.12240442657213,42.262935110664,0.7395903067965521,2.884997579330539,3.624587886127091,0.0,0.0,0.0,3.624587886127091,0,0,0,VALID,[],"{'cash': 571229.9924723342, 'inventory': 0, 'average_cost': 0.0, 'gross_realized_pnl': -164.85946931590132, 'unrealized_pnl': 0.0, 'total_fees': 42.262935110664, 'realized_pnl': -207.1224044265653, 'equity': 571229.9924723342, 'total_pnl': -207.1224044265653}",60.0,53.5,0.0,53.5,True,0,0.0,[],1,diagnostic,-3.6245878861268666
all_wait,all_wait capacity control,44012,fixed_action_zero,0.0,,0.0,60.0,0,99.98899647887325,99.98899647887325,0.0,0.0,0.0,0.0,,,46.94102112677374,26.95233934859155,0.0,1.2931144749199839,3019,2696,0,INVALID,['insufficient_terminal_depth'],"{'cash': 0.0, 'inventory': 5715, 'average_cost': 99.98899647887325, 'gross_realized_pnl': 0.0, 'unrealized_pnl': -8.983589034210624, 'total_fees': 0.0, 'realized_pnl': 0.0, 'equity': 571428.1312877263, 'total_pnl': -8.983589034210624}",60.0,60.0,0.0,60.0,True,0,0.0,[],1,diagnostic,-1.293114474919984
all_market,all_market capacity control,44012,fixed_action_four,4.218187467405539,4.218187467405539,1.0,20.5,41,99.9568149271834,99.98899647887325,183.91756790746783,241.0428876383531,57.12531973088528,0.9996781490681655,3.2185093183373734,4.218187467405539,0.0,0.0,0.0,4.218187467405539,0,0,0,VALID,[],"{'cash': 571196.0719891222, 'inventory': 0, 'average_cost': 0.0, 'gross_realized_pnl': -183.91756790745097, 'unrealized_pnl': 0.0, 'total_fees': 57.12531973088528, 'realized_pnl': -241.04288763833625, 'equity': 571196.0719891222, 'total_pnl': -241.04288763833625}",60.0,20.5,0.0,20.5,True,0,0.0,[],1,diagnostic,-4.2181874674051345
twap,TWAP,44013,twap,4.084828541794921,4.084828541794921,1.0,57.5,20,100.00843479512244,100.03929828973844,176.3848717304039,233.53969221581644,57.154820485412564,0.9996914862944516,3.08513705550047,4.084828541794921,0.0,0.0,0.0,4.084828541794921,0,0,0,VALID,[],"{'cash': 571491.0500336393, 'inventory': 0, 'average_cost': 0.0, 'gross_realized_pnl': -176.3848717303947, 'unrealized_pnl': 0.0, 'total_fees': 57.154820485412564, 'realized_pnl': -233.53969221580726, 'equity': 571491.0500336393, 'total_pnl': -233.53969221580726}",60.0,57.5,0.0,57.5,True,0,0.0,[],1,diagnostic,
random,Random,44013,random,3.5949919649210758,3.5949919649210758,1.0,42.5,74,100.01055105787833,100.03929828973844,164.2904300804803,205.5345306212248,41.244100540744505,0.7213980521726598,2.8735939127484156,3.5949919649210758,0.0,0.0,0.0,3.5949919649210758,0,0,0,VALID,[],"{'cash': 571519.0551952334, 'inventory': 0, 'average_cost': 0.0, 'gross_realized_pnl': -164.29043008049408, 'unrealized_pnl': 0.0, 'total_fees': 41.244100540744505, 'realized_pnl': -205.5345306212386, 'equity': 571519.0551952334, 'total_pnl': -205.5345306212386}",60.0,42.5,0.0,42.5,True,0,0.0,[],1,diagnostic,-3.594991964921121
all_wait,all_wait capacity control,44013,fixed_action_zero,0.0,,0.0,60.0,0,100.03929828973844,100.03929828973844,0.0,0.0,0.0,0.0,,,63.88801559355133,30.97578187877264,0.0,1.6592569075577392,2618,3097,0,INVALID,['insufficient_terminal_depth'],"{'cash': 0.0, 'inventory': 5715, 'average_cost': 100.03929828973844, 'gross_realized_pnl': 0.0, 'unrealized_pnl': 8.983589034210624, 'total_fees': 0.0, 'realized_pnl': 0.0, 'equity': 571733.5733148895, 'total_pnl': 8.983589034210624}",60.0,60.0,0.0,60.0,True,0,0.0,[],1,diagnostic,-1.6592569075577392
all_market,all_market capacity control,44013,fixed_action_four,6.8839896827763285,6.8839896827763285,1.0,20.5,41,99.98042938294685,100.03929828973844,336.4358023138775,393.57461770623166,57.13881539235418,0.9994115421859419,5.884578140590388,6.8839896827763285,0.0,0.0,0.0,6.8839896827763285,0,0,0,VALID,[],"{'cash': 571331.0151081487, 'inventory': 0, 'average_cost': 0.0, 'gross_realized_pnl': -336.43580231389376, 'unrealized_pnl': 0.0, 'total_fees': 57.13881539235418, 'realized_pnl': -393.5746177062479, 'equity': 571331.0151081487, 'total_pnl': -393.5746177062479}",60.0,20.5,0.0,20.5,True,0,0.0,[],1,diagnostic,-6.883989682776431
twap,TWAP,44014,twap,4.463874516746755,4.463874516746755,1.0,57.5,20,99.97321472580012,100.00785965794769,197.99578722336162,255.13047943915643,57.134692215794814,0.9996535779061169,3.4642209388406386,4.463874516746755,0.0,0.0,0.0,4.463874516746755,0,0,0,VALID,[],"{'cash': 571289.7874657331, 'inventory': 0, 'average_cost': 0.0, 'gross_realized_pnl': -197.99578722332794, 'unrealized_pnl': 0.0, 'total_fees': 57.134692215794814, 'realized_pnl': -255.13047943912275, 'equity': 571289.7874657331, 'total_pnl': -255.13047943912275}",60.0,57.5,0.0,57.5,True,0,0.0,[],1,diagnostic,
random,Random,44014,random,3.714402020616315,3.714402020616315,1.0,47.5,79,99.97781692341275,100.00785965794769,171.694227867203,212.29475980885292,40.60053194164989,0.7103646741819993,3.0040373464343157,3.714402020616315,0.0,0.0,0.0,3.714402020616315,0,0,0,VALID,[],"{'cash': 571332.6231853624, 'inventory': 0, 'average_cost': 0.0, 'gross_realized_pnl': -171.6942278671909, 'unrealized_pnl': 0.0, 'total_fees': 40.60053194164989, 'realized_pnl': -212.2947598088408, 'equity': 571332.6231853624, 'total_pnl': -212.2947598088408}",60.0,47.5,0.0,47.5,True,0,0.0,[],1,diagnostic,-3.7144020206163186
all_wait,all_wait capacity control,44014,fixed_action_zero,0.0,,0.0,60.0,0,100.00785965794769,100.00785965794769,0.0,0.0,0.0,0.0,,,67.92787977867242,30.925638204225358,0.0,1.7295844102384428,2622,3093,0,INVALID,['insufficient_terminal_depth'],"{'cash': 0.0, 'inventory': 5715, 'average_cost': 100.00785965794769, 'gross_realized_pnl': 0.0, 'unrealized_pnl': 71.86871227368499, 'total_fees': 0.0, 'realized_pnl': 0.0, 'equity': 571616.7866574448, 'total_pnl': 71.86871227368499}",60.0,60.0,0.0,60.0,True,0,0.0,[],1,diagnostic,-1.7295844102384428
all_market,all_market capacity control,44014,fixed_action_four,11.353617924651637,11.353617924651637,1.0,22.5,45,99.9043049856444,100.00785965794769,591.8149522132885,648.9102625125843,57.095310299295754,0.9989645346610005,10.354653389990636,11.353617924651637,0.0,0.0,0.0,11.353617924651637,0,0,0,VALID,[],"{'cash': 570896.0076826584, 'inventory': 0, 'average_cost': 0.0, 'gross_realized_pnl': -591.8149522132674, 'unrealized_pnl': 0.0, 'total_fees': 57.095310299295754, 'realized_pnl': -648.9102625125631, 'equity': 570896.0076826584, 'total_pnl': -648.9102625125631}",60.0,22.5,0.0,22.5,True,0,0.0,[],1,diagnostic,-11.35361792465148
twap,TWAP,44015,twap,6.695482414517046,6.695482414517046,1.0,57.5,20,99.93832637117544,99.9952842052314,325.5140216298031,382.6287751509299,57.11475352112683,0.9994303947980292,5.696052019719017,6.695482414517046,0.0,0.0,0.0,6.695482414517046,0,0,0,VALID,[],"{'cash': 571090.4204577472, 'inventory': 0, 'average_cost': 0.0, 'gross_realized_pnl': -325.51402162980276, 'unrealized_pnl': 0.0, 'total_fees': 57.11475352112683, 'realized_pnl': -382.6287751509296, 'equity': 571090.4204577472, 'total_pnl': -382.6287751509296}",60.0,57.5,0.0,57.5,True,0,0.0,[],1,diagnostic,
random,Random,44015,random,5.016499098146497,5.016499098146497,1.0,42.0,70,99.95277493922414,99.9952842052314,242.94045523141932,286.6794036091859,43.7389483777666,0.7653720229935337,4.251127075152964,5.016499098146497,0.0,0.0,0.0,5.016499098146497,0,0,0,VALID,[],"{'cash': 571186.3698292878, 'inventory': 0, 'average_cost': 0.0, 'gross_realized_pnl': -242.94045523140827, 'unrealized_pnl': 0.0, 'total_fees': 43.7389483777666, 'realized_pnl': -286.67940360917487, 'equity': 571186.3698292878, 'total_pnl': -286.67940360917487}",60.0,42.0,0.0,42.0,True,0,0.0,[],1,diagnostic,-5.016499098145956
all_wait,all_wait capacity control,44015,fixed_action_zero,0.0,,0.0,60.0,0,99.9952842052314,99.9952842052314,0.0,0.0,0.0,0.0,,,107.25603621731294,29.487883236921526,0.0,2.3928323415739245,2765,2950,0,INVALID,['insufficient_terminal_depth'],"{'cash': 0.0, 'inventory': 5715, 'average_cost': 99.9952842052314, 'gross_realized_pnl': 0.0, 'unrealized_pnl': -71.86871227368499, 'total_fees': 0.0, 'realized_pnl': 0.0, 'equity': 571401.1805206238, 'total_pnl': -71.86871227368499}",60.0,60.0,0.0,60.0,True,0,0.0,[],1,diagnostic,-2.3928323415739245
all_market,all_market capacity control,44015,fixed_action_four,8.06253681371326,8.06253681371326,1.0,22.5,45,99.92465510473163,99.9952842052314,403.6453093561664,460.75224974852057,57.10694039235414,0.9992936756861974,7.063243138027062,8.06253681371326,0.0,0.0,0.0,8.06253681371326,0,0,0,VALID,[],"{'cash': 571012.296983149, 'inventory': 0, 'average_cost': 0.0, 'gross_realized_pnl': -403.6453093561608, 'unrealized_pnl': 0.0, 'total_fees': 57.10694039235414, 'realized_pnl': -460.75224974851494, 'equity': 571012.296983149, 'total_pnl': -460.75224974851494}",60.0,22.5,0.0,22.5,True,0,0.0,[],1,diagnostic,-8.062536813712743
twap,TWAP,44000,twap,7.520859773052405,7.520859773052405,1.0,114.5,20,99.92693034849518,99.99214034205232,745.3502263581747,859.5667077465049,114.2164813883302,0.9993478488075774,6.521511924244827,7.520859773052405,0.0,0.0,0.0,7.520859773052405,0,0,0,VALID,[],"{'cash': 1142050.597401912, 'inventory': 0, 'average_cost': 0.0, 'gross_realized_pnl': -745.3502263581829, 'unrealized_pnl': 0.0, 'total_fees': 114.2164813883302, 'realized_pnl': -859.5667077465131, 'equity': 1142050.597401912, 'total_pnl': -859.5667077465131}",120.0,114.5,0.0,114.5,True,0,0.0,[],2,diagnostic,
random,Random,44000,random,7.268281985652455,7.268281985652455,1.0,99.0,155,99.92619237956171,99.99214034205232,753.7852112676271,830.6993357017318,76.91412443410462,0.6729673674222832,6.595314618230171,7.268281985652455,0.0,0.0,0.0,7.268281985652455,0,0,0,VALID,[],"{'cash': 1142079.464773957, 'inventory': 0, 'average_cost': 0.0, 'gross_realized_pnl': -753.7852112676319, 'unrealized_pnl': 0.0, 'total_fees': 76.91412443410462, 'realized_pnl': -830.6993357017366, 'equity': 1142079.464773957, 'total_pnl': -830.6993357017366}",120.0,99.0,0.0,99.0,True,0,0.0,[],2,diagnostic,-7.268281985652267
all_wait,all_wait capacity control,44000,fixed_action_zero,0.0,,0.0,120.0,0,99.99214034205232,99.99214034205232,0.0,0.0,0.0,0.0,,,20.460261569422357,29.75561493963783,0.0,0.439368535567964,8454,2976,0,INVALID,['insufficient_terminal_depth'],"{'cash': 0.0, 'inventory': 11430, 'average_cost': 99.99214034205232, 'gross_realized_pnl': 0.0, 'unrealized_pnl': 251.54049295773504, 'total_fees': 0.0, 'realized_pnl': 0.0, 'equity': 1143161.7046026157, 'total_pnl': 251.54049295773504}",120.0,120.0,0.0,120.0,True,0,0.0,[],2,diagnostic,-0.439368535567964
all_market,all_market capacity control,44000,fixed_action_four,36.74655448217099,36.74655448217099,1.0,46.5,93,99.63466714548005,99.99214034205232,4085.91863682097,4199.801061368254,113.88242454728385,0.9964249870504893,35.750129495120504,36.74655448217099,0.0,0.0,0.0,36.74655448217099,0,0,0,VALID,[],"{'cash': 1138710.3630482897, 'inventory': 0, 'average_cost': 0.0, 'gross_realized_pnl': -4085.9186368209544, 'unrealized_pnl': 0.0, 'total_fees': 113.88242454728385, 'realized_pnl': -4199.801061368238, 'equity': 1138710.3630482897, 'total_pnl': -4199.801061368238}",120.0,46.5,0.0,46.5,True,0,0.0,[],2,diagnostic,-36.746554482170595
twap,TWAP,44001,twap,7.455649668787469,7.455649668787469,1.0,114.5,20,99.96371354769035,100.02829476861167,738.1633551307843,852.4218797157943,114.2585245850099,0.9993543704701668,6.456295298317301,7.455649668787469,0.0,0.0,0.0,7.455649668787469,0,0,0,VALID,[],"{'cash': 1142470.9873255175, 'inventory': 0, 'average_cost': 0.0, 'gross_realized_pnl': -738.1633551307398, 'unrealized_pnl': 0.0, 'total_fees': 114.2585245850099, 'realized_pnl': -852.4218797157497, 'equity': 1142470.9873255175, 'total_pnl': -852.4218797157497}",120.0,114.5,0.0,114.5,True,0,0.0,[],2,diagnostic,
random,Random,44001,random,9.456520800506311,9.456520800506311,1.0,91.0,151,99.94093470490485,100.02829476861167,998.5255281690069,1081.186160085506,82.66063191649896,0.7229855634107902,8.73353523709552,9.456520800506311,0.0,0.0,0.0,9.456520800506311,0,0,0,VALID,[],"{'cash': 1142242.2230451468, 'inventory': 0, 'average_cost': 0.0, 'gross_realized_pnl': -998.5255281689714, 'unrealized_pnl': 0.0, 'total_fees': 82.66063191649896, 'realized_pnl': -1081.1861600854704, 'equity': 1142242.2230451468, 'total_pnl': -1081.1861600854704}",120.0,91.0,0.0,91.0,True,0,0.0,[],2,diagnostic,-9.456520800506373
all_wait,all_wait capacity control,44001,fixed_action_zero,0.0,,0.0,120.0,0,100.02829476861167,100.02829476861167,0.0,0.0,0.0,0.0,,,63.53433098591861,32.162746164486926,0.0,0.8370079400099777,8214,3216,0,INVALID,['insufficient_terminal_depth'],"{'cash': 0.0, 'inventory': 11430, 'average_cost': 100.02829476861167, 'gross_realized_pnl': 0.0, 'unrealized_pnl': -17.967178068421248, 'total_fees': 0.0, 'realized_pnl': 0.0, 'equity': 1143305.442027163, 'total_pnl': -17.967178068421248}",120.0,120.0,0.0,120.0,True,0,0.0,[],2,diagnostic,-0.8370079400099776
all_market,all_market capacity control,44001,fixed_action_four,29.24178667918616,29.24178667918616,1.0,45.5,91,99.745768739735,100.02829476861167,3229.2725100604066,3343.2819237299236,114.00941366951695,0.9971755388859688,28.24461114030019,29.24178667918616,0.0,0.0,0.0,29.24178667918616,0,0,0,VALID,[],"{'cash': 1139980.1272815, 'inventory': 0, 'average_cost': 0.0, 'gross_realized_pnl': -3229.272510060317, 'unrealized_pnl': 0.0, 'total_fees': 114.00941366951695, 'realized_pnl': -3343.281923729834, 'equity': 1139980.1272815, 'total_pnl': -3343.281923729834}",120.0,45.5,0.0,45.5,True,0,0.0,[],2,diagnostic,-29.24178667918576
twap,TWAP,44002,twap,9.33253128766598,9.33253128766598,1.0,114.5,20,99.90567200226734,99.98899647887325,952.3987676055979,1066.5909507041895,114.19218309859151,0.9991666635375867,8.333364624128391,9.33253128766598,0.0,0.0,0.0,9.33253128766598,0,0,0,VALID,[],"{'cash': 1141807.638802817, 'inventory': 0, 'average_cost': 0.0, 'gross_realized_pnl': -952.398767605644, 'unrealized_pnl': 0.0, 'total_fees': 114.19218309859151, 'realized_pnl': -1066.5909507042356, 'equity': 1141807.638802817, 'total_pnl': -1066.5909507042356}",120.0,114.5,0.0,114.5,True,0,0.0,[],2,diagnostic,
random,Random,44002,random,8.106391136015018,8.106391136015018,1.0,106.0,171,99.9148741970634,99.98899647887325,847.2176810865203,926.4585525653937,79.24087147887336,0.6933472591814664,7.413043876833552,8.106391136015018,0.0,0.0,0.0,8.106391136015018,0,0,0,VALID,[],"{'cash': 1141947.7712009554, 'inventory': 0, 'average_cost': 0.0, 'gross_realized_pnl': -847.2176810865294, 'unrealized_pnl': 0.0, 'total_fees': 79.24087147887336, 'realized_pnl': -926.4585525654028, 'equity': 1141947.7712009554, 'total_pnl': -926.4585525654028}",120.0,106.0,0.0,106.0,True,0,0.0,[],2,diagnostic,-8.106391136015008
all_wait,all_wait capacity control,44002,fixed_action_zero,0.0,,0.0,120.0,0,99.98899647887325,99.98899647887325,0.0,0.0,0.0,0.0,,,88.55319416499077,26.948178131287726,0.0,1.0106218977497479,8734,2696,0,INVALID,['insufficient_terminal_depth'],"{'cash': 0.0, 'inventory': 11430, 'average_cost': 99.98899647887325, 'gross_realized_pnl': 0.0, 'unrealized_pnl': -215.60613682089254, 'total_fees': 0.0, 'realized_pnl': 0.0, 'equity': 1142658.6236167003, 'total_pnl': -215.60613682089254}",120.0,120.0,0.0,120.0,True,0,0.0,[],2,diagnostic,-1.0106218977497479
all_market,all_market capacity control,44002,fixed_action_four,31.03186876318572,31.03186876318572,1.0,45.0,88,99.68868080530427,99.98899647887325,3432.608148893361,3546.552311053824,113.94416216046295,0.9969965127749603,30.03487225041076,31.03186876318572,0.0,0.0,0.0,31.03186876318572,0,0,0,VALID,[],"{'cash': 1139327.6774424673, 'inventory': 0, 'average_cost': 0.0, 'gross_realized_pnl': -3432.6081488933737, 'unrealized_pnl': 0.0, 'total_fees': 113.94416216046295, 'realized_pnl': -3546.5523110538365, 'equity': 1139327.6774424673, 'total_pnl': -3546.5523110538365}",120.0,45.0,0.0,45.0,True,0,0.0,[],2,diagnostic,-31.031868763185713
twap,TWAP,44003,twap,3.065708749919636,3.065708749919636,1.0,114.5,20,99.97462602606014,99.9952842052314,236.12298792752313,350.3939854753097,114.2709975477866,0.9997934084658534,2.0659153414537825,3.065708749919636,0.0,0.0,0.0,3.065708749919636,0,0,0,VALID,[],"{'cash': 1142595.7044803184, 'inventory': 0, 'average_cost': 0.0, 'gross_realized_pnl': -236.12298792761942, 'unrealized_pnl': 0.0, 'total_fees': 114.2709975477866, 'realized_pnl': -350.393985475406, 'equity': 1142595.7044803184, 'total_pnl': -350.393985475406}",120.0,114.5,0.0,114.5,True,0,0.0,[],2,diagnostic,
random,Random,44003,random,3.0104534969691943,3.0104534969691943,1.0,103.0,167,99.97238021303676,99.9952842052314,261.79263078468875,344.0786078973649,82.28597711267614,0.7199462618852337,2.29050723508396,3.0104534969691943,0.0,0.0,0.0,3.0104534969691943,0,0,0,VALID,[],"{'cash': 1142602.0198578974, 'inventory': 0, 'average_cost': 0.0, 'gross_realized_pnl': -261.7926307847539, 'unrealized_pnl': 0.0, 'total_fees': 82.28597711267614, 'realized_pnl': -344.07860789743006, 'equity': 1142602.0198578974, 'total_pnl': -344.07860789743006}",120.0,103.0,0.0,103.0,True,0,0.0,[],2,diagnostic,-3.010453496969365
all_wait,all_wait capacity control,44003,fixed_action_zero,0.0,,0.0,120.0,0,99.9952842052314,99.9952842052314,0.0,0.0,0.0,0.0,,,-13.323692152901906,28.919968561368208,0.0,0.13645679730130383,8538,2892,0,INVALID,['insufficient_terminal_depth'],"{'cash': 0.0, 'inventory': 11430, 'average_cost': 99.9952842052314, 'gross_realized_pnl': 0.0, 'unrealized_pnl': 359.3435613681001, 'total_fees': 0.0, 'realized_pnl': 0.0, 'equity': 1143305.442027163, 'total_pnl': 359.3435613681001}",120.0,120.0,0.0,120.0,True,0,0.0,[],2,diagnostic,-0.1364567973013038
all_market,all_market capacity control,44003,fixed_action_four,30.345352996360166,30.345352996360166,1.0,45.0,90,99.70181516703019,99.9952842052314,3354.351106639802,3468.3102813757173,113.95917473591552,0.997065171217486,29.348287825142684,30.345352996360166,0.0,0.0,0.0,30.345352996360166,0,0,0,VALID,[],"{'cash': 1139477.78818442, 'inventory': 0, 'average_cost': 0.0, 'gross_realized_pnl': -3354.351106639896, 'unrealized_pnl': 0.0, 'total_fees': 113.95917473591552, 'realized_pnl': -3468.3102813758114, 'equity': 1139477.78818442, 'total_pnl': -3468.3102813758114}",120.0,45.0,0.0,45.0,True,0,0.0,[],2,diagnostic,-30.3453529963605
twap,TWAP,44004,twap,16.36835296917657,16.36835296917657,1.0,114.5,20,99.8541486781582,100.00785965794769,1756.916498993989,1871.0497909331239,114.13329193913486,0.9984630110041832,15.369889958172388,16.36835296917657,0.0,0.0,0.0,16.36835296917657,0,0,0,VALID,[],"{'cash': 1141218.78609941, 'inventory': 0, 'average_cost': 0.0, 'gross_realized_pnl': -1756.916498993945, 'unrealized_pnl': 0.0, 'total_fees': 114.13329193913486, 'realized_pnl': -1871.0497909330797, 'equity': 1141218.78609941, 'total_pnl': -1871.0497909330797}",120.0,114.5,0.0,114.5,True,0,0.0,[],2,diagnostic,
random,Random,44004,random,9.831911298100097,9.831911298100097,1.0,104.0,164,99.91611303868707,100.00785965794769,1048.6638581489171,1123.875787223364,75.21192907444664,0.6579704124117662,9.17394088568833,9.831911298100097,0.0,0.0,0.0,9.831911298100097,0,0,0,VALID,[],"{'cash': 1141965.9601031183, 'inventory': 0, 'average_cost': 0.0, 'gross_realized_pnl': -1048.6638581488762, 'unrealized_pnl': 0.0, 'total_fees': 75.21192907444664, 'realized_pnl': -1123.875787223323, 'equity': 1141965.9601031183, 'total_pnl': -1123.875787223323}",120.0,104.0,0.0,104.0,True,0,0.0,[],2,diagnostic,-9.83191129809989
all_wait,all_wait capacity control,44004,fixed_action_zero,0.0,,0.0,120.0,0,100.00785965794769,100.00785965794769,0.0,0.0,0.0,0.0,,,165.0559607645944,27.265638518611674,0.0,1.6824714317699148,8702,2728,0,INVALID,['insufficient_terminal_depth'],"{'cash': 0.0, 'inventory': 11430, 'average_cost': 100.00785965794769, 'gross_realized_pnl': 0.0, 'unrealized_pnl': -485.11380784704886, 'total_fees': 0.0, 'realized_pnl': 0.0, 'equity': 1142604.722082495, 'total_pnl': -485.11380784704886}",120.0,120.0,0.0,120.0,True,0,0.0,[],2,diagnostic,-1.6824714317699148
all_market,all_market capacity control,44004,fixed_action_four,30.911637357396597,30.911637357396597,1.0,46.0,90,99.70868985786989,100.00785965794769,3419.510814889279,3533.4778473968245,113.96703250754544,0.9970085371179737,29.914628820278626,30.911637357396597,0.0,0.0,0.0,30.911637357396597,0,0,0,VALID,[],"{'cash': 1139556.3580429459, 'inventory': 0, 'average_cost': 0.0, 'gross_realized_pnl': -3419.5108148893105, 'unrealized_pnl': 0.0, 'total_fees': 113.96703250754544, 'realized_pnl': -3533.477847396856, 'equity': 1139556.3580429459, 'total_pnl': -3533.477847396856}",120.0,46.0,0.0,46.0,True,0,0.0,[],2,diagnostic,-30.911637357397098
twap,TWAP,44005,twap,6.937796005984486,6.937796005984486,1.0,114.5,20,99.92333512228225,99.9827087525151,678.640593561392,792.8529656061609,114.21237204476886,0.9994061610155051,5.938389844968981,6.937796005984486,0.0,0.0,0.0,6.937796005984486,0,0,0,VALID,[],"{'cash': 1142009.5080756424, 'inventory': 0, 'average_cost': 0.0, 'gross_realized_pnl': -678.6405935613343, 'unrealized_pnl': 0.0, 'total_fees': 114.21237204476886, 'realized_pnl': -792.8529656061031, 'equity': 1142009.5080756424, 'total_pnl': -792.8529656061031}",120.0,114.5,0.0,114.5,True,0,0.0,[],2,diagnostic,
random,Random,44005,random,8.218297914396157,8.218297914396157,1.0,102.0,164,99.90794064474335,99.9827087525151,854.5994718310277,939.189026031229,84.58955420020129,0.7401940797805909,7.478103834615567,8.218297914396157,0.0,0.0,0.0,8.218297914396157,0,0,0,VALID,[],"{'cash': 1141863.1720152167, 'inventory': 0, 'average_cost': 0.0, 'gross_realized_pnl': -854.5994718309538, 'unrealized_pnl': 0.0, 'total_fees': 84.58955420020129, 'realized_pnl': -939.1890260311551, 'equity': 1141863.1720152167, 'total_pnl': -939.1890260311551}",120.0,102.0,0.0,102.0,True,0,0.0,[],2,diagnostic,-8.21829791439579
all_wait,all_wait capacity control,44005,fixed_action_zero,0.0,,0.0,120.0,0,99.9827087525151,99.9827087525151,0.0,0.0,0.0,0.0,,,70.77307595573852,31.53746730382294,0.0,0.8952601670016039,8275,3155,0,INVALID,['insufficient_terminal_depth'],"{'cash': 0.0, 'inventory': 11430, 'average_cost': 99.9827087525151, 'gross_realized_pnl': 0.0, 'unrealized_pnl': 125.77024647894874, 'total_fees': 0.0, 'realized_pnl': 0.0, 'equity': 1142928.1312877266, 'total_pnl': 125.77024647894874}",120.0,120.0,0.0,120.0,True,0,0.0,[],2,diagnostic,-0.8952601670016038
all_market,all_market capacity control,44005,fixed_action_four,26.354203545876054,26.354203545876054,1.0,45.0,87,99.72918520528245,99.9827087525151,2897.7741448692395,3011.7646035588773,113.99045868963788,0.9974643260780206,25.356739219798033,26.354203545876054,0.0,0.0,0.0,26.354203545876054,0,0,0,VALID,[],"{'cash': 1139790.5964376882, 'inventory': 0, 'average_cost': 0.0, 'gross_realized_pnl': -2897.7741448691845, 'unrealized_pnl': 0.0, 'total_fees': 113.99045868963788, 'realized_pnl': -3011.7646035588223, 'equity': 1139790.5964376882, 'total_pnl': -3011.7646035588223}",120.0,45.0,0.0,45.0,True,0,0.0,[],2,diagnostic,-26.354203545875848
twap,TWAP,44006,twap,8.814532320591368,8.814532320591368,1.0,114.5,20,99.93598318916122,100.01414738430584,893.4167505029964,1007.6435792882078,114.22682878521141,0.9992184686148037,7.815313851976565,8.814532320591368,0.0,0.0,0.0,8.814532320591368,0,0,0,VALID,[],"{'cash': 1142154.0610233275, 'inventory': 0, 'average_cost': 0.0, 'gross_realized_pnl': -893.4167505030409, 'unrealized_pnl': 0.0, 'total_fees': 114.22682878521141, 'realized_pnl': -1007.6435792882523, 'equity': 1142154.0610233275, 'total_pnl': -1007.6435792882523}",120.0,114.5,0.0,114.5,True,0,0.0,[],2,diagnostic,
random,Random,44006,random,7.863924623959928,7.863924623959928,1.0,105.5,165,99.94235123118415,100.01414738430584,820.6300301810421,898.9737477992514,78.34371761820938,0.6853248958811398,7.178599728078788,7.863924623959928,0.0,0.0,0.0,7.863924623959928,0,0,0,VALID,[],"{'cash': 1142262.730854818, 'inventory': 0, 'average_cost': 0.0, 'gross_realized_pnl': -820.6300301811151, 'unrealized_pnl': 0.0, 'total_fees': 78.34371761820938, 'realized_pnl': -898.9737477993244, 'equity': 1142262.730854818, 'total_pnl': -898.9737477993244}",120.0,105.5,0.0,105.5,True,0,0.0,[],2,diagnostic,-7.863924623960313
all_wait,all_wait capacity control,44006,fixed_action_zero,0.0,,0.0,120.0,0,100.01414738430584,100.01414738430584,0.0,0.0,0.0,0.0,,,67.03187877264209,12.705094944668009,0.0,0.6975126388180415,10159,1271,0,INVALID,['insufficient_terminal_depth'],"{'cash': 0.0, 'inventory': 11430, 'average_cost': 100.01414738430584, 'gross_realized_pnl': 0.0, 'unrealized_pnl': -287.4748490945775, 'total_fees': 0.0, 'realized_pnl': 0.0, 'equity': 1142874.2297535213, 'total_pnl': -287.4748490945775}",120.0,120.0,0.0,120.0,True,0,0.0,[],2,diagnostic,-0.6975126388180415
all_market,all_market capacity control,44006,fixed_action_four,23.08683743019397,23.08683743019397,1.0,46.0,92,99.79322567073483,100.01414738430584,2525.1351861167514,2639.198843058401,114.06365694164987,0.997791095366517,22.089046334827458,23.08683743019397,0.0,0.0,0.0,23.08683743019397,0,0,0,VALID,[],"{'cash': 1140522.505759557, 'inventory': 0, 'average_cost': 0.0, 'gross_realized_pnl': -2525.1351861167136, 'unrealized_pnl': 0.0, 'total_fees': 114.06365694164987, 'realized_pnl': -2639.1988430583633, 'equity': 1140522.505759557, 'total_pnl': -2639.1988430583633}",120.0,46.0,0.0,46.0,True,0,0.0,[],2,diagnostic,-23.08683743019352
twap,TWAP,44007,twap,4.729549149078475,4.729549149078475,1.0,114.5,20,99.97370019548613,100.01100352112677,426.37701207245044,540.646951395891,114.26993932344058,0.9996270077858702,3.7299221412926045,4.729549149078475,0.0,0.0,0.0,4.729549149078475,0,0,0,VALID,[],"{'cash': 1142585.1232950818, 'inventory': 0, 'average_cost': 0.0, 'gross_realized_pnl': -426.3770120724327, 'unrealized_pnl': 0.0, 'total_fees': 114.26993932344058, 'realized_pnl': -540.6469513958733, 'equity': 1142585.1232950818, 'total_pnl': -540.6469513958733}",120.0,114.5,0.0,114.5,True,0,0.0,[],2,diagnostic,
random,Random,44007,random,4.692001633803579,4.692001633803579,1.0,85.0,143,99.97068093160891,100.01100352112677,460.88719818909624,536.3547981639454,75.46759997484912,0.6601863236674029,4.031815310136176,4.692001633803579,0.0,0.0,0.0,4.692001633803579,0,0,0,VALID,[],"{'cash': 1142589.4154483154, 'inventory': 0, 'average_cost': 0.0, 'gross_realized_pnl': -460.8871981891339, 'unrealized_pnl': 0.0, 'total_fees': 75.46759997484912, 'realized_pnl': -536.3547981639831, 'equity': 1142589.4154483154, 'total_pnl': -536.3547981639831}",120.0,85.0,0.0,85.0,True,0,0.0,[],2,diagnostic,-4.692001633803916
all_wait,all_wait capacity control,44007,fixed_action_zero,0.0,,0.0,120.0,0,100.01100352112677,100.01100352112677,0.0,0.0,0.0,0.0,,,4.270938128774855,40.834065643863184,0.0,0.39457603832089777,7347,4083,0,INVALID,['insufficient_terminal_depth'],"{'cash': 0.0, 'inventory': 11430, 'average_cost': 100.01100352112677, 'gross_realized_pnl': 0.0, 'unrealized_pnl': 323.40920523142006, 'total_fees': 0.0, 'realized_pnl': 0.0, 'equity': 1143449.1794517103, 'total_pnl': 323.40920523142006}",120.0,120.0,0.0,120.0,True,0,0.0,[],2,diagnostic,-0.39457603832089766
all_market,all_market capacity control,44007,fixed_action_four,19.3583125797252,19.3583125797252,1.0,45.5,91,99.82738183255263,100.01100352112677,2098.7959004024397,2212.8985978370474,114.10269743460769,0.9981639851405419,18.36014859458466,19.3583125797252,0.0,0.0,0.0,19.3583125797252,0,0,0,VALID,[],"{'cash': 1140912.8716486418, 'inventory': 0, 'average_cost': 0.0, 'gross_realized_pnl': -2098.7959004024133, 'unrealized_pnl': 0.0, 'total_fees': 114.10269743460769, 'realized_pnl': -2212.898597837021, 'equity': 1140912.8716486418, 'total_pnl': -2212.898597837021}",120.0,45.5,0.0,45.5,True,0,0.0,[],2,diagnostic,-19.35831257972498
twap,TWAP,44008,twap,13.469420688660055,13.469420688660055,1.0,114.5,20,99.87058340858802,99.9952842052314,1425.330105633831,1539.482182469847,114.15207683601612,0.9987529332244566,12.4706677554356,13.469420688660055,0.0,0.0,0.0,13.469420688660055,0,0,0,VALID,[],"{'cash': 1141406.6162833262, 'inventory': 0, 'average_cost': 0.0, 'gross_realized_pnl': -1425.330105633861, 'unrealized_pnl': 0.0, 'total_fees': 114.15207683601612, 'realized_pnl': -1539.482182469877, 'equity': 1141406.6162833262, 'total_pnl': -1539.482182469877}",120.0,114.5,0.0,114.5,True,0,0.0,[],2,diagnostic,
random,Random,44008,random,10.150540147630073,10.150540147630073,1.0,105.5,170,99.9009311776169,99.9952842052314,1078.4551056337905,1160.1520259054205,81.69692027163,0.7147924156816654,9.435747731948407,10.150540147630073,0.0,0.0,0.0,10.150540147630073,0,0,0,VALID,[],"{'cash': 1141785.9464398893, 'inventory': 0, 'average_cost': 0.0, 'gross_realized_pnl': -1078.4551056338487, 'unrealized_pnl': 0.0, 'total_fees': 81.69692027163, 'realized_pnl': -1160.1520259054787, 'equity': 1141785.9464398893, 'total_pnl': -1160.1520259054787}",120.0,105.5,0.0,105.5,True,0,0.0,[],2,diagnostic,-10.15054014763018
all_wait,all_wait capacity control,44008,fixed_action_zero,0.0,,0.0,120.0,0,99.9952842052314,99.9952842052314,0.0,0.0,0.0,0.0,,,116.34808853119455,27.707057972837024,0.0,1.2603844284293053,8658,2772,0,INVALID,['insufficient_terminal_depth'],"{'cash': 0.0, 'inventory': 11430, 'average_cost': 99.9952842052314, 'gross_realized_pnl': 0.0, 'unrealized_pnl': -251.54049295773504, 'total_fees': 0.0, 'realized_pnl': 0.0, 'equity': 1142694.5579728372, 'total_pnl': -251.54049295773504}",120.0,120.0,0.0,120.0,True,0,0.0,[],2,diagnostic,-1.2603844284293055
all_market,all_market capacity control,44008,fixed_action_four,34.850906199408485,34.850906199408485,1.0,45.5,89,99.65675725393481,99.9952842052314,3869.363053319884,3983.270726861131,113.9076735412475,0.9966145708371428,33.85429162857134,34.850906199408485,0.0,0.0,0.0,34.850906199408485,0,0,0,VALID,[],"{'cash': 1138962.8277389358, 'inventory': 0, 'average_cost': 0.0, 'gross_realized_pnl': -3869.3630533199766, 'unrealized_pnl': 0.0, 'total_fees': 113.9076735412475, 'realized_pnl': -3983.270726861224, 'equity': 1138962.8277389358, 'total_pnl': -3983.270726861224}",120.0,45.5,0.0,45.5,True,0,0.0,[],2,diagnostic,-34.85090619940881
twap,TWAP,44009,twap,7.056282955120836,7.056282955120836,1.0,114.5,20,99.94100209304823,100.00157193158954,692.3132545271927,806.5458199195471,114.23256539235432,0.9993943111356032,6.056888643985232,7.056282955120836,0.0,0.0,0.0,7.056282955120836,0,0,0,VALID,[],"{'cash': 1142211.4213581502, 'inventory': 0, 'average_cost': 0.0, 'gross_realized_pnl': -692.3132545271021, 'unrealized_pnl': 0.0, 'total_fees': 114.23256539235432, 'realized_pnl': -806.5458199194564, 'equity': 1142211.4213581502, 'total_pnl': -806.5458199194564}",120.0,114.5,0.0,114.5,True,0,0.0,[],2,diagnostic,
random,Random,44009,random,10.58333111987371,10.58333111987371,1.0,101.5,155,99.90325813146598,100.00157193158954,1123.7267354124522,1209.6937622610437,85.96702684859166,0.7521056476551347,9.831225472218575,10.58333111987371,0.0,0.0,0.0,10.58333111987371,0,0,0,VALID,[],"{'cash': 1141808.2734158079, 'inventory': 0, 'average_cost': 0.0, 'gross_realized_pnl': -1123.7267354124, 'unrealized_pnl': 0.0, 'total_fees': 85.96702684859166, 'realized_pnl': -1209.6937622609917, 'equity': 1141808.2734158079, 'total_pnl': -1209.6937622609917}",120.0,101.5,0.0,101.5,True,0,0.0,[],2,diagnostic,-10.583331119873911
all_wait,all_wait capacity control,44009,fixed_action_zero,0.0,,0.0,120.0,0,100.00157193158954,100.00157193158954,0.0,0.0,0.0,0.0,,,106.5801056337881,27.409773013078475,0.0,1.1722464781342545,8688,2742,0,INVALID,['insufficient_terminal_depth'],"{'cash': 0.0, 'inventory': 11430, 'average_cost': 100.00157193158954, 'gross_realized_pnl': 0.0, 'unrealized_pnl': -215.60613682089254, 'total_fees': 0.0, 'realized_pnl': 0.0, 'equity': 1142802.3610412476, 'total_pnl': -215.60613682089254}",120.0,120.0,0.0,120.0,True,0,0.0,[],2,diagnostic,-1.1722464781342543
all_market,all_market capacity control,44009,fixed_action_four,40.386424591357304,40.386424591357304,1.0,44.5,88,99.60766210341666,100.00157193158954,4502.389336016152,4616.240893800357,113.85155778420507,0.9960609636372267,39.39036362772007,40.386424591357304,0.0,0.0,0.0,40.386424591357304,0,0,0,VALID,[],"{'cash': 1138401.726284269, 'inventory': 0, 'average_cost': 0.0, 'gross_realized_pnl': -4502.389336016035, 'unrealized_pnl': 0.0, 'total_fees': 113.85155778420507, 'realized_pnl': -4616.24089380024, 'equity': 1138401.726284269, 'total_pnl': -4616.24089380024}",120.0,44.5,0.0,44.5,True,0,0.0,[],2,diagnostic,-40.386424591356814
twap,TWAP,44010,twap,6.512270579476606,6.512270579476606,1.0,114.5,20,99.94330071637172,99.99842806841048,630.1056338028502,744.3408265216631,114.23519271881288,0.9994487178138337,5.512821861662773,6.512270579476606,0.0,0.0,0.0,6.512270579476606,0,0,0,VALID,[],"{'cash': 1142237.6919954105, 'inventory': 0, 'average_cost': 0.0, 'gross_realized_pnl': -630.105633802892, 'unrealized_pnl': 0.0, 'total_fees': 114.23519271881288, 'realized_pnl': -744.3408265217049, 'equity': 1142237.6919954105, 'total_pnl': -744.3408265217049}",120.0,114.5,0.0,114.5,True,0,0.0,[],2,diagnostic,
random,Random,44010,random,8.35650135063794,8.35650135063794,1.0,93.0,154,99.92156350174538,99.99842806841048,878.5619969819097,955.133090103137,76.5710931212273,0.6699238563897577,7.686577494248183,8.35650135063794,0.0,0.0,0.0,8.35650135063794,0,0,0,VALID,[],"{'cash': 1142026.8997318281, 'inventory': 0, 'average_cost': 0.0, 'gross_realized_pnl': -878.5619969819721, 'unrealized_pnl': 0.0, 'total_fees': 76.5710931212273, 'realized_pnl': -955.1330901031995, 'equity': 1142026.8997318281, 'total_pnl': -955.1330901031995}",120.0,93.0,0.0,93.0,True,0,0.0,[],2,diagnostic,-8.356501350637782
all_wait,all_wait capacity control,44010,fixed_action_zero,0.0,,0.0,120.0,0,99.99842806841048,99.99842806841048,0.0,0.0,0.0,0.0,,,92.92630784709596,29.77023924798793,0.0,1.073477478838017,8452,2978,0,INVALID,['insufficient_terminal_depth'],"{'cash': 0.0, 'inventory': 11430, 'average_cost': 99.99842806841048, 'gross_realized_pnl': 0.0, 'unrealized_pnl': -179.67178068421248, 'total_fees': 0.0, 'realized_pnl': 0.0, 'equity': 1142802.3610412476, 'total_pnl': -179.67178068421248}",120.0,120.0,0.0,120.0,True,0,0.0,[],2,diagnostic,-1.073477478838017
all_market,all_market capacity control,44010,fixed_action_four,29.540241326235584,29.540241326235584,1.0,45.0,89,99.71300159883185,99.99842806841048,3262.4245472836533,3376.3965081111182,113.97196082746495,0.9971456904364215,28.543095635799165,29.540241326235584,0.0,0.0,0.0,29.540241326235584,0,0,0,VALID,[],"{'cash': 1139605.6363138217, 'inventory': 0, 'average_cost': 0.0, 'gross_realized_pnl': -3262.4245472837806, 'unrealized_pnl': 0.0, 'total_fees': 113.97196082746495, 'realized_pnl': -3376.3965081112456, 'equity': 1139605.6363138217, 'total_pnl': -3376.3965081112456}",120.0,45.0,0.0,45.0,True,0,0.0,[],2,diagnostic,-29.540241326236
twap,TWAP,44011,twap,8.46296755492608,8.649966494998665,0.9817147856517935,120.0,20,99.9457827192188,100.020435110664,837.6744844064991,949.8236471957347,112.1491627892356,0.9809820618200609,7.65073156815548,8.649966494998665,36.982834507042796,2.0867288103621733,0.0,8.649966494998665,0,209,0,VALID,[],"{'cash': 1121379.4787295656, 'inventory': 209, 'average_cost': 100.020435110664, 'gross_realized_pnl': -837.6744844065125, 'unrealized_pnl': -33.8389713279703, 'total_fees': 112.1491627892356, 'realized_pnl': -949.8236471957481, 'equity': 1142249.9106963663, 'total_pnl': -983.6626185237184}",120.0,120.0,0.0,120.0,True,0,0.0,[],2,diagnostic,
random,Random,44011,random,8.421372606599553,8.421372606599553,1.0,104.0,164,99.9432803624019,100.020435110664,881.878772635853,962.7595897258933,80.88081709004025,0.7074741240805271,7.713898482519026,8.421372606599553,0.0,0.0,0.0,8.421372606599553,0,0,0,VALID,[],"{'cash': 1142270.813725163, 'inventory': 0, 'average_cost': 0.0, 'gross_realized_pnl': -881.8787726358842, 'unrealized_pnl': 0.0, 'total_fees': 80.88081709004025, 'realized_pnl': -962.7595897259245, 'equity': 1142270.813725163, 'total_pnl': -962.7595897259245}",120.0,104.0,0.0,104.0,True,0,0.0,[],2,diagnostic,-8.42137260659922
all_wait,all_wait capacity control,44011,fixed_action_zero,0.0,,0.0,120.0,0,100.020435110664,100.020435110664,0.0,0.0,0.0,0.0,,,62.08029426559955,28.10953628018109,0.0,0.7889011716500646,8619,2811,0,INVALID,['insufficient_terminal_depth'],"{'cash': 0.0, 'inventory': 11430, 'average_cost': 100.020435110664, 'gross_realized_pnl': 0.0, 'unrealized_pnl': 89.83589034194381, 'total_fees': 0.0, 'realized_pnl': 0.0, 'equity': 1143323.4092052313, 'total_pnl': 89.83589034194381}",120.0,120.0,0.0,120.0,True,0,0.0,[],2,diagnostic,-0.7889011716500647
all_market,all_market capacity control,44011,fixed_action_four,31.869336531664057,31.869336531664057,1.0,46.5,93,99.71164778478395,100.020435110664,3529.439134808897,3643.409548226905,113.970413418008,0.9969127576225952,30.87242377404146,31.869336531664057,0.0,0.0,0.0,31.869336531664057,0,0,0,VALID,[],"{'cash': 1139590.1637666614, 'inventory': 0, 'average_cost': 0.0, 'gross_realized_pnl': -3529.4391348089184, 'unrealized_pnl': 0.0, 'total_fees': 113.970413418008, 'realized_pnl': -3643.4095482269263, 'equity': 1139590.1637666614, 'total_pnl': -3643.4095482269263}",120.0,46.5,0.0,46.5,True,0,0.0,[],2,diagnostic,-31.869336531663688
twap,TWAP,44012,twap,6.162451185843067,6.162451185843067,1.0,114.5,20,99.93737248512952,99.98899647887325,590.0622484909039,704.2906652414069,114.22841675050302,0.9994837032517406,5.162967482591327,6.162451185843067,0.0,0.0,0.0,6.162451185843067,0,0,0,VALID,[],"{'cash': 1142169.9390882803, 'inventory': 0, 'average_cost': 0.0, 'gross_realized_pnl': -590.0622484909615, 'unrealized_pnl': 0.0, 'total_fees': 114.22841675050302, 'realized_pnl': -704.2906652414645, 'equity': 1142169.9390882803, 'total_pnl': -704.2906652414645}",120.0,114.5,0.0,114.5,True,0,0.0,[],2,diagnostic,
random,Random,44012,random,8.53950152346276,8.53950152346276,1.0,104.0,165,99.91092360153925,99.98899647887325,892.3729879275537,975.9576226106524,83.58463468309863,0.7313546189690966,7.808146904493663,8.53950152346276,0.0,0.0,0.0,8.53950152346276,0,0,0,VALID,[],"{'cash': 1141898.2721309103, 'inventory': 0, 'average_cost': 0.0, 'gross_realized_pnl': -892.3729879275785, 'unrealized_pnl': 0.0, 'total_fees': 83.58463468309863, 'realized_pnl': -975.9576226106772, 'equity': 1141898.2721309103, 'total_pnl': -975.9576226106772}",120.0,104.0,0.0,104.0,True,0,0.0,[],2,diagnostic,-8.53950152346286
all_wait,all_wait capacity control,44012,fixed_action_zero,0.0,,0.0,120.0,0,99.98899647887325,99.98899647887325,0.0,0.0,0.0,0.0,,,73.61041247486511,34.80880753269618,0.0,0.9486539917077629,7948,3482,0,INVALID,['insufficient_terminal_depth'],"{'cash': 0.0, 'inventory': 11430, 'average_cost': 99.98899647887325, 'gross_realized_pnl': 0.0, 'unrealized_pnl': 71.86871227368499, 'total_fees': 0.0, 'realized_pnl': 0.0, 'equity': 1142946.098465795, 'total_pnl': 71.86871227368499}",120.0,120.0,0.0,120.0,True,0,0.0,[],2,diagnostic,-0.948653991707763
all_market,all_market capacity control,44012,fixed_action_four,29.57511502049346,29.57511502049346,1.0,44.0,88,99.70324819652826,99.98899647887325,3266.1028672031944,3380.0636798918263,113.96081268863185,0.9971422027182228,28.577972817775237,29.57511502049346,0.0,0.0,0.0,29.57511502049346,0,0,0,VALID,[],"{'cash': 1139494.1660736285, 'inventory': 0, 'average_cost': 0.0, 'gross_realized_pnl': -3266.1028672032303, 'unrealized_pnl': 0.0, 'total_fees': 113.96081268863185, 'realized_pnl': -3380.063679891862, 'equity': 1139494.1660736285, 'total_pnl': -3380.063679891862}",120.0,44.0,0.0,44.0,True,0,0.0,[],2,diagnostic,-29.57511502049367
twap,TWAP,44013,twap,5.990670798933662,5.990670798933662,1.0,114.5,20,99.98936697613503,100.03929828973844,570.7149144868793,685.0027609406018,114.2878464537225,0.9995008830084089,4.991169915925253,5.990670798933662,0.0,0.0,0.0,5.990670798933662,0,0,0,VALID,[],"{'cash': 1142764.1766907687, 'inventory': 0, 'average_cost': 0.0, 'gross_realized_pnl': -570.7149144869531, 'unrealized_pnl': 0.0, 'total_fees': 114.2878464537225, 'realized_pnl': -685.0027609406757, 'equity': 1142764.1766907687, 'total_pnl': -685.0027609406757}",120.0,114.5,0.0,114.5,True,0,0.0,[],2,diagnostic,
random,Random,44013,random,6.720999922698519,6.720999922698519,1.0,90.5,156,99.97872019958774,100.03929828973844,692.407570422475,768.5121846704631,76.10461424798804,0.6655705877936839,6.0554293349048365,6.720999922698519,0.0,0.0,0.0,6.720999922698519,0,0,0,VALID,[],"{'cash': 1142680.6672670387, 'inventory': 0, 'average_cost': 0.0, 'gross_realized_pnl': -692.4075704225619, 'unrealized_pnl': 0.0, 'total_fees': 76.10461424798804, 'realized_pnl': -768.5121846705499, 'equity': 1142680.6672670387, 'total_pnl': -768.5121846705499}",120.0,90.5,0.0,90.5,True,0,0.0,[],2,diagnostic,-6.7209999226990425
all_wait,all_wait capacity control,44013,fixed_action_zero,0.0,,0.0,120.0,0,100.03929828973844,100.03929828973844,0.0,0.0,0.0,0.0,,,44.146126760567206,31.027775716800807,0.0,0.657431076328327,8328,3102,0,INVALID,['insufficient_terminal_depth'],"{'cash': 0.0, 'inventory': 11430, 'average_cost': 100.03929828973844, 'gross_realized_pnl': 0.0, 'unrealized_pnl': 179.67178068405005, 'total_fees': 0.0, 'realized_pnl': 0.0, 'equity': 1143628.8512323943, 'total_pnl': 179.67178068405005}",120.0,120.0,0.0,120.0,True,0,0.0,[],2,diagnostic,-0.6574310763283269
all_market,all_market capacity control,44013,fixed_action_four,29.035598306296396,29.035598306296396,1.0,45.0,90,99.75880408214819,100.03929828973844,3206.048792756513,3320.0731058224087,114.02431306589558,0.9971961597853506,28.038402146511046,29.035598306296396,0.0,0.0,0.0,29.035598306296396,0,0,0,VALID,[],"{'cash': 1140129.1063458861, 'inventory': 0, 'average_cost': 0.0, 'gross_realized_pnl': -3206.048792756564, 'unrealized_pnl': 0.0, 'total_fees': 114.02431306589558, 'realized_pnl': -3320.0731058224596, 'equity': 1140129.1063458861, 'total_pnl': -3320.0731058224596}",120.0,45.0,0.0,45.0,True,0,0.0,[],2,diagnostic,-29.035598306296627
twap,TWAP,44014,twap,6.209905757111995,6.209905757111995,1.0,114.5,20,99.95575129473254,100.00785965794769,595.5985915492846,709.8480152791641,114.24942372987948,0.9994789573200227,5.210426799791973,6.209905757111995,0.0,0.0,0.0,6.209905757111995,0,0,0,VALID,[],"{'cash': 1142379.987875065, 'inventory': 0, 'average_cost': 0.0, 'gross_realized_pnl': -595.598591549273, 'unrealized_pnl': 0.0, 'total_fees': 114.24942372987948, 'realized_pnl': -709.8480152791525, 'equity': 1142379.987875065, 'total_pnl': -709.8480152791525}",120.0,114.5,0.0,114.5,True,0,0.0,[],2,diagnostic,
random,Random,44014,random,6.641235813521249,6.641235813521249,1.0,101.0,164,99.94809132573218,100.00785965794769,683.1520372233342,759.1529156187065,76.00087839537231,0.6648723136985637,5.976363499822685,6.641235813521249,0.0,0.0,0.0,6.641235813521249,0,0,0,VALID,[],"{'cash': 1142330.6829747239, 'inventory': 0, 'average_cost': 0.0, 'gross_realized_pnl': -683.152037223316, 'unrealized_pnl': 0.0, 'total_fees': 76.00087839537231, 'realized_pnl': -759.1529156186883, 'equity': 1142330.6829747239, 'total_pnl': -759.1529156186883}",120.0,101.0,0.0,101.0,True,0,0.0,[],2,diagnostic,-6.641235813521299
all_wait,all_wait capacity control,44014,fixed_action_zero,0.0,,0.0,120.0,0,100.00785965794769,100.00785965794769,0.0,0.0,0.0,0.0,,,88.66951710262944,29.453448503521127,0.0,1.0333655492102745,8484,2946,0,INVALID,['insufficient_terminal_depth'],"{'cash': 0.0, 'inventory': 11430, 'average_cost': 100.00785965794769, 'gross_realized_pnl': 0.0, 'unrealized_pnl': -179.67178068405005, 'total_fees': 0.0, 'realized_pnl': 0.0, 'equity': 1142910.164109658, 'total_pnl': -179.67178068405005}",120.0,120.0,0.0,120.0,True,0,0.0,[],2,diagnostic,-1.0333655492102745
all_market,all_market capacity control,44014,fixed_action_four,28.77174463391547,28.77174463391547,1.0,44.0,88,99.73009260726212,100.00785965794769,3174.8773893360258,3288.8688851861266,113.99149585010062,0.9972225477913877,27.774522086124083,28.77174463391547,0.0,0.0,0.0,28.77174463391547,0,0,0,VALID,[],"{'cash': 1139800.9670051548, 'inventory': 0, 'average_cost': 0.0, 'gross_realized_pnl': -3174.8773893359944, 'unrealized_pnl': 0.0, 'total_fees': 113.99149585010062, 'realized_pnl': -3288.868885186095, 'equity': 1139800.9670051548, 'total_pnl': -3288.868885186095}",120.0,44.0,0.0,44.0,True,0,0.0,[],2,diagnostic,-28.771744633915382
twap,TWAP,44015,twap,16.56999159905291,16.56999159905291,1.0,114.5,20,99.83957606091492,99.9952842052314,1779.7440895372265,1893.8607249748522,114.11663543762585,0.9984428451246078,15.571548753928303,16.56999159905291,0.0,0.0,0.0,16.56999159905291,0,0,0,VALID,[],"{'cash': 1141052.2377408221, 'inventory': 0, 'average_cost': 0.0, 'gross_realized_pnl': -1779.7440895372756, 'unrealized_pnl': 0.0, 'total_fees': 114.11663543762585, 'realized_pnl': -1893.8607249749014, 'equity': 1141052.2377408221, 'total_pnl': -1893.8607249749014}",120.0,114.5,0.0,114.5,True,0,0.0,[],2,diagnostic,
random,Random,44015,random,13.602162659021655,13.602162659021655,1.0,89.5,150,99.86672550614273,99.9952842052314,1469.4259305834978,1554.6538741825925,85.22794359909466,0.7456864651228807,12.856476193898775,13.602162659021655,0.0,0.0,0.0,13.602162659021655,0,0,0,VALID,[],"{'cash': 1141391.4445916107, 'inventory': 0, 'average_cost': 0.0, 'gross_realized_pnl': -1469.425930583544, 'unrealized_pnl': 0.0, 'total_fees': 85.22794359909466, 'realized_pnl': -1554.6538741826387, 'equity': 1141391.4445916107, 'total_pnl': -1554.6538741826387}",120.0,89.5,0.0,89.5,True,0,0.0,[],2,diagnostic,-13.602162659021683
all_wait,all_wait capacity control,44015,fixed_action_zero,0.0,,0.0,120.0,0,99.9952842052314,99.9952842052314,0.0,0.0,0.0,0.0,,,93.11493963783397,33.32911626006037,0.0,1.1062993790137905,8096,3334,0,INVALID,['insufficient_terminal_depth'],"{'cash': 0.0, 'inventory': 11430, 'average_cost': 99.9952842052314, 'gross_realized_pnl': 0.0, 'unrealized_pnl': 0.0, 'total_fees': 0.0, 'realized_pnl': 0.0, 'equity': 1142946.098465795, 'total_pnl': 0.0}",120.0,120.0,0.0,120.0,True,0,0.0,[],2,diagnostic,-1.1062993790137905
all_market,all_market capacity control,44015,fixed_action_four,36.05887797658354,36.05887797658354,1.0,48.5,96,99.64467689778215,99.9952842052314,4007.441524144868,4121.335389839033,113.89386569416503,0.9964937615784997,35.06238421500503,36.05887797658354,0.0,0.0,0.0,36.05887797658354,0,0,0,VALID,[],"{'cash': 1138824.763075956, 'inventory': 0, 'average_cost': 0.0, 'gross_realized_pnl': -4007.4415241449237, 'unrealized_pnl': 0.0, 'total_fees': 113.89386569416503, 'realized_pnl': -4121.335389839089, 'equity': 1138824.763075956, 'total_pnl': -4121.335389839089}",120.0,48.5,0.0,48.5,True,0,0.0,[],2,diagnostic,-36.05887797658355
