2026-09-21T20:12:30.6640794Z Current runner version: '2.337.0'
2026-09-21T20:12:30.6674873Z ##[group]Runner Image Provisioner
2026-09-21T20:12:30.6676112Z Hosted Compute Agent
2026-09-21T20:12:30.6677060Z Version: 20260828.587
2026-09-21T20:12:30.6678258Z Commit: abac92662cab4cc7352de4f9f9d2e2419aad9c29
2026-09-21T20:12:30.6679518Z Build Date: 2026-08-28T16:44:25Z
2026-09-21T20:12:30.6680729Z Worker ID: {5501833c-43eb-4e34-87bb-c2d7176a19c5}
2026-09-21T20:12:30.6681953Z Azure Region: eastus
2026-09-21T20:12:30.6682946Z ##[endgroup]
2026-09-21T20:12:30.6685874Z ##[group]Operating System
2026-09-21T20:12:30.6686935Z Ubuntu
2026-09-21T20:12:30.6687970Z 24.04.5
2026-09-21T20:12:30.6688910Z LTS
2026-09-21T20:12:30.6689709Z ##[endgroup]
2026-09-21T20:12:30.6691328Z ##[group]Runner Image
2026-09-21T20:12:30.6692469Z Image: ubuntu-24.04
2026-09-21T20:12:30.6693738Z Version: 20260907.300.1
2026-09-21T20:12:30.6695900Z Included Software: https://github.com/actions/runner-images/blob/ubuntu24/20260907.300/images/ubuntu/Ubuntu2404-Readme.md
2026-09-21T20:12:30.6698659Z Image Release: https://github.com/actions/runner-images/releases/tag/ubuntu24%2F20260907.300
2026-09-21T20:12:30.6700425Z ##[endgroup]
2026-09-21T20:12:30.6702399Z ##[group]GITHUB_TOKEN Permissions
2026-09-21T20:12:30.6705484Z Contents: read
2026-09-21T20:12:30.6706707Z Metadata: read
2026-09-21T20:12:30.6707725Z ##[endgroup]
2026-09-21T20:12:30.6710790Z Secret source: Actions
2026-09-21T20:12:30.6712302Z Cache mode: write
2026-09-21T20:12:30.6714042Z Prepare workflow directory
2026-09-21T20:12:30.7181522Z Prepare all required actions
2026-09-21T20:12:30.7251525Z Getting action download info
2026-09-21T20:12:30.8984077Z Download action repository 'actions/checkout@v4' (SHA:11d5960a326750d5838078e36cf38b85af677262)
2026-09-21T20:12:30.9959758Z Download action repository 'actions/setup-python@v5' (SHA:a26af69be951a213d495a4c3e4e4022e16d87065)
2026-09-21T20:12:31.1818593Z Complete job name: research-study
2026-09-21T20:12:31.2591944Z Node 20 is being deprecated. This workflow is running with Node 24 by default. If you need to temporarily use Node 20, you can set the ACTIONS_ALLOW_USE_UNSECURE_NODE_VERSION=true environment variable. For more information see: https://github.blog/changelog/2025-09-19-deprecation-of-node-20-on-github-actions-runners/
2026-09-21T20:12:31.2600839Z ##[group]Run actions/checkout@v4
2026-09-21T20:12:31.2601580Z with:
2026-09-21T20:12:31.2602042Z   repository: damraka/CleoLOB
2026-09-21T20:12:31.2605930Z   token: ***
2026-09-21T20:12:31.2606398Z   ssh-strict: true
2026-09-21T20:12:31.2606855Z   ssh-user: git
2026-09-21T20:12:31.2607315Z   persist-credentials: true
2026-09-21T20:12:31.2607826Z   clean: true
2026-09-21T20:12:31.2608283Z   sparse-checkout-cone-mode: true
2026-09-21T20:12:31.2608819Z   fetch-depth: 1
2026-09-21T20:12:31.2609265Z   fetch-tags: false
2026-09-21T20:12:31.2609732Z   show-progress: true
2026-09-21T20:12:31.2610189Z   lfs: false
2026-09-21T20:12:31.2610651Z   submodules: false
2026-09-21T20:12:31.2611114Z   set-safe-directory: true
2026-09-21T20:12:31.2611641Z   allow-unsafe-pr-checkout: false
2026-09-21T20:12:31.2612437Z ##[endgroup]
2026-09-21T20:12:31.3712245Z Syncing repository: damraka/CleoLOB
2026-09-21T20:12:31.3714631Z ##[group]Getting Git version info
2026-09-21T20:12:31.3715447Z Working directory is '/home/runner/work/CleoLOB/CleoLOB'
2026-09-21T20:12:31.3716480Z [command]/usr/bin/git version
2026-09-21T20:12:31.3779838Z git version 2.55.0
2026-09-21T20:12:31.3817068Z ##[endgroup]
2026-09-21T20:12:31.3825606Z Temporarily overriding HOME='/home/runner/work/_temp/04c35cd2-0e4b-4f8d-ab5f-42371f690c0e' before making global git config changes
2026-09-21T20:12:31.3827908Z Adding repository directory to the temporary git global config as a safe directory
2026-09-21T20:12:31.3832062Z [command]/usr/bin/git config --global --add safe.directory /home/runner/work/CleoLOB/CleoLOB
2026-09-21T20:12:31.3886061Z Deleting the contents of '/home/runner/work/CleoLOB/CleoLOB'
2026-09-21T20:12:31.3891686Z ##[group]Initializing the repository
2026-09-21T20:12:31.3895413Z [command]/usr/bin/git init /home/runner/work/CleoLOB/CleoLOB
2026-09-21T20:12:31.4007687Z hint: Using 'master' as the name for the initial branch. This default branch name
2026-09-21T20:12:31.4009971Z hint: will change to "main" in Git 3.0. To configure the initial branch name
2026-09-21T20:12:31.4011835Z hint: to use in all of your new repositories, which will suppress this warning,
2026-09-21T20:12:31.4013766Z hint: call:
2026-09-21T20:12:31.4014619Z hint:
2026-09-21T20:12:31.4015714Z hint: 	git config --global init.defaultBranch <name>
2026-09-21T20:12:31.4016837Z hint:
2026-09-21T20:12:31.4017891Z hint: Names commonly chosen instead of 'master' are 'main', 'trunk' and
2026-09-21T20:12:31.4019529Z hint: 'development'. The just-created branch can be renamed via this command:
2026-09-21T20:12:31.4020826Z hint:
2026-09-21T20:12:31.4021665Z hint: 	git branch -m <name>
2026-09-21T20:12:31.4022554Z hint:
2026-09-21T20:12:31.4023994Z hint: Disable this message with "git config set advice.defaultBranchName false"
2026-09-21T20:12:31.4025930Z Initialized empty Git repository in /home/runner/work/CleoLOB/CleoLOB/.git/
2026-09-21T20:12:31.4028790Z [command]/usr/bin/git remote add origin https://github.com/damraka/CleoLOB
2026-09-21T20:12:31.4075794Z ##[endgroup]
2026-09-21T20:12:31.4077149Z ##[group]Disabling automatic garbage collection
2026-09-21T20:12:31.4080332Z [command]/usr/bin/git config --local gc.auto 0
2026-09-21T20:12:31.4112136Z ##[endgroup]
2026-09-21T20:12:31.4113389Z ##[group]Setting up auth
2026-09-21T20:12:31.4123374Z [command]/usr/bin/git config --local --name-only --get-regexp core\.sshCommand
2026-09-21T20:12:31.4162714Z [command]/usr/bin/git submodule foreach --recursive sh -c "git config --local --name-only --get-regexp 'core\.sshCommand' && git config --local --unset-all 'core.sshCommand' || :"
2026-09-21T20:12:31.4537182Z [command]/usr/bin/git config --local --name-only --get-regexp http\.https\:\/\/github\.com\/\.extraheader
2026-09-21T20:12:31.4579407Z [command]/usr/bin/git submodule foreach --recursive sh -c "git config --local --name-only --get-regexp 'http\.https\:\/\/github\.com\/\.extraheader' && git config --local --unset-all 'http.https://github.com/.extraheader' || :"
2026-09-21T20:12:31.4808399Z [command]/usr/bin/git config --local --name-only --get-regexp ^includeIf\.gitdir:
2026-09-21T20:12:31.4845095Z [command]/usr/bin/git submodule foreach --recursive git config --local --show-origin --name-only --get-regexp remote.origin.url
2026-09-21T20:12:31.5070158Z [command]/usr/bin/git config --local http.https://github.com/.extraheader AUTHORIZATION: basic ***
2026-09-21T20:12:31.5108556Z ##[endgroup]
2026-09-21T20:12:31.5109415Z ##[group]Fetching the repository
2026-09-21T20:12:31.5118478Z [command]/usr/bin/git -c protocol.version=2 fetch --no-tags --prune --no-recurse-submodules --depth=1 origin +c459dc640420e0410b8c64854318ff685544fd1c:refs/remotes/origin/[previous branch]
2026-09-21T20:12:31.8956935Z From https://github.com/damraka/CleoLOB
2026-09-21T20:12:31.8959032Z  * [new ref]         c459dc640420e0410b8c64854318ff685544fd1c -> origin/[previous branch]
2026-09-21T20:12:31.8964224Z ##[endgroup]
2026-09-21T20:12:31.8966415Z ##[group]Determining the checkout info
2026-09-21T20:12:31.8968522Z ##[endgroup]
2026-09-21T20:12:31.8974160Z [command]/usr/bin/git sparse-checkout disable
2026-09-21T20:12:31.9027713Z [command]/usr/bin/git config --local --unset-all extensions.worktreeConfig
2026-09-21T20:12:31.9058857Z ##[group]Checking out the ref
2026-09-21T20:12:31.9072497Z [command]/usr/bin/git checkout --progress --force -B [previous branch] refs/remotes/origin/[previous branch]
2026-09-21T20:12:32.0048896Z Switched to a new branch '[previous branch]'
2026-09-21T20:12:32.0052591Z branch '[previous branch]' set up to track 'origin/[previous branch]'.
2026-09-21T20:12:32.0062036Z ##[endgroup]
2026-09-21T20:12:32.0119882Z [command]/usr/bin/git log -1 --format=%H
2026-09-21T20:12:32.0148186Z c459dc640420e0410b8c64854318ff685544fd1c
2026-09-21T20:12:32.0587951Z Node 20 is being deprecated. This workflow is running with Node 24 by default. If you need to temporarily use Node 20, you can set the ACTIONS_ALLOW_USE_UNSECURE_NODE_VERSION=true environment variable. For more information see: https://github.blog/changelog/2025-09-19-deprecation-of-node-20-on-github-actions-runners/
2026-09-21T20:12:32.0594211Z ##[group]Run actions/setup-python@v5
2026-09-21T20:12:32.0595482Z with:
2026-09-21T20:12:32.0596433Z   python-version: 3.11
2026-09-21T20:12:32.0597504Z   cache: pip
2026-09-21T20:12:32.0598483Z   check-latest: false
2026-09-21T20:12:32.0608530Z   token: ***
2026-09-21T20:12:32.0609573Z   update-environment: true
2026-09-21T20:12:32.0610769Z   allow-prereleases: false
2026-09-21T20:12:32.0611942Z   freethreaded: false
2026-09-21T20:12:32.0613011Z ##[endgroup]
2026-09-21T20:12:32.1963252Z ##[group]Installed versions
2026-09-21T20:12:32.2078659Z (node:2248) [DEP0040] DeprecationWarning: The `punycode` module is deprecated. Please use a userland alternative instead.
2026-09-21T20:12:32.2083278Z (Use `node --trace-deprecation ...` to show where the warning was created)
2026-09-21T20:12:32.2086423Z Successfully set up CPython (3.11.16)
2026-09-21T20:12:32.2089396Z ##[endgroup]
2026-09-21T20:12:32.3877870Z [command]/opt/hostedtoolcache/Python/3.11.16/x64/bin/pip cache dir
2026-09-21T20:12:32.6824722Z /home/runner/.cache/pip
2026-09-21T20:12:32.7659582Z Cache hit for: setup-python-Linux-x64-24.04-Ubuntu-python-3.11.16-pip-4407961bebca46b6e97cf20b586751ce50388aa8f9bc9cf9a4dcd52e9e53f0af
2026-09-21T20:12:32.7764381Z (node:2248) [DEP0169] DeprecationWarning: `url.parse()` behavior is not standardized and prone to errors that have security implications. Use the WHATWG URL API instead. CVEs are not issued for `url.parse()` vulnerabilities.
2026-09-21T20:12:33.8065313Z Received 264241152 of 300834016 (87.8%), 251.7 MBs/sec
2026-09-21T20:12:34.0422384Z Received 300834016 of 300834016 (100.0%), 232.1 MBs/sec
2026-09-21T20:12:34.0423400Z Cache Size: ~287 MB (300834016 B)
2026-09-21T20:12:34.0547587Z [command]/usr/bin/tar -xf /home/runner/work/_temp/12049e41-1365-4ccf-a864-3b2d358aa733/cache.tzst -P -C /home/runner/work/CleoLOB/CleoLOB --use-compress-program unzstd
2026-09-21T20:12:34.4187181Z Cache restored successfully
2026-09-21T20:12:34.4320417Z Cache restored from key: setup-python-Linux-x64-24.04-Ubuntu-python-3.11.16-pip-4407961bebca46b6e97cf20b586751ce50388aa8f9bc9cf9a4dcd52e9e53f0af
2026-09-21T20:12:34.4535125Z ##[group]Run python -m pip install -e '.[dev,rl]'
2026-09-21T20:12:34.4535609Z [36;1mpython -m pip install -e '.[dev,rl]'[0m
2026-09-21T20:12:34.4578980Z shell: /usr/bin/bash -e {0}
2026-09-21T20:12:34.4579263Z env:
2026-09-21T20:12:34.4579557Z   pythonLocation: /opt/hostedtoolcache/Python/3.11.16/x64
2026-09-21T20:12:34.4580038Z   PKG_CONFIG_PATH: /opt/hostedtoolcache/Python/3.11.16/x64/lib/pkgconfig
2026-09-21T20:12:34.4580498Z   Python_ROOT_DIR: /opt/hostedtoolcache/Python/3.11.16/x64
2026-09-21T20:12:34.4580915Z   Python2_ROOT_DIR: /opt/hostedtoolcache/Python/3.11.16/x64
2026-09-21T20:12:34.4581377Z   Python3_ROOT_DIR: /opt/hostedtoolcache/Python/3.11.16/x64
2026-09-21T20:12:34.4581816Z   LD_LIBRARY_PATH: /opt/hostedtoolcache/Python/3.11.16/x64/lib
2026-09-21T20:12:34.4582169Z ##[endgroup]
2026-09-21T20:12:34.9330572Z Obtaining file:///home/runner/work/CleoLOB/CleoLOB
2026-09-21T20:12:34.9347134Z   Installing build dependencies: started
2026-09-21T20:12:35.5314848Z   Installing build dependencies: finished with status 'done'
2026-09-21T20:12:35.5321030Z   Checking if build backend supports build_editable: started
2026-09-21T20:12:35.8439273Z   Checking if build backend supports build_editable: finished with status 'done'
2026-09-21T20:12:35.8449213Z   Getting requirements to build editable: started
2026-09-21T20:12:36.1509074Z   Getting requirements to build editable: finished with status 'done'
2026-09-21T20:12:36.1518818Z   Preparing editable metadata (pyproject.toml): started
2026-09-21T20:12:36.3332951Z   Preparing editable metadata (pyproject.toml): finished with status 'done'
2026-09-21T20:12:36.5792758Z Collecting numpy>=1.26 (from cleolob==0.2.0)
2026-09-21T20:12:36.5811163Z   Using cached numpy-2.4.6-cp311-cp311-manylinux_2_27_x86_64.manylinux_2_28_x86_64.whl.metadata (6.6 kB)
2026-09-21T20:12:36.6831112Z Collecting pandas>=2.0 (from cleolob==0.2.0)
2026-09-21T20:12:36.6849701Z   Using cached pandas-3.0.6-cp311-cp311-manylinux_2_24_x86_64.manylinux_2_28_x86_64.whl.metadata (79 kB)
2026-09-21T20:12:36.7158953Z Collecting gymnasium>=0.29 (from cleolob==0.2.0)
2026-09-21T20:12:36.7174456Z   Using cached gymnasium-1.3.0-py3-none-any.whl.metadata (10 kB)
2026-09-21T20:12:36.8157721Z Collecting pydantic>=2.0 (from cleolob==0.2.0)
2026-09-21T20:12:36.8178808Z   Using cached pydantic-2.13.5-py3-none-any.whl.metadata (110 kB)
2026-09-21T20:12:36.8606367Z Collecting PyYAML>=6.0 (from cleolob==0.2.0)
2026-09-21T20:12:36.8622775Z   Using cached pyyaml-6.0.3-cp311-cp311-manylinux2014_x86_64.manylinux_2_17_x86_64.manylinux_2_28_x86_64.whl.metadata (2.4 kB)
2026-09-21T20:12:36.8840013Z Collecting stable-baselines3>=2.3 (from cleolob==0.2.0)
2026-09-21T20:12:36.8856800Z   Using cached stable_baselines3-2.9.0-py3-none-any.whl.metadata (5.0 kB)
2026-09-21T20:12:36.9018583Z Collecting tensorboard>=2.16 (from cleolob==0.2.0)
2026-09-21T20:12:36.9033899Z   Using cached tensorboard-2.21.0-py3-none-any.whl.metadata (1.8 kB)
2026-09-21T20:12:36.9419487Z Collecting pytest>=8.0 (from cleolob==0.2.0)
2026-09-21T20:12:36.9435794Z   Using cached pytest-9.1.1-py3-none-any.whl.metadata (7.6 kB)
2026-09-21T20:12:37.2416032Z Collecting ruff>=0.9 (from cleolob==0.2.0)
2026-09-21T20:12:37.2432251Z   Using cached ruff-0.16.8-py3-none-manylinux_2_17_x86_64.manylinux2014_x86_64.whl.metadata (20 kB)
2026-09-21T20:12:37.2587329Z Collecting cloudpickle>=1.2.0 (from gymnasium>=0.29->cleolob==0.2.0)
2026-09-21T20:12:37.2601642Z   Using cached cloudpickle-3.1.2-py3-none-any.whl.metadata (7.1 kB)
2026-09-21T20:12:37.2739728Z Collecting typing-extensions>=4.3.0 (from gymnasium>=0.29->cleolob==0.2.0)
2026-09-21T20:12:37.2754374Z   Using cached typing_extensions-4.16.0-py3-none-any.whl.metadata (3.3 kB)
2026-09-21T20:12:37.2836436Z Collecting farama-notifications>=0.0.1 (from gymnasium>=0.29->cleolob==0.2.0)
2026-09-21T20:12:37.2851067Z   Using cached farama_notifications-0.0.6-py3-none-any.whl.metadata (729 bytes)
2026-09-21T20:12:37.2961536Z Collecting python-dateutil>=2.8.2 (from pandas>=2.0->cleolob==0.2.0)
2026-09-21T20:12:37.2977619Z   Using cached python_dateutil-2.9.0.post0-py2.py3-none-any.whl.metadata (8.4 kB)
2026-09-21T20:12:37.3086869Z Collecting annotated-types>=0.6.0 (from pydantic>=2.0->cleolob==0.2.0)
2026-09-21T20:12:37.3108524Z   Using cached annotated_types-0.8.0-py3-none-any.whl.metadata (15 kB)
2026-09-21T20:12:37.9489371Z Collecting pydantic-core==2.46.5 (from pydantic>=2.0->cleolob==0.2.0)
2026-09-21T20:12:37.9506152Z   Using cached pydantic_core-2.46.5-cp311-cp311-manylinux_2_17_x86_64.manylinux2014_x86_64.whl.metadata (6.6 kB)
2026-09-21T20:12:37.9606860Z Collecting typing-inspection>=0.4.2 (from pydantic>=2.0->cleolob==0.2.0)
2026-09-21T20:12:37.9620647Z   Using cached typing_inspection-0.4.4-py3-none-any.whl.metadata (2.6 kB)
2026-09-21T20:12:37.9727153Z Collecting iniconfig>=1.0.1 (from pytest>=8.0->cleolob==0.2.0)
2026-09-21T20:12:37.9741082Z   Using cached iniconfig-2.3.0-py3-none-any.whl.metadata (2.5 kB)
2026-09-21T20:12:37.9865619Z Collecting packaging>=22 (from pytest>=8.0->cleolob==0.2.0)
2026-09-21T20:12:37.9879542Z   Using cached packaging-26.3-py3-none-any.whl.metadata (3.5 kB)
2026-09-21T20:12:37.9979866Z Collecting pluggy<2,>=1.5 (from pytest>=8.0->cleolob==0.2.0)
2026-09-21T20:12:37.9993675Z   Using cached pluggy-1.6.0-py3-none-any.whl.metadata (4.8 kB)
2026-09-21T20:12:38.0181586Z Collecting pygments>=2.7.2 (from pytest>=8.0->cleolob==0.2.0)
2026-09-21T20:12:38.0195985Z   Using cached pygments-2.21.0-py3-none-any.whl.metadata (2.5 kB)
2026-09-21T20:12:38.0321616Z Collecting six>=1.5 (from python-dateutil>=2.8.2->pandas>=2.0->cleolob==0.2.0)
2026-09-21T20:12:38.0335696Z   Using cached six-1.17.0-py2.py3-none-any.whl.metadata (1.7 kB)
2026-09-21T20:12:38.0932585Z Collecting torch<3.0,>=2.8 (from stable-baselines3>=2.3->cleolob==0.2.0)
2026-09-21T20:12:38.1433629Z   Downloading torch-2.14.0-cp311-cp311-manylinux_2_28_x86_64.whl.metadata (37 kB)
2026-09-21T20:12:38.1780567Z Collecting filelock (from torch<3.0,>=2.8->stable-baselines3>=2.3->cleolob==0.2.0)
2026-09-21T20:12:38.1822300Z   Downloading filelock-4.0.1-py3-none-any.whl.metadata (2.0 kB)
2026-09-21T20:12:38.1866036Z Requirement already satisfied: setuptools>=77.0.3 in /opt/hostedtoolcache/Python/3.11.16/x64/lib/python3.11/site-packages (from torch<3.0,>=2.8->stable-baselines3>=2.3->cleolob==0.2.0) (79.0.1)
2026-09-21T20:12:38.1987291Z Collecting sympy>=1.13.3 (from torch<3.0,>=2.8->stable-baselines3>=2.3->cleolob==0.2.0)
2026-09-21T20:12:38.2001680Z   Using cached sympy-1.14.0-py3-none-any.whl.metadata (12 kB)
2026-09-21T20:12:38.2192746Z Collecting networkx>=2.5.1 (from torch<3.0,>=2.8->stable-baselines3>=2.3->cleolob==0.2.0)
2026-09-21T20:12:38.2207405Z   Using cached networkx-3.6.1-py3-none-any.whl.metadata (6.8 kB)
2026-09-21T20:12:38.2364951Z Collecting jinja2 (from torch<3.0,>=2.8->stable-baselines3>=2.3->cleolob==0.2.0)
2026-09-21T20:12:38.2409953Z   Downloading jinja2-3.1.6-py3-none-any.whl.metadata (2.9 kB)
2026-09-21T20:12:38.2608409Z Collecting fsspec>=0.8.5 (from torch<3.0,>=2.8->stable-baselines3>=2.3->cleolob==0.2.0)
2026-09-21T20:12:38.2650481Z   Downloading fsspec-2026.9.0-py3-none-any.whl.metadata (10 kB)
2026-09-21T20:12:38.2941187Z Collecting cuda-toolkit==13.0.3 (from cuda-toolkit[cublas,cudart,cufft,cufile,cupti,curand,cusolver,cusparse,nvjitlink,nvrtc,nvtx]==13.0.3; platform_system == "Linux"->torch<3.0,>=2.8->stable-baselines3>=2.3->cleolob==0.2.0)
2026-09-21T20:12:38.2978705Z   Downloading cuda_toolkit-13.0.3.0-py2.py3-none-any.whl.metadata (17 kB)
2026-09-21T20:12:38.3448183Z Collecting cuda-bindings<14,>=13.0.3 (from torch<3.0,>=2.8->stable-baselines3>=2.3->cleolob==0.2.0)
2026-09-21T20:12:38.3488236Z   Downloading cuda_bindings-13.4.2-cp311-cp311-manylinux_2_24_x86_64.manylinux_2_28_x86_64.whl.metadata (2.4 kB)
2026-09-21T20:12:38.3633862Z Collecting nvidia-cudnn-cu13==9.24.0.43 (from torch<3.0,>=2.8->stable-baselines3>=2.3->cleolob==0.2.0)
2026-09-21T20:12:38.3673297Z   Downloading nvidia_cudnn_cu13-9.24.0.43-py3-none-manylinux_2_27_x86_64.whl.metadata (1.9 kB)
2026-09-21T20:12:38.3788941Z Collecting nvidia-cusparselt-cu13==0.8.1 (from torch<3.0,>=2.8->stable-baselines3>=2.3->cleolob==0.2.0)
2026-09-21T20:12:38.3848091Z   Downloading nvidia_cusparselt_cu13-0.8.1-py3-none-manylinux2014_x86_64.whl.metadata (12 kB)
2026-09-21T20:12:38.3976146Z Collecting nvidia-nccl-cu13==2.30.7 (from torch<3.0,>=2.8->stable-baselines3>=2.3->cleolob==0.2.0)
2026-09-21T20:12:38.4014363Z   Downloading nvidia_nccl_cu13-2.30.7-py3-none-manylinux_2_18_x86_64.whl.metadata (2.1 kB)
2026-09-21T20:12:38.4133800Z Collecting nvidia-nvshmem-cu13==3.4.5 (from torch<3.0,>=2.8->stable-baselines3>=2.3->cleolob==0.2.0)
2026-09-21T20:12:38.4200196Z   Downloading nvidia_nvshmem_cu13-3.4.5-py3-none-manylinux2014_x86_64.manylinux_2_17_x86_64.whl.metadata (2.1 kB)
2026-09-21T20:12:38.4379928Z Collecting triton~=3.8.0 (from torch<3.0,>=2.8->stable-baselines3>=2.3->cleolob==0.2.0)
2026-09-21T20:12:38.4418136Z   Downloading triton-3.8.0-cp311-cp311-manylinux_2_27_x86_64.manylinux_2_28_x86_64.whl.metadata (978 bytes)
2026-09-21T20:12:38.4604573Z Collecting nvidia-cublas==13.1.1.3.* (from cuda-toolkit[cublas,cudart,cufft,cufile,cupti,curand,cusolver,cusparse,nvjitlink,nvrtc,nvtx]==13.0.3; platform_system == "Linux"->torch<3.0,>=2.8->stable-baselines3>=2.3->cleolob==0.2.0)
2026-09-21T20:12:38.4642710Z   Downloading nvidia_cublas-13.1.1.3-py3-none-manylinux_2_27_x86_64.whl.metadata (1.8 kB)
2026-09-21T20:12:38.4771153Z Collecting nvidia-cuda-nvrtc==13.0.88.* (from cuda-toolkit[cublas,cudart,cufft,cufile,cupti,curand,cusolver,cusparse,nvjitlink,nvrtc,nvtx]==13.0.3; platform_system == "Linux"->torch<3.0,>=2.8->stable-baselines3>=2.3->cleolob==0.2.0)
2026-09-21T20:12:38.4834143Z   Downloading nvidia_cuda_nvrtc-13.0.88-py3-none-manylinux2010_x86_64.manylinux_2_12_x86_64.whl.metadata (1.7 kB)
2026-09-21T20:12:38.4971575Z Collecting nvidia-cuda-runtime==13.0.96.* (from cuda-toolkit[cublas,cudart,cufft,cufile,cupti,curand,cusolver,cusparse,nvjitlink,nvrtc,nvtx]==13.0.3; platform_system == "Linux"->torch<3.0,>=2.8->stable-baselines3>=2.3->cleolob==0.2.0)
2026-09-21T20:12:38.5008727Z   Downloading nvidia_cuda_runtime-13.0.96-py3-none-manylinux2014_x86_64.manylinux_2_17_x86_64.whl.metadata (1.7 kB)
2026-09-21T20:12:38.5148471Z Collecting nvidia-cufft==12.0.0.61.* (from cuda-toolkit[cublas,cudart,cufft,cufile,cupti,curand,cusolver,cusparse,nvjitlink,nvrtc,nvtx]==13.0.3; platform_system == "Linux"->torch<3.0,>=2.8->stable-baselines3>=2.3->cleolob==0.2.0)
2026-09-21T20:12:38.5185348Z   Downloading nvidia_cufft-12.0.0.61-py3-none-manylinux2014_x86_64.manylinux_2_17_x86_64.whl.metadata (1.8 kB)
2026-09-21T20:12:38.5332741Z Collecting nvidia-nvjitlink<14,>=13.0.88 (from cuda-toolkit[cublas,cudart,cufft,cufile,cupti,curand,cusolver,cusparse,nvjitlink,nvrtc,nvtx]==13.0.3; platform_system == "Linux"->torch<3.0,>=2.8->stable-baselines3>=2.3->cleolob==0.2.0)
2026-09-21T20:12:38.5397072Z   Downloading nvidia_nvjitlink-13.4.92-py3-none-manylinux2010_x86_64.manylinux_2_12_x86_64.whl.metadata (1.8 kB)
2026-09-21T20:12:38.5516369Z Collecting nvidia-cufile==1.15.1.6.* (from cuda-toolkit[cublas,cudart,cufft,cufile,cupti,curand,cusolver,cusparse,nvjitlink,nvrtc,nvtx]==13.0.3; platform_system == "Linux"->torch<3.0,>=2.8->stable-baselines3>=2.3->cleolob==0.2.0)
2026-09-21T20:12:38.5558830Z   Downloading nvidia_cufile-1.15.1.6-py3-none-manylinux2014_x86_64.manylinux_2_17_x86_64.whl.metadata (1.7 kB)
2026-09-21T20:12:38.5676694Z Collecting nvidia-cuda-cupti==13.0.85.* (from cuda-toolkit[cublas,cudart,cufft,cufile,cupti,curand,cusolver,cusparse,nvjitlink,nvrtc,nvtx]==13.0.3; platform_system == "Linux"->torch<3.0,>=2.8->stable-baselines3>=2.3->cleolob==0.2.0)
2026-09-21T20:12:38.5715477Z   Downloading nvidia_cuda_cupti-13.0.85-py3-none-manylinux_2_25_x86_64.whl.metadata (1.7 kB)
2026-09-21T20:12:38.5837919Z Collecting nvidia-curand==10.4.0.35.* (from cuda-toolkit[cublas,cudart,cufft,cufile,cupti,curand,cusolver,cusparse,nvjitlink,nvrtc,nvtx]==13.0.3; platform_system == "Linux"->torch<3.0,>=2.8->stable-baselines3>=2.3->cleolob==0.2.0)
2026-09-21T20:12:38.5877125Z   Downloading nvidia_curand-10.4.0.35-py3-none-manylinux_2_27_x86_64.whl.metadata (1.7 kB)
2026-09-21T20:12:38.6005107Z Collecting nvidia-cusolver==12.0.4.66.* (from cuda-toolkit[cublas,cudart,cufft,cufile,cupti,curand,cusolver,cusparse,nvjitlink,nvrtc,nvtx]==13.0.3; platform_system == "Linux"->torch<3.0,>=2.8->stable-baselines3>=2.3->cleolob==0.2.0)
2026-09-21T20:12:38.6040835Z   Downloading nvidia_cusolver-12.0.4.66-py3-none-manylinux_2_27_x86_64.whl.metadata (1.8 kB)
2026-09-21T20:12:38.6175624Z Collecting nvidia-cusparse==12.6.3.3.* (from cuda-toolkit[cublas,cudart,cufft,cufile,cupti,curand,cusolver,cusparse,nvjitlink,nvrtc,nvtx]==13.0.3; platform_system == "Linux"->torch<3.0,>=2.8->stable-baselines3>=2.3->cleolob==0.2.0)
2026-09-21T20:12:38.6211149Z   Downloading nvidia_cusparse-12.6.3.3-py3-none-manylinux2014_x86_64.manylinux_2_17_x86_64.whl.metadata (1.8 kB)
2026-09-21T20:12:38.6383187Z Collecting nvidia-nvtx==13.0.85.* (from cuda-toolkit[cublas,cudart,cufft,cufile,cupti,curand,cusolver,cusparse,nvjitlink,nvrtc,nvtx]==13.0.3; platform_system == "Linux"->torch<3.0,>=2.8->stable-baselines3>=2.3->cleolob==0.2.0)
2026-09-21T20:12:38.6424448Z   Downloading nvidia_nvtx-13.0.85-py3-none-manylinux1_x86_64.manylinux_2_5_x86_64.whl.metadata (1.8 kB)
2026-09-21T20:12:38.6581679Z Collecting cuda-pathfinder>=1.4.2 (from cuda-bindings<14,>=13.0.3->torch<3.0,>=2.8->stable-baselines3>=2.3->cleolob==0.2.0)
2026-09-21T20:12:38.6617944Z   Downloading cuda_pathfinder-1.8.2-py3-none-any.whl.metadata (1.9 kB)
2026-09-21T20:12:38.6890241Z Collecting mpmath<1.4,>=1.1.0 (from sympy>=1.13.3->torch<3.0,>=2.8->stable-baselines3>=2.3->cleolob==0.2.0)
2026-09-21T20:12:38.6905735Z   Using cached mpmath-1.3.0-py3-none-any.whl.metadata (8.6 kB)
2026-09-21T20:12:38.7040324Z Collecting absl-py>=0.4 (from tensorboard>=2.16->cleolob==0.2.0)
2026-09-21T20:12:38.7054249Z   Using cached absl_py-2.5.0-py3-none-any.whl.metadata (3.3 kB)
2026-09-21T20:12:39.2346842Z Collecting grpcio<2.0,>=1.74.0 (from tensorboard>=2.16->cleolob==0.2.0)
2026-09-21T20:12:39.2364119Z   Using cached grpcio-1.84.0-cp311-cp311-manylinux2014_x86_64.manylinux_2_17_x86_64.whl.metadata (3.8 kB)
2026-09-21T20:12:39.2521663Z Collecting markdown>=2.6.8 (from tensorboard>=2.16->cleolob==0.2.0)
2026-09-21T20:12:39.2536546Z   Using cached markdown-3.10.3-py3-none-any.whl.metadata (5.1 kB)
2026-09-21T20:12:39.4099536Z Collecting pillow (from tensorboard>=2.16->cleolob==0.2.0)
2026-09-21T20:12:39.4117003Z   Using cached pillow-12.3.0-cp311-cp311-manylinux_2_27_x86_64.manylinux_2_28_x86_64.whl.metadata (9.1 kB)
2026-09-21T20:12:39.5507825Z Collecting protobuf<8.0.0,>=6.31.1 (from tensorboard>=2.16->cleolob==0.2.0)
2026-09-21T20:12:39.5525177Z   Using cached protobuf-7.36.2-cp310-abi3-manylinux2014_x86_64.whl.metadata (595 bytes)
2026-09-21T20:12:39.5634765Z Collecting tensorboard-data-server<0.8.0,>=0.7.0 (from tensorboard>=2.16->cleolob==0.2.0)
2026-09-21T20:12:39.5648937Z   Using cached tensorboard_data_server-0.7.2-py3-none-manylinux_2_31_x86_64.whl.metadata (1.1 kB)
2026-09-21T20:12:39.5822177Z Collecting werkzeug>=1.0.1 (from tensorboard>=2.16->cleolob==0.2.0)
2026-09-21T20:12:39.5837772Z   Using cached werkzeug-3.1.8-py3-none-any.whl.metadata (4.0 kB)
2026-09-21T20:12:39.6855052Z Collecting markupsafe>=2.1.1 (from werkzeug>=1.0.1->tensorboard>=2.16->cleolob==0.2.0)
2026-09-21T20:12:39.6927540Z   Downloading markupsafe-3.0.3-cp311-cp311-manylinux2014_x86_64.manylinux_2_17_x86_64.manylinux_2_28_x86_64.whl.metadata (2.7 kB)
2026-09-21T20:12:39.7017632Z Using cached gymnasium-1.3.0-py3-none-any.whl (953 kB)
2026-09-21T20:12:39.7035984Z Using cached cloudpickle-3.1.2-py3-none-any.whl (22 kB)
2026-09-21T20:12:39.7049658Z Using cached farama_notifications-0.0.6-py3-none-any.whl (2.9 kB)
2026-09-21T20:12:39.7063621Z Using cached numpy-2.4.6-cp311-cp311-manylinux_2_27_x86_64.manylinux_2_28_x86_64.whl (16.9 MB)
2026-09-21T20:12:39.7148398Z Using cached pandas-3.0.6-cp311-cp311-manylinux_2_24_x86_64.manylinux_2_28_x86_64.whl (11.1 MB)
2026-09-21T20:12:39.7206715Z Using cached pydantic-2.13.5-py3-none-any.whl (472 kB)
2026-09-21T20:12:39.7222961Z Using cached pydantic_core-2.46.5-cp311-cp311-manylinux_2_17_x86_64.manylinux2014_x86_64.whl (2.1 MB)
2026-09-21T20:12:39.7243792Z Using cached annotated_types-0.8.0-py3-none-any.whl (13 kB)
2026-09-21T20:12:39.7257869Z Using cached pytest-9.1.1-py3-none-any.whl (386 kB)
2026-09-21T20:12:39.7272891Z Using cached pluggy-1.6.0-py3-none-any.whl (20 kB)
2026-09-21T20:12:39.7287270Z Using cached iniconfig-2.3.0-py3-none-any.whl (7.5 kB)
2026-09-21T20:12:39.7300864Z Using cached packaging-26.3-py3-none-any.whl (129 kB)
2026-09-21T20:12:39.7315223Z Using cached pygments-2.21.0-py3-none-any.whl (1.3 MB)
2026-09-21T20:12:39.7333539Z Using cached python_dateutil-2.9.0.post0-py2.py3-none-any.whl (229 kB)
2026-09-21T20:12:39.7348726Z Using cached pyyaml-6.0.3-cp311-cp311-manylinux2014_x86_64.manylinux_2_17_x86_64.manylinux_2_28_x86_64.whl (806 kB)
2026-09-21T20:12:39.7365446Z Using cached ruff-0.16.8-py3-none-manylinux_2_17_x86_64.manylinux2014_x86_64.whl (10.3 MB)
2026-09-21T20:12:39.7420792Z Using cached six-1.17.0-py2.py3-none-any.whl (11 kB)
2026-09-21T20:12:39.7434280Z Using cached stable_baselines3-2.9.0-py3-none-any.whl (187 kB)
2026-09-21T20:12:39.7476524Z Downloading torch-2.14.0-cp311-cp311-manylinux_2_28_x86_64.whl (554.6 MB)
2026-09-21T20:12:43.3555438Z    ━━━━━━━━━━━━━━━━━━━━━━━━━━━━━━━━━━━━━━━━ 554.6/554.6 MB 93.5 MB/s  0:00:03
2026-09-21T20:12:43.3602675Z Downloading cuda_toolkit-13.0.3.0-py2.py3-none-any.whl (2.5 kB)
2026-09-21T20:12:43.3675513Z Downloading nvidia_cudnn_cu13-9.24.0.43-py3-none-manylinux_2_27_x86_64.whl (553.1 MB)
2026-09-21T20:12:46.9098880Z    ━━━━━━━━━━━━━━━━━━━━━━━━━━━━━━━━━━━━━━━━ 553.1/553.1 MB 86.8 MB/s  0:00:03
2026-09-21T20:12:46.9141365Z Downloading nvidia_cusparselt_cu13-0.8.1-py3-none-manylinux2014_x86_64.whl (170.1 MB)
2026-09-21T20:12:47.5910743Z    ━━━━━━━━━━━━━━━━━━━━━━━━━━━━━━━━━━━━━━━━ 170.1/170.1 MB 252.1 MB/s  0:00:00
2026-09-21T20:12:47.5955296Z Downloading nvidia_nccl_cu13-2.30.7-py3-none-manylinux_2_18_x86_64.whl (216.0 MB)
2026-09-21T20:12:48.5323237Z    ━━━━━━━━━━━━━━━━━━━━━━━━━━━━━━━━━━━━━━━━ 216.0/216.0 MB 230.9 MB/s  0:00:00
2026-09-21T20:12:48.5371308Z Downloading nvidia_nvshmem_cu13-3.4.5-py3-none-manylinux2014_x86_64.manylinux_2_17_x86_64.whl (60.4 MB)
2026-09-21T20:12:48.7680545Z    ━━━━━━━━━━━━━━━━━━━━━━━━━━━━━━━━━━━━━━━━ 60.4/60.4 MB 263.3 MB/s  0:00:00
2026-09-21T20:12:48.7726928Z Downloading cuda_bindings-13.4.2-cp311-cp311-manylinux_2_24_x86_64.manylinux_2_28_x86_64.whl (7.2 MB)
2026-09-21T20:12:48.8053843Z    ━━━━━━━━━━━━━━━━━━━━━━━━━━━━━━━━━━━━━━━━ 7.2/7.2 MB 226.9 MB/s  0:00:00
2026-09-21T20:12:48.8103516Z Downloading nvidia_cublas-13.1.1.3-py3-none-manylinux_2_27_x86_64.whl (423.1 MB)
2026-09-21T20:12:52.1450424Z    ━━━━━━━━━━━━━━━━━━━━━━━━━━━━━━━━━━━━━━━━ 423.1/423.1 MB 88.8 MB/s  0:00:03
2026-09-21T20:12:52.1492619Z Downloading nvidia_cuda_cupti-13.0.85-py3-none-manylinux_2_25_x86_64.whl (10.7 MB)
2026-09-21T20:12:52.1881986Z    ━━━━━━━━━━━━━━━━━━━━━━━━━━━━━━━━━━━━━━━━ 10.7/10.7 MB 298.9 MB/s  0:00:00
2026-09-21T20:12:52.1929797Z Downloading nvidia_cuda_nvrtc-13.0.88-py3-none-manylinux2010_x86_64.manylinux_2_12_x86_64.whl (90.2 MB)
2026-09-21T20:12:52.4978438Z    ━━━━━━━━━━━━━━━━━━━━━━━━━━━━━━━━━━━━━━━━ 90.2/90.2 MB 298.0 MB/s  0:00:00
2026-09-21T20:12:52.5019984Z Downloading nvidia_cuda_runtime-13.0.96-py3-none-manylinux2014_x86_64.manylinux_2_17_x86_64.whl (2.2 MB)
2026-09-21T20:12:52.5109948Z    ━━━━━━━━━━━━━━━━━━━━━━━━━━━━━━━━━━━━━━━━ 2.2/2.2 MB 290.2 MB/s  0:00:00
2026-09-21T20:12:52.5157006Z Downloading nvidia_cufft-12.0.0.61-py3-none-manylinux2014_x86_64.manylinux_2_17_x86_64.whl (214.1 MB)
2026-09-21T20:12:53.7005195Z    ━━━━━━━━━━━━━━━━━━━━━━━━━━━━━━━━━━━━━━━━ 214.1/214.1 MB 180.9 MB/s  0:00:01
2026-09-21T20:12:53.7048349Z Downloading nvidia_cufile-1.15.1.6-py3-none-manylinux2014_x86_64.manylinux_2_17_x86_64.whl (1.2 MB)
2026-09-21T20:12:53.7111787Z    ━━━━━━━━━━━━━━━━━━━━━━━━━━━━━━━━━━━━━━━━ 1.2/1.2 MB 223.4 MB/s  0:00:00
2026-09-21T20:12:53.7149493Z Downloading nvidia_curand-10.4.0.35-py3-none-manylinux_2_27_x86_64.whl (59.5 MB)
2026-09-21T20:12:53.9438626Z    ━━━━━━━━━━━━━━━━━━━━━━━━━━━━━━━━━━━━━━━━ 59.5/59.5 MB 261.8 MB/s  0:00:00
2026-09-21T20:12:53.9485131Z Downloading nvidia_cusolver-12.0.4.66-py3-none-manylinux_2_27_x86_64.whl (200.9 MB)
2026-09-21T20:12:55.7870987Z    ━━━━━━━━━━━━━━━━━━━━━━━━━━━━━━━━━━━━━━━━ 200.9/200.9 MB 109.3 MB/s  0:00:01
2026-09-21T20:12:55.7921111Z Downloading nvidia_cusparse-12.6.3.3-py3-none-manylinux2014_x86_64.manylinux_2_17_x86_64.whl (145.9 MB)
2026-09-21T20:12:56.2414570Z    ━━━━━━━━━━━━━━━━━━━━━━━━━━━━━━━━━━━━━━━━ 145.9/145.9 MB 326.5 MB/s  0:00:00
2026-09-21T20:12:56.2461640Z Downloading nvidia_nvjitlink-13.4.92-py3-none-manylinux2010_x86_64.manylinux_2_12_x86_64.whl (42.5 MB)
2026-09-21T20:12:56.3637813Z    ━━━━━━━━━━━━━━━━━━━━━━━━━━━━━━━━━━━━━━━━ 42.5/42.5 MB 366.8 MB/s  0:00:00
2026-09-21T20:12:56.3683651Z Downloading nvidia_nvtx-13.0.85-py3-none-manylinux1_x86_64.manylinux_2_5_x86_64.whl (148 kB)
2026-09-21T20:12:56.3747592Z Downloading triton-3.8.0-cp311-cp311-manylinux_2_27_x86_64.manylinux_2_28_x86_64.whl (247.9 MB)
2026-09-21T20:12:58.3473254Z    ━━━━━━━━━━━━━━━━━━━━━━━━━━━━━━━━━━━━━━━━ 247.9/247.9 MB 125.7 MB/s  0:00:01
2026-09-21T20:12:58.3514230Z Downloading cuda_pathfinder-1.8.2-py3-none-any.whl (62 kB)
2026-09-21T20:12:58.3578478Z Downloading fsspec-2026.9.0-py3-none-any.whl (221 kB)
2026-09-21T20:12:58.3616801Z Using cached networkx-3.6.1-py3-none-any.whl (2.1 MB)
2026-09-21T20:12:58.3639452Z Using cached sympy-1.14.0-py3-none-any.whl (6.3 MB)
2026-09-21T20:12:58.3678733Z Using cached mpmath-1.3.0-py3-none-any.whl (536 kB)
2026-09-21T20:12:58.3695500Z Using cached tensorboard-2.21.0-py3-none-any.whl (5.5 MB)
2026-09-21T20:12:58.3730459Z Using cached grpcio-1.84.0-cp311-cp311-manylinux2014_x86_64.manylinux_2_17_x86_64.whl (7.2 MB)
2026-09-21T20:12:58.3774373Z Using cached protobuf-7.36.2-cp310-abi3-manylinux2014_x86_64.whl (343 kB)
2026-09-21T20:12:58.3790124Z Using cached tensorboard_data_server-0.7.2-py3-none-manylinux_2_31_x86_64.whl (6.6 MB)
2026-09-21T20:12:58.3827993Z Using cached typing_extensions-4.16.0-py3-none-any.whl (45 kB)
2026-09-21T20:12:58.3842435Z Using cached absl_py-2.5.0-py3-none-any.whl (137 kB)
2026-09-21T20:12:58.3857336Z Using cached markdown-3.10.3-py3-none-any.whl (110 kB)
2026-09-21T20:12:58.3871977Z Using cached typing_inspection-0.4.4-py3-none-any.whl (14 kB)
2026-09-21T20:12:58.3886336Z Using cached werkzeug-3.1.8-py3-none-any.whl (226 kB)
2026-09-21T20:12:58.3932420Z Downloading markupsafe-3.0.3-cp311-cp311-manylinux2014_x86_64.manylinux_2_17_x86_64.manylinux_2_28_x86_64.whl (22 kB)
2026-09-21T20:12:58.4014802Z Downloading filelock-4.0.1-py3-none-any.whl (106 kB)
2026-09-21T20:12:58.4079061Z Downloading jinja2-3.1.6-py3-none-any.whl (134 kB)
2026-09-21T20:12:58.4119508Z Using cached pillow-12.3.0-cp311-cp311-manylinux_2_27_x86_64.manylinux_2_28_x86_64.whl (6.9 MB)
2026-09-21T20:13:00.7652814Z Building wheels for collected packages: cleolob
2026-09-21T20:13:00.7661566Z   Building editable for cleolob (pyproject.toml): started
2026-09-21T20:13:00.9632674Z   Building editable for cleolob (pyproject.toml): finished with status 'done'
2026-09-21T20:13:00.9638667Z   Created wheel for cleolob: filename=cleolob-0.2.0-0.editable-py3-none-any.whl size=3130 sha256=fd060debd15ba32150a50bb768dc4533b58f4fca5cf3a938c0998e2b1c727a22
2026-09-21T20:13:00.9640698Z   Stored in directory: /tmp/pip-ephem-wheel-cache-8ilsak32/wheels/53/3b/9a/1b45045a9272b0ea69cb01e7262ad654d91bd188b861f8356c
2026-09-21T20:13:00.9654897Z Successfully built cleolob
2026-09-21T20:13:01.1304088Z Installing collected packages: nvidia-cusparselt-cu13, mpmath, farama-notifications, cuda-toolkit, typing-extensions, triton, tensorboard-data-server, sympy, six, ruff, PyYAML, pygments, protobuf, pluggy, pillow, packaging, nvidia-nvtx, nvidia-nvshmem-cu13, nvidia-nvjitlink, nvidia-nccl-cu13, nvidia-curand, nvidia-cufile, nvidia-cuda-runtime, nvidia-cuda-nvrtc, nvidia-cuda-cupti, numpy, networkx, markupsafe, markdown, iniconfig, fsspec, filelock, cuda-pathfinder, cloudpickle, annotated-types, absl-py, werkzeug, typing-inspection, python-dateutil, pytest, pydantic-core, nvidia-cusparse, nvidia-cufft, nvidia-cublas, jinja2, gymnasium, grpcio, cuda-bindings, tensorboard, pydantic, pandas, nvidia-cusolver, nvidia-cudnn-cu13, cleolob, torch, stable-baselines3
2026-09-21T20:13:42.4384246Z 
2026-09-21T20:13:42.4413950Z Successfully installed PyYAML-6.0.3 absl-py-2.5.0 annotated-types-0.8.0 cleolob-0.2.0 cloudpickle-3.1.2 cuda-bindings-13.4.2 cuda-pathfinder-1.8.2 cuda-toolkit-13.0.3.0 farama-notifications-0.0.6 filelock-4.0.1 fsspec-2026.9.0 grpcio-1.84.0 gymnasium-1.3.0 iniconfig-2.3.0 jinja2-3.1.6 markdown-3.10.3 markupsafe-3.0.3 mpmath-1.3.0 networkx-3.6.1 numpy-2.4.6 nvidia-cublas-13.1.1.3 nvidia-cuda-cupti-13.0.85 nvidia-cuda-nvrtc-13.0.88 nvidia-cuda-runtime-13.0.96 nvidia-cudnn-cu13-9.24.0.43 nvidia-cufft-12.0.0.61 nvidia-cufile-1.15.1.6 nvidia-curand-10.4.0.35 nvidia-cusolver-12.0.4.66 nvidia-cusparse-12.6.3.3 nvidia-cusparselt-cu13-0.8.1 nvidia-nccl-cu13-2.30.7 nvidia-nvjitlink-13.4.92 nvidia-nvshmem-cu13-3.4.5 nvidia-nvtx-13.0.85 packaging-26.3 pandas-3.0.6 pillow-12.3.0 pluggy-1.6.0 protobuf-7.36.2 pydantic-2.13.5 pydantic-core-2.46.5 pygments-2.21.0 pytest-9.1.1 python-dateutil-2.9.0.post0 ruff-0.16.8 six-1.17.0 stable-baselines3-2.9.0 sympy-1.14.0 tensorboard-2.21.0 tensorboard-data-server-0.7.2 torch-2.14.0 triton-3.8.0 typing-extensions-4.16.0 typing-inspection-0.4.4 werkzeug-3.1.8
2026-09-21T20:13:42.8264684Z ##[group]Run study="examples/studies/core/ppo-final-35649544066"
2026-09-21T20:13:42.8265226Z [36;1mstudy="examples/studies/core/ppo-final-35649544066"[0m
2026-09-21T20:13:42.8265610Z [36;1mpython train_rl.py register \[0m
2026-09-21T20:13:42.8265952Z [36;1m  --config configs/core-study.json \[0m
2026-09-21T20:13:42.8266261Z [36;1m  --out "$study"[0m
2026-09-21T20:13:42.8308917Z shell: /usr/bin/bash --noprofile --norc -e -o pipefail {0}
2026-09-21T20:13:42.8309287Z env:
2026-09-21T20:13:42.8309576Z   pythonLocation: /opt/hostedtoolcache/Python/3.11.16/x64
2026-09-21T20:13:42.8310055Z   PKG_CONFIG_PATH: /opt/hostedtoolcache/Python/3.11.16/x64/lib/pkgconfig
2026-09-21T20:13:42.8310520Z   Python_ROOT_DIR: /opt/hostedtoolcache/Python/3.11.16/x64
2026-09-21T20:13:42.8310931Z   Python2_ROOT_DIR: /opt/hostedtoolcache/Python/3.11.16/x64
2026-09-21T20:13:42.8311352Z   Python3_ROOT_DIR: /opt/hostedtoolcache/Python/3.11.16/x64
2026-09-21T20:13:42.8311827Z   LD_LIBRARY_PATH: /opt/hostedtoolcache/Python/3.11.16/x64/lib
2026-09-21T20:13:42.8312196Z ##[endgroup]
2026-09-21T20:13:43.5787814Z /home/runner/work/CleoLOB/CleoLOB/examples/studies/core/ppo-final-35649544066
2026-09-21T20:13:43.6479133Z ##[group]Run study="examples/studies/core/ppo-final-35649544066"
2026-09-21T20:13:43.6479685Z [36;1mstudy="examples/studies/core/ppo-final-35649544066"[0m
2026-09-21T20:13:43.6480099Z [36;1mpython train_rl.py train --study "$study"[0m
2026-09-21T20:13:43.6519748Z shell: /usr/bin/bash --noprofile --norc -e -o pipefail {0}
2026-09-21T20:13:43.6520138Z env:
2026-09-21T20:13:43.6520443Z   pythonLocation: /opt/hostedtoolcache/Python/3.11.16/x64
2026-09-21T20:13:43.6520955Z   PKG_CONFIG_PATH: /opt/hostedtoolcache/Python/3.11.16/x64/lib/pkgconfig
2026-09-21T20:13:43.6521446Z   Python_ROOT_DIR: /opt/hostedtoolcache/Python/3.11.16/x64
2026-09-21T20:13:43.6521882Z   Python2_ROOT_DIR: /opt/hostedtoolcache/Python/3.11.16/x64
2026-09-21T20:13:43.6522320Z   Python3_ROOT_DIR: /opt/hostedtoolcache/Python/3.11.16/x64
2026-09-21T20:13:43.6522769Z   LD_LIBRARY_PATH: /opt/hostedtoolcache/Python/3.11.16/x64/lib
2026-09-21T20:13:43.6523148Z ##[endgroup]
2026-09-21T20:14:09.0167263Z {"episodes":36,"training_progress_steps":1024}
2026-09-21T20:14:30.9899414Z {"episodes":71,"training_progress_steps":2048}
2026-09-21T20:14:52.1972193Z {"episodes":106,"training_progress_steps":3072}
2026-09-21T20:15:13.4397824Z {"episodes":141,"training_progress_steps":4096}
2026-09-21T20:15:34.3807425Z {"episodes":172,"training_progress_steps":5120}
2026-09-21T20:15:55.1435631Z {"episodes":200,"training_progress_steps":6144}
2026-09-21T20:16:16.0262083Z {"episodes":227,"training_progress_steps":7168}
2026-09-21T20:16:36.8118241Z {"episodes":255,"training_progress_steps":8192}
2026-09-21T20:16:36.9021657Z {"completed_at":"2026-09-21T20:16:36.901086+00:00","config_sha256":"ad27b6d96a527f36587a771b1935ed816a15b3aeaa6ec1669b3ef4dc990a65c9","elapsed_seconds":170.01360370999998,"episodes":255,"model_sha256":"8373a288b56194b1e164a03ea2ccbdc69d0a8530abf65577ea7e47c40bbc76d1","penalty_bps":0.0,"preregistration_sha256":"39b51c741664a70ee68795d7fd53b6948c6ac2121a0a6d6b5a132b09a5cfd338","reward_summary":{"completion_penalty_absolute_share":0.0,"episodes":255,"first_quarter_mean_return_bps":-1.3733726825396826,"invalid_episodes":0,"last_quarter_mean_return_bps":-0.3753981746031745,"mean_absolute_reward_terms_bps":{"completion_penalty":0.0,"fees":0.1993067050910963,"fills":1.2192831390903878,"late_fees":0.0,"late_fills":0.0,"terminal_fees":0.0005467025079322938,"terminal_shortfall":0.00120655405386675},"mean_return_bps":-0.8171618627450982,"mean_reward_terms_bps":{"completion_penalty":0.0,"fees":-0.1993067050910963,"fills":-0.6161019052246446,"late_fees":0.0,"late_fills":0.0,"terminal_fees":-0.0005467025079322938,"terminal_shortfall":-0.00120655405386675}},"timesteps":8192,"training_completed":"penalty-0-seed-81001","training_seed":81001,"training_trace_sha256":"234946ffe9940db681afac083858b6a355df1297f3d7513bc479ebf8d3fef457"}
2026-09-21T20:16:57.7203042Z {"episodes":34,"training_progress_steps":1024}
2026-09-21T20:17:18.3054531Z {"episodes":70,"training_progress_steps":2048}
2026-09-21T20:17:38.7644259Z {"episodes":106,"training_progress_steps":3072}
2026-09-21T20:17:59.0761589Z {"episodes":139,"training_progress_steps":4096}
2026-09-21T20:18:19.2138539Z {"episodes":171,"training_progress_steps":5120}
2026-09-21T20:18:38.9089725Z {"episodes":203,"training_progress_steps":6144}
2026-09-21T20:18:58.6772585Z {"episodes":234,"training_progress_steps":7168}
2026-09-21T20:19:18.1380454Z {"episodes":264,"training_progress_steps":8192}
2026-09-21T20:19:18.2249531Z {"completed_at":"2026-09-21T20:19:18.223919+00:00","config_sha256":"ad27b6d96a527f36587a771b1935ed816a15b3aeaa6ec1669b3ef4dc990a65c9","elapsed_seconds":161.32149921899997,"episodes":264,"model_sha256":"f2577b76274ae774c7ae193103580c9705de0052d1130438f3b4183fc1fe805c","penalty_bps":0.0,"preregistration_sha256":"39b51c741664a70ee68795d7fd53b6948c6ac2121a0a6d6b5a132b09a5cfd338","reward_summary":{"completion_penalty_absolute_share":0.0,"episodes":264,"first_quarter_mean_return_bps":-1.0498529242424244,"invalid_episodes":0,"last_quarter_mean_return_bps":-0.8845065606060606,"mean_absolute_reward_terms_bps":{"completion_penalty":0.0,"fees":0.219499750229226,"fills":1.0791626231329625,"late_fees":0.0,"late_fills":0.0,"terminal_fees":0.0,"terminal_shortfall":0.0},"mean_return_bps":-0.8656491401515152,"mean_reward_terms_bps":{"completion_penalty":0.0,"fees":-0.219499750229226,"fills":-0.6461494176341572,"late_fees":0.0,"late_fills":0.0,"terminal_fees":0.0,"terminal_shortfall":0.0}},"timesteps":8192,"training_completed":"penalty-0-seed-81002","training_seed":81002,"training_trace_sha256":"e64a6c5fdf2b55561227441121a722a77c2779b832e9283672965fd5e63042ca"}
2026-09-21T20:19:38.2657319Z {"episodes":35,"training_progress_steps":1024}
2026-09-21T20:19:57.9609795Z {"episodes":69,"training_progress_steps":2048}
2026-09-21T20:20:17.9525421Z {"episodes":102,"training_progress_steps":3072}
2026-09-21T20:20:37.2047154Z {"episodes":132,"training_progress_steps":4096}
2026-09-21T20:20:56.9222067Z {"episodes":161,"training_progress_steps":5120}
2026-09-21T20:21:16.2322338Z {"episodes":190,"training_progress_steps":6144}
2026-09-21T20:21:35.1382563Z {"episodes":213,"training_progress_steps":7168}
2026-09-21T20:21:54.1496925Z {"episodes":237,"training_progress_steps":8192}
2026-09-21T20:21:54.2369149Z {"completed_at":"2026-09-21T20:21:54.235859+00:00","config_sha256":"ad27b6d96a527f36587a771b1935ed816a15b3aeaa6ec1669b3ef4dc990a65c9","elapsed_seconds":156.010635418,"episodes":237,"model_sha256":"c8447d8220fe3656df8aa64216ad7f434d84e0203812f23f6b66fba40fa82549","penalty_bps":0.0,"preregistration_sha256":"39b51c741664a70ee68795d7fd53b6948c6ac2121a0a6d6b5a132b09a5cfd338","reward_summary":{"completion_penalty_absolute_share":0.0,"episodes":237,"first_quarter_mean_return_bps":-1.3434741525423728,"invalid_episodes":0,"last_quarter_mean_return_bps":-0.5069584067796611,"mean_absolute_reward_terms_bps":{"completion_penalty":0.0,"fees":0.32488531570148915,"fills":1.25634164495588,"late_fees":0.0,"late_fills":0.0,"terminal_fees":0.002363131058133226,"terminal_shortfall":0.004795957743369386},"mean_return_bps":-0.9977651012658227,"mean_reward_terms_bps":{"completion_penalty":0.0,"fees":-0.32488531570148915,"fills":-0.6691964658466676,"late_fees":0.0,"late_fills":0.0,"terminal_fees":-0.002363131058133226,"terminal_shortfall":-0.0013201735825897267}},"timesteps":8192,"training_completed":"penalty-0-seed-81003","training_seed":81003,"training_trace_sha256":"34abba3ed930dff99988df372f022de1ecf285f5a2527d3bddc2752906c55f94"}
2026-09-21T20:22:13.9837178Z {"episodes":33,"training_progress_steps":1024}
2026-09-21T20:22:33.2812127Z {"episodes":62,"training_progress_steps":2048}
2026-09-21T20:22:52.3457045Z {"episodes":90,"training_progress_steps":3072}
2026-09-21T20:23:11.4213540Z {"episodes":115,"training_progress_steps":4096}
2026-09-21T20:23:30.4830308Z {"episodes":142,"training_progress_steps":5120}
2026-09-21T20:23:49.9934535Z {"episodes":173,"training_progress_steps":6144}
2026-09-21T20:24:09.5874203Z {"episodes":205,"training_progress_steps":7168}
2026-09-21T20:24:29.2974199Z {"episodes":237,"training_progress_steps":8192}
2026-09-21T20:24:29.3862670Z {"completed_at":"2026-09-21T20:24:29.384892+00:00","config_sha256":"ad27b6d96a527f36587a771b1935ed816a15b3aeaa6ec1669b3ef4dc990a65c9","elapsed_seconds":155.14772280199998,"episodes":237,"model_sha256":"cb9a3c1e6d1e9b32e1f8fd6c875c9c7f25926a0dc4f2ebc7b40cbefa588cb1d9","penalty_bps":0.0,"preregistration_sha256":"39b51c741664a70ee68795d7fd53b6948c6ac2121a0a6d6b5a132b09a5cfd338","reward_summary":{"completion_penalty_absolute_share":0.0,"episodes":237,"first_quarter_mean_return_bps":-1.1608261355932201,"invalid_episodes":0,"last_quarter_mean_return_bps":-0.8175315762711864,"mean_absolute_reward_terms_bps":{"completion_penalty":0.0,"fees":0.20551241918337526,"fills":1.2841485781193527,"late_fees":0.0,"late_fills":0.0,"terminal_fees":0.0015752941998417773,"terminal_shortfall":0.0026220354059952465},"mean_return_bps":-0.9059192278481012,"mean_reward_terms_bps":{"completion_penalty":0.0,"fees":-0.20551241918337526,"fills":-0.6966863570572513,"late_fees":0.0,"late_fills":0.0,"terminal_fees":-0.0015752941998417773,"terminal_shortfall":-0.0021451715254580876}},"timesteps":8192,"training_completed":"penalty-0-seed-81004","training_seed":81004,"training_trace_sha256":"f3d63ee0fdc13ed30829f9f1261f17ff6c158ebf5ab6db27e12b38e024113a39"}
2026-09-21T20:24:49.3964670Z {"episodes":35,"training_progress_steps":1024}
2026-09-21T20:25:09.2284253Z {"episodes":68,"training_progress_steps":2048}
2026-09-21T20:25:28.9253025Z {"episodes":95,"training_progress_steps":3072}
2026-09-21T20:25:48.3004056Z {"episodes":124,"training_progress_steps":4096}
2026-09-21T20:26:07.5767286Z {"episodes":150,"training_progress_steps":5120}
2026-09-21T20:26:26.4384385Z {"episodes":174,"training_progress_steps":6144}
2026-09-21T20:26:45.6849231Z {"episodes":198,"training_progress_steps":7168}
2026-09-21T20:27:04.9036615Z {"episodes":224,"training_progress_steps":8192}
2026-09-21T20:27:04.9908787Z {"completed_at":"2026-09-21T20:27:04.989798+00:00","config_sha256":"ad27b6d96a527f36587a771b1935ed816a15b3aeaa6ec1669b3ef4dc990a65c9","elapsed_seconds":155.60362294700008,"episodes":224,"model_sha256":"9a0c5627b281cca21efdf555313c85ea3d04a42970bd4071aa4f44102f024d36","penalty_bps":0.0,"preregistration_sha256":"39b51c741664a70ee68795d7fd53b6948c6ac2121a0a6d6b5a132b09a5cfd338","reward_summary":{"completion_penalty_absolute_share":0.0,"episodes":224,"first_quarter_mean_return_bps":-1.2742380535714284,"invalid_episodes":0,"last_quarter_mean_return_bps":-1.115340410714286,"mean_absolute_reward_terms_bps":{"completion_penalty":0.0,"fees":0.30523403555669226,"fills":1.3782468908091392,"late_fees":0.0,"late_fills":0.0,"terminal_fees":0.0037365050024701493,"terminal_shortfall":0.010970978799090552},"mean_return_bps":-1.02670190625,"mean_reward_terms_bps":{"completion_penalty":0.0,"fees":-0.30523403555669226,"fills":-0.706760405362023,"late_fees":0.0,"late_fills":0.0,"terminal_fees":-0.0037365050024701493,"terminal_shortfall":-0.010970978799090552}},"timesteps":8192,"training_completed":"penalty-0-seed-81005","training_seed":81005,"training_trace_sha256":"02a2f09489b6a95752db171d0b7c2b3e96ea0159fab1ca00e6fc26f92c9bfc58"}
2026-09-21T20:27:25.3849271Z {"episodes":36,"training_progress_steps":1024}
2026-09-21T20:27:45.8370909Z {"episodes":71,"training_progress_steps":2048}
2026-09-21T20:28:05.6531899Z {"episodes":106,"training_progress_steps":3072}
2026-09-21T20:28:25.8201955Z {"episodes":141,"training_progress_steps":4096}
2026-09-21T20:28:45.6022873Z {"episodes":172,"training_progress_steps":5120}
2026-09-21T20:29:04.8991909Z {"episodes":200,"training_progress_steps":6144}
2026-09-21T20:29:24.5078774Z {"episodes":228,"training_progress_steps":7168}
2026-09-21T20:29:44.0260999Z {"episodes":256,"training_progress_steps":8192}
2026-09-21T20:29:44.1123939Z {"completed_at":"2026-09-21T20:29:44.111368+00:00","config_sha256":"ad27b6d96a527f36587a771b1935ed816a15b3aeaa6ec1669b3ef4dc990a65c9","elapsed_seconds":159.1202283570001,"episodes":256,"model_sha256":"38e101b9317d32b745ecad84870baf8be32fd9140fdf3f59adae1c1c27eb46ef","penalty_bps":5.0,"preregistration_sha256":"39b51c741664a70ee68795d7fd53b6948c6ac2121a0a6d6b5a132b09a5cfd338","reward_summary":{"completion_penalty_absolute_share":0.002057543029376121,"episodes":256,"first_quarter_mean_return_bps":-1.3684740781250002,"invalid_episodes":0,"last_quarter_mean_return_bps":-0.545362921875,"mean_absolute_reward_terms_bps":{"completion_penalty":0.0029741285005834305,"fees":0.2140853340364123,"fills":1.2261196124684677,"late_fees":0.0,"late_fills":0.0,"terminal_fees":0.000594655500741313,"terminal_shortfall":0.0017019937537311035},"mean_return_bps":-0.8536957109375001,"mean_reward_terms_bps":{"completion_penalty":-0.0029741285005834305,"fees":-0.2140853340364123,"fills":-0.6343395833630224,"late_fees":0.0,"late_fills":0.0,"terminal_fees":-0.000594655500741313,"terminal_shortfall":-0.0017019937537311035}},"timesteps":8192,"training_completed":"penalty-5-seed-81001","training_seed":81001,"training_trace_sha256":"ec082b7e0945daa399093a88be882ff9065860216e03c017247484e8b4a8b6ca"}
2026-09-21T20:30:03.9581596Z {"episodes":34,"training_progress_steps":1024}
2026-09-21T20:30:24.3518523Z {"episodes":70,"training_progress_steps":2048}
2026-09-21T20:30:44.3622632Z {"episodes":106,"training_progress_steps":3072}
2026-09-21T20:31:04.3384921Z {"episodes":139,"training_progress_steps":4096}
2026-09-21T20:31:23.8596883Z {"episodes":171,"training_progress_steps":5120}
2026-09-21T20:31:43.8110965Z {"episodes":203,"training_progress_steps":6144}
2026-09-21T20:32:03.4224035Z {"episodes":234,"training_progress_steps":7168}
2026-09-21T20:32:23.0902732Z {"episodes":264,"training_progress_steps":8192}
2026-09-21T20:32:23.1765243Z {"completed_at":"2026-09-21T20:32:23.175512+00:00","config_sha256":"ad27b6d96a527f36587a771b1935ed816a15b3aeaa6ec1669b3ef4dc990a65c9","elapsed_seconds":159.06279365799992,"episodes":264,"model_sha256":"f9373b2ece3f7e865a425dc33f86256ca944a4aabb6256e20cceac3fa16be467","penalty_bps":5.0,"preregistration_sha256":"39b51c741664a70ee68795d7fd53b6948c6ac2121a0a6d6b5a132b09a5cfd338","reward_summary":{"completion_penalty_absolute_share":0.0,"episodes":264,"first_quarter_mean_return_bps":-1.0498529242424244,"invalid_episodes":0,"last_quarter_mean_return_bps":-0.8845065606060606,"mean_absolute_reward_terms_bps":{"completion_penalty":0.0,"fees":0.219499750229226,"fills":1.0791626231329625,"late_fees":0.0,"late_fills":0.0,"terminal_fees":0.0,"terminal_shortfall":0.0},"mean_return_bps":-0.8656491401515152,"mean_reward_terms_bps":{"completion_penalty":0.0,"fees":-0.219499750229226,"fills":-0.6461494176341572,"late_fees":0.0,"late_fills":0.0,"terminal_fees":0.0,"terminal_shortfall":0.0}},"timesteps":8192,"training_completed":"penalty-5-seed-81002","training_seed":81002,"training_trace_sha256":"e64a6c5fdf2b55561227441121a722a77c2779b832e9283672965fd5e63042ca"}
2026-09-21T20:32:43.3789461Z {"episodes":35,"training_progress_steps":1024}
2026-09-21T20:33:03.5097752Z {"episodes":69,"training_progress_steps":2048}
2026-09-21T20:33:23.2090925Z {"episodes":102,"training_progress_steps":3072}
2026-09-21T20:33:43.1433691Z {"episodes":132,"training_progress_steps":4096}
2026-09-21T20:34:02.5654944Z {"episodes":161,"training_progress_steps":5120}
2026-09-21T20:34:22.2565853Z {"episodes":190,"training_progress_steps":6144}
2026-09-21T20:34:41.5493328Z {"episodes":213,"training_progress_steps":7168}
2026-09-21T20:35:00.9347480Z {"episodes":241,"training_progress_steps":8192}
2026-09-21T20:35:01.0197639Z {"completed_at":"2026-09-21T20:35:01.018776+00:00","config_sha256":"ad27b6d96a527f36587a771b1935ed816a15b3aeaa6ec1669b3ef4dc990a65c9","elapsed_seconds":157.84198698,"episodes":241,"model_sha256":"47603c8665c786a721f1d0ac0b1808022af536c6a71f6ef649efb276ac8bea4e","penalty_bps":5.0,"preregistration_sha256":"39b51c741664a70ee68795d7fd53b6948c6ac2121a0a6d6b5a132b09a5cfd338","reward_summary":{"completion_penalty_absolute_share":0.012205075791460908,"episodes":241,"first_quarter_mean_return_bps":-1.3412958166666664,"invalid_episodes":0,"last_quarter_mean_return_bps":-0.8965690499999999,"mean_absolute_reward_terms_bps":{"completion_penalty":0.0196817035204346,"fees":0.32337676692655065,"fills":1.2507713574682506,"late_fees":0.0,"late_fills":0.0,"terminal_fees":0.003935037857160049,"terminal_shortfall":0.014818608244586196},"mean_return_bps":-1.0987551452282156,"mean_reward_terms_bps":{"completion_penalty":-0.0196817035204346,"fees":-0.32337676692655065,"fills":-0.7387331395571416,"late_fees":0.0,"late_fills":0.0,"terminal_fees":-0.003935037857160049,"terminal_shortfall":-0.013028469268700995}},"timesteps":8192,"training_completed":"penalty-5-seed-81003","training_seed":81003,"training_trace_sha256":"a7106cbb73444f88b7a61eb938be009a43644abd3c9ded7ad6c398f9c8a6a079"}
2026-09-21T20:35:21.1222830Z {"episodes":33,"training_progress_steps":1024}
2026-09-21T20:35:40.7993356Z {"episodes":62,"training_progress_steps":2048}
2026-09-21T20:35:59.9153013Z {"episodes":90,"training_progress_steps":3072}
2026-09-21T20:36:18.7812814Z {"episodes":114,"training_progress_steps":4096}
2026-09-21T20:36:37.4081764Z {"episodes":136,"training_progress_steps":5120}
2026-09-21T20:36:56.3716802Z {"episodes":162,"training_progress_steps":6144}
2026-09-21T20:37:15.7355089Z {"episodes":191,"training_progress_steps":7168}
2026-09-21T20:37:34.8129104Z {"episodes":218,"training_progress_steps":8192}
2026-09-21T20:37:34.8992572Z {"completed_at":"2026-09-21T20:37:34.898219+00:00","config_sha256":"ad27b6d96a527f36587a771b1935ed816a15b3aeaa6ec1669b3ef4dc990a65c9","elapsed_seconds":153.87817794499983,"episodes":218,"model_sha256":"2fb01df4e5692e6ad3f17ad943d0107544d7be3c558afbf8ee967f33277e6dfe","penalty_bps":5.0,"preregistration_sha256":"39b51c741664a70ee68795d7fd53b6948c6ac2121a0a6d6b5a132b09a5cfd338","reward_summary":{"completion_penalty_absolute_share":0.0347198083674648,"episodes":218,"first_quarter_mean_return_bps":-1.0677707592592591,"invalid_episodes":0,"last_quarter_mean_return_bps":-0.6500893148148147,"mean_absolute_reward_terms_bps":{"completion_penalty":0.05410114223930288,"fees":0.20548339140770228,"fills":1.2552509925704316,"late_fees":0.0,"late_fills":0.0,"terminal_fees":0.010817085942607127,"terminal_shortfall":0.03256861033955737},"mean_return_bps":-0.9029463853211008,"mean_reward_terms_bps":{"completion_penalty":-0.05410114223930288,"fees":-0.20548339140770228,"fills":-0.6011197165951996,"late_fees":0.0,"late_fills":0.0,"terminal_fees":-0.010817085942607127,"terminal_shortfall":-0.03142505253449687}},"timesteps":8192,"training_completed":"penalty-5-seed-81004","training_seed":81004,"training_trace_sha256":"c10bec71700e2f3d41d9ae21149858eda95c8325d50649fc79569db979150532"}
2026-09-21T20:37:54.7291008Z {"episodes":35,"training_progress_steps":1024}
2026-09-21T20:38:14.2456309Z {"episodes":68,"training_progress_steps":2048}
2026-09-21T20:38:33.6918172Z {"episodes":95,"training_progress_steps":3072}
2026-09-21T20:38:53.0925835Z {"episodes":124,"training_progress_steps":4096}
2026-09-21T20:39:12.4055059Z {"episodes":150,"training_progress_steps":5120}
2026-09-21T20:39:31.5309533Z {"episodes":175,"training_progress_steps":6144}
2026-09-21T20:39:51.1188172Z {"episodes":203,"training_progress_steps":7168}
2026-09-21T20:40:10.6576645Z {"episodes":232,"training_progress_steps":8192}
2026-09-21T20:40:10.7463783Z {"completed_at":"2026-09-21T20:40:10.745234+00:00","config_sha256":"ad27b6d96a527f36587a771b1935ed816a15b3aeaa6ec1669b3ef4dc990a65c9","elapsed_seconds":155.84570210200013,"episodes":232,"model_sha256":"cbf70986e8749d52939662b20f6de2d9757dbf5247cce4c7ff7088adcb96cff7","penalty_bps":5.0,"preregistration_sha256":"39b51c741664a70ee68795d7fd53b6948c6ac2121a0a6d6b5a132b09a5cfd338","reward_summary":{"completion_penalty_absolute_share":0.006445055182978325,"episodes":232,"first_quarter_mean_return_bps":-1.2907807758620686,"invalid_episodes":0,"last_quarter_mean_return_bps":-0.9415277586206896,"mean_absolute_reward_terms_bps":{"completion_penalty":0.010675270591075524,"fees":0.2944416964005847,"fills":1.3456261401878267,"late_fees":0.0,"late_fills":0.0,"terminal_fees":0.0021347068462628325,"terminal_shortfall":0.0034727195227268913},"mean_return_bps":-0.9894748577586207,"mean_reward_terms_bps":{"completion_penalty":-0.010675270591075524,"fees":-0.2944416964005847,"fills":-0.6787504901654671,"late_fees":0.0,"late_fills":0.0,"terminal_fees":-0.0021347068462628325,"terminal_shortfall":-0.0034727195227268913}},"timesteps":8192,"training_completed":"penalty-5-seed-81005","training_seed":81005,"training_trace_sha256":"eaaa2b169ef0149036f67ae4251b68accccf996fc5d4ac188bda1068d4444f3a"}
2026-09-21T20:40:31.0296191Z {"episodes":36,"training_progress_steps":1024}
2026-09-21T20:40:51.2134294Z {"episodes":71,"training_progress_steps":2048}
2026-09-21T20:41:11.4293100Z {"episodes":106,"training_progress_steps":3072}
2026-09-21T20:41:31.4258806Z {"episodes":141,"training_progress_steps":4096}
2026-09-21T20:41:51.1376354Z {"episodes":172,"training_progress_steps":5120}
2026-09-21T20:42:10.6637725Z {"episodes":201,"training_progress_steps":6144}
2026-09-21T20:42:30.4267479Z {"episodes":232,"training_progress_steps":7168}
2026-09-21T20:42:50.1989086Z {"episodes":264,"training_progress_steps":8192}
2026-09-21T20:42:50.2874432Z {"completed_at":"2026-09-21T20:42:50.286146+00:00","config_sha256":"ad27b6d96a527f36587a771b1935ed816a15b3aeaa6ec1669b3ef4dc990a65c9","elapsed_seconds":159.53937978399995,"episodes":264,"model_sha256":"f28c4782962a6d480ef5043ec4b16237815e67448fa1898ae782655f2f467e09","penalty_bps":25.0,"preregistration_sha256":"39b51c741664a70ee68795d7fd53b6948c6ac2121a0a6d6b5a132b09a5cfd338","reward_summary":{"completion_penalty_absolute_share":0.00806297749507411,"episodes":264,"first_quarter_mean_return_bps":-1.362716196969697,"invalid_episodes":0,"last_quarter_mean_return_bps":-0.6238849696969696,"mean_absolute_reward_terms_bps":{"completion_penalty":0.011657561613804322,"fees":0.2236579902522673,"fills":1.208873276764427,"late_fees":0.0,"late_fills":0.0,"terminal_fees":0.0004661866173019348,"terminal_shortfall":0.001158472502380801},"mean_return_bps":-0.8829626060606062,"mean_reward_terms_bps":{"completion_penalty":-0.011657561613804322,"fees":-0.2236579902522673,"fills":-0.6460224127023588,"late_fees":0.0,"late_fills":0.0,"terminal_fees":-0.0004661866173019348,"terminal_shortfall":-0.001158472502380801}},"timesteps":8192,"training_completed":"penalty-25-seed-81001","training_seed":81001,"training_trace_sha256":"1ede057337295552c1605cdfef1e09fafabee05bc6ff2cd66a04c5f43d9c1e0b"}
2026-09-21T20:43:10.1748472Z {"episodes":34,"training_progress_steps":1024}
2026-09-21T20:43:30.2563423Z {"episodes":70,"training_progress_steps":2048}
2026-09-21T20:43:50.5139233Z {"episodes":106,"training_progress_steps":3072}
2026-09-21T20:44:10.4105338Z {"episodes":139,"training_progress_steps":4096}
2026-09-21T20:44:30.0600796Z {"episodes":171,"training_progress_steps":5120}
2026-09-21T20:44:49.8755884Z {"episodes":203,"training_progress_steps":6144}
2026-09-21T20:45:09.6149089Z {"episodes":234,"training_progress_steps":7168}
2026-09-21T20:45:29.0851224Z {"episodes":264,"training_progress_steps":8192}
2026-09-21T20:45:29.1713280Z {"completed_at":"2026-09-21T20:45:29.170533+00:00","config_sha256":"ad27b6d96a527f36587a771b1935ed816a15b3aeaa6ec1669b3ef4dc990a65c9","elapsed_seconds":158.88297466400013,"episodes":264,"model_sha256":"ac3d2b8626b004eafd1de72460858b574e9262659d3d13cc59787ad1fe9f44f6","penalty_bps":25.0,"preregistration_sha256":"39b51c741664a70ee68795d7fd53b6948c6ac2121a0a6d6b5a132b09a5cfd338","reward_summary":{"completion_penalty_absolute_share":0.0,"episodes":264,"first_quarter_mean_return_bps":-1.0498529242424244,"invalid_episodes":0,"last_quarter_mean_return_bps":-0.8845065606060606,"mean_absolute_reward_terms_bps":{"completion_penalty":0.0,"fees":0.219499750229226,"fills":1.0791626231329625,"late_fees":0.0,"late_fills":0.0,"terminal_fees":0.0,"terminal_shortfall":0.0},"mean_return_bps":-0.8656491401515152,"mean_reward_terms_bps":{"completion_penalty":0.0,"fees":-0.219499750229226,"fills":-0.6461494176341572,"late_fees":0.0,"late_fills":0.0,"terminal_fees":0.0,"terminal_shortfall":0.0}},"timesteps":8192,"training_completed":"penalty-25-seed-81002","training_seed":81002,"training_trace_sha256":"e64a6c5fdf2b55561227441121a722a77c2779b832e9283672965fd5e63042ca"}
2026-09-21T20:45:49.1122200Z {"episodes":35,"training_progress_steps":1024}
2026-09-21T20:46:09.1540041Z {"episodes":69,"training_progress_steps":2048}
2026-09-21T20:46:28.9276004Z {"episodes":102,"training_progress_steps":3072}
2026-09-21T20:46:48.5419642Z {"episodes":132,"training_progress_steps":4096}
2026-09-21T20:47:08.1426170Z {"episodes":161,"training_progress_steps":5120}
2026-09-21T20:47:27.6608613Z {"episodes":190,"training_progress_steps":6144}
2026-09-21T20:47:46.9409644Z {"episodes":214,"training_progress_steps":7168}
2026-09-21T20:48:05.9732329Z {"episodes":239,"training_progress_steps":8192}
2026-09-21T20:48:06.0614977Z {"completed_at":"2026-09-21T20:48:06.060521+00:00","config_sha256":"ad27b6d96a527f36587a771b1935ed816a15b3aeaa6ec1669b3ef4dc990a65c9","elapsed_seconds":156.88866558899963,"episodes":239,"model_sha256":"9c90a1ad0760e825f1235fe939595f790e92d9ff933c90c9c9ec557736f47745","penalty_bps":25.0,"preregistration_sha256":"39b51c741664a70ee68795d7fd53b6948c6ac2121a0a6d6b5a132b09a5cfd338","reward_summary":{"completion_penalty_absolute_share":0.04211863464202061,"episodes":239,"first_quarter_mean_return_bps":-1.3434741525423728,"invalid_episodes":0,"last_quarter_mean_return_bps":-1.096627677966102,"mean_absolute_reward_terms_bps":{"completion_penalty":0.07060974597579373,"fees":0.33325971060031195,"fills":1.2597173794410317,"late_fees":0.0,"late_fills":0.0,"terminal_fees":0.002823526108614616,"terminal_shortfall":0.010038710260566842},"mean_return_bps":-1.141142410041841,"mean_reward_terms_bps":{"completion_penalty":-0.07060974597579373,"fees":-0.33325971060031195,"fills":-0.7258121082767357,"late_fees":0.0,"late_fills":0.0,"terminal_fees":-0.002823526108614616,"terminal_shortfall":-0.00863730417133418}},"timesteps":8192,"training_completed":"penalty-25-seed-81003","training_seed":81003,"training_trace_sha256":"5159d4a77df90f56e78083f7f0341f0f10038a4a6cf25c32b52ed27eeee05371"}
2026-09-21T20:48:25.8029925Z {"episodes":33,"training_progress_steps":1024}
2026-09-21T20:48:45.3090092Z {"episodes":62,"training_progress_steps":2048}
2026-09-21T20:49:05.0815140Z {"episodes":92,"training_progress_steps":3072}
2026-09-21T20:49:25.1253313Z {"episodes":124,"training_progress_steps":4096}
2026-09-21T20:49:45.2490950Z {"episodes":158,"training_progress_steps":5120}
2026-09-21T20:50:05.5752382Z {"episodes":193,"training_progress_steps":6144}
2026-09-21T20:50:25.9282585Z {"episodes":228,"training_progress_steps":7168}
2026-09-21T20:50:46.1015867Z {"episodes":264,"training_progress_steps":8192}
2026-09-21T20:50:46.1895472Z {"completed_at":"2026-09-21T20:50:46.188380+00:00","config_sha256":"ad27b6d96a527f36587a771b1935ed816a15b3aeaa6ec1669b3ef4dc990a65c9","elapsed_seconds":160.12645307599996,"episodes":264,"model_sha256":"9cd826f8a9d369af04662dfa4a5be85997b48787940012ba233a5130f9c21262","penalty_bps":25.0,"preregistration_sha256":"39b51c741664a70ee68795d7fd53b6948c6ac2121a0a6d6b5a132b09a5cfd338","reward_summary":{"completion_penalty_absolute_share":0.0004592080203882347,"episodes":264,"first_quarter_mean_return_bps":-1.0831307575757574,"invalid_episodes":0,"last_quarter_mean_return_bps":-0.5865448787878788,"mean_absolute_reward_terms_bps":{"completion_penalty":0.0006077401789187087,"fees":0.1423365875074247,"fills":1.1804269409429664,"late_fees":0.0,"late_fills":0.0,"terminal_fees":2.4303876011642634e-05,"terminal_shortfall":5.7311451057167034e-05},"mean_return_bps":-0.7208324886363636,"mean_reward_terms_bps":{"completion_penalty":-0.0006077401789187087,"fees":-0.1423365875074247,"fills":-0.5778065769977748,"late_fees":0.0,"late_fills":0.0,"terminal_fees":-2.4303876011642634e-05,"terminal_shortfall":-5.7311451057167034e-05}},"timesteps":8192,"training_completed":"penalty-25-seed-81004","training_seed":81004,"training_trace_sha256":"770c0f2291c0c33941389206af5704f7d5846ae99b9cba230321a684fcd9f3fb"}
2026-09-21T20:51:06.3973556Z {"episodes":35,"training_progress_steps":1024}
2026-09-21T20:51:26.2894861Z {"episodes":68,"training_progress_steps":2048}
2026-09-21T20:51:45.8569032Z {"episodes":95,"training_progress_steps":3072}
2026-09-21T20:52:05.6973240Z {"episodes":124,"training_progress_steps":4096}
2026-09-21T20:52:24.8856251Z {"episodes":150,"training_progress_steps":5120}
2026-09-21T20:52:44.2006996Z {"episodes":178,"training_progress_steps":6144}
2026-09-21T20:53:03.7022526Z {"episodes":209,"training_progress_steps":7168}
2026-09-21T20:53:23.3780622Z {"episodes":241,"training_progress_steps":8192}
2026-09-21T20:53:23.4651448Z {"completed_at":"2026-09-21T20:53:23.464053+00:00","config_sha256":"ad27b6d96a527f36587a771b1935ed816a15b3aeaa6ec1669b3ef4dc990a65c9","elapsed_seconds":157.2743636780001,"episodes":241,"model_sha256":"3b20819d526e130fb60ca5376105489ecfe228ff05719eb2595f8056b4e4c485","penalty_bps":25.0,"preregistration_sha256":"39b51c741664a70ee68795d7fd53b6948c6ac2121a0a6d6b5a132b09a5cfd338","reward_summary":{"completion_penalty_absolute_share":0.00847596087058701,"episodes":241,"first_quarter_mean_return_bps":-1.3287743499999998,"invalid_episodes":0,"last_quarter_mean_return_bps":-0.7905589666666665,"mean_absolute_reward_terms_bps":{"completion_penalty":0.013556892953804887,"fees":0.28810797948333056,"fills":1.2952154029565575,"late_fees":0.0,"late_fills":0.0,"terminal_fees":0.0005420727483955626,"terminal_shortfall":0.002029697566328567},"mean_return_bps":-0.9800681078838175,"mean_reward_terms_bps":{"completion_penalty":-0.013556892953804887,"fees":-0.28810797948333056,"fills":-0.675831466599608,"late_fees":0.0,"late_fills":0.0,"terminal_fees":-0.0005420727483955626,"terminal_shortfall":-0.002029697566328567}},"timesteps":8192,"training_completed":"penalty-25-seed-81005","training_seed":81005,"training_trace_sha256":"f5294f56e0c774dd26b95b41c5f4a872ae3c66bd2a9c1ba548517bceb2e74f68"}
2026-09-21T20:53:43.8624593Z {"episodes":36,"training_progress_steps":1024}
2026-09-21T20:54:03.9949891Z {"episodes":71,"training_progress_steps":2048}
2026-09-21T20:54:24.2320599Z {"episodes":106,"training_progress_steps":3072}
2026-09-21T20:54:44.5476673Z {"episodes":141,"training_progress_steps":4096}
2026-09-21T20:55:04.2844921Z {"episodes":172,"training_progress_steps":5120}
2026-09-21T20:55:24.1086598Z {"episodes":201,"training_progress_steps":6144}
2026-09-21T20:55:44.0705824Z {"episodes":233,"training_progress_steps":7168}
2026-09-21T20:56:04.0375533Z {"episodes":265,"training_progress_steps":8192}
2026-09-21T20:56:04.1256421Z {"completed_at":"2026-09-21T20:56:04.124480+00:00","config_sha256":"ad27b6d96a527f36587a771b1935ed816a15b3aeaa6ec1669b3ef4dc990a65c9","elapsed_seconds":160.65903031400012,"episodes":265,"model_sha256":"981aa96c2aedb30472e557e1903f2f1031d5bd68b55c72141192c10018a637c8","penalty_bps":100.0,"preregistration_sha256":"39b51c741664a70ee68795d7fd53b6948c6ac2121a0a6d6b5a132b09a5cfd338","reward_summary":{"completion_penalty_absolute_share":0.031833008889804976,"episodes":265,"first_quarter_mean_return_bps":-1.362716196969697,"invalid_episodes":0,"last_quarter_mean_return_bps":-0.5061406666666667,"mean_absolute_reward_terms_bps":{"completion_penalty":0.046454283261046656,"fees":0.20919021906591498,"fills":1.202048698932848,"late_fees":0.0,"late_fills":0.0,"terminal_fees":0.00046442742251966336,"terminal_shortfall":0.0011541009080321943},"mean_return_bps":-0.863985,"mean_reward_terms_bps":{"completion_penalty":-0.046454283261046656,"fees":-0.20919021906591498,"fills":-0.6067219908393935,"late_fees":0.0,"late_fills":0.0,"terminal_fees":-0.00046442742251966336,"terminal_shortfall":-0.0011541009080321943}},"timesteps":8192,"training_completed":"penalty-100-seed-81001","training_seed":81001,"training_trace_sha256":"2c8df76cc21c8548215d3dbc844c88a677245762c1859febecf22fd9ab77c981"}
2026-09-21T20:56:24.1020235Z {"episodes":34,"training_progress_steps":1024}
2026-09-21T20:56:44.1689438Z {"episodes":70,"training_progress_steps":2048}
2026-09-21T20:57:03.9469302Z {"episodes":106,"training_progress_steps":3072}
2026-09-21T20:57:24.0172093Z {"episodes":139,"training_progress_steps":4096}
2026-09-21T20:57:44.0617961Z {"episodes":171,"training_progress_steps":5120}
2026-09-21T20:58:03.8512521Z {"episodes":203,"training_progress_steps":6144}
2026-09-21T20:58:23.9307740Z {"episodes":234,"training_progress_steps":7168}
2026-09-21T20:58:43.7840274Z {"episodes":264,"training_progress_steps":8192}
2026-09-21T20:58:43.8709140Z {"completed_at":"2026-09-21T20:58:43.869906+00:00","config_sha256":"ad27b6d96a527f36587a771b1935ed816a15b3aeaa6ec1669b3ef4dc990a65c9","elapsed_seconds":159.74403091800013,"episodes":264,"model_sha256":"8bd2e99252c0f697f15f5386cdcaf19e89c776af2e142000ba1794403d26deaf","penalty_bps":100.0,"preregistration_sha256":"39b51c741664a70ee68795d7fd53b6948c6ac2121a0a6d6b5a132b09a5cfd338","reward_summary":{"completion_penalty_absolute_share":0.0,"episodes":264,"first_quarter_mean_return_bps":-1.0498529242424244,"invalid_episodes":0,"last_quarter_mean_return_bps":-0.8845065606060606,"mean_absolute_reward_terms_bps":{"completion_penalty":0.0,"fees":0.219499750229226,"fills":1.0791626231329625,"late_fees":0.0,"late_fills":0.0,"terminal_fees":0.0,"terminal_shortfall":0.0},"mean_return_bps":-0.8656491401515152,"mean_reward_terms_bps":{"completion_penalty":0.0,"fees":-0.219499750229226,"fills":-0.6461494176341572,"late_fees":0.0,"late_fills":0.0,"terminal_fees":0.0,"terminal_shortfall":0.0}},"timesteps":8192,"training_completed":"penalty-100-seed-81002","training_seed":81002,"training_trace_sha256":"e64a6c5fdf2b55561227441121a722a77c2779b832e9283672965fd5e63042ca"}
2026-09-21T20:59:04.1298861Z {"episodes":35,"training_progress_steps":1024}
2026-09-21T20:59:24.1717313Z {"episodes":69,"training_progress_steps":2048}
2026-09-21T20:59:44.1893241Z {"episodes":102,"training_progress_steps":3072}
2026-09-21T21:00:03.9717469Z {"episodes":132,"training_progress_steps":4096}
2026-09-21T21:00:23.5190382Z {"episodes":161,"training_progress_steps":5120}
2026-09-21T21:00:42.9256157Z {"episodes":190,"training_progress_steps":6144}
2026-09-21T21:01:02.4854705Z {"episodes":216,"training_progress_steps":7168}
2026-09-21T21:01:22.2472174Z {"episodes":244,"training_progress_steps":8192}
2026-09-21T21:01:22.3331999Z {"completed_at":"2026-09-21T21:01:22.332301+00:00","config_sha256":"ad27b6d96a527f36587a771b1935ed816a15b3aeaa6ec1669b3ef4dc990a65c9","elapsed_seconds":158.46109179199993,"episodes":244,"model_sha256":"53f33b1e930347e350bd5433ed61387c47c1f04c03a711073eff96cec2e21d40","penalty_bps":100.0,"preregistration_sha256":"39b51c741664a70ee68795d7fd53b6948c6ac2121a0a6d6b5a132b09a5cfd338","reward_summary":{"completion_penalty_absolute_share":0.03832030368161335,"episodes":244,"first_quarter_mean_return_bps":-1.3271983278688522,"invalid_episodes":0,"last_quarter_mean_return_bps":-0.9432952950819671,"mean_absolute_reward_terms_bps":{"completion_penalty":0.06169060963712531,"fees":0.32279443878218594,"fills":1.2212441814754804,"late_fees":0.0,"late_fills":0.0,"terminal_fees":0.000616681440075052,"terminal_shortfall":0.0035215403869573517},"mean_return_bps":-1.0956592663934424,"mean_reward_terms_bps":{"completion_penalty":-0.06169060963712531,"fees":-0.32279443878218594,"fills":-0.7083109494949217,"late_fees":0.0,"late_fills":0.0,"terminal_fees":-0.000616681440075052,"terminal_shortfall":-0.0022465629620113466}},"timesteps":8192,"training_completed":"penalty-100-seed-81003","training_seed":81003,"training_trace_sha256":"d941b614c03e4132e5dc2c6a698cd94b3a233d2033937b8c9497cb0861e795c3"}
2026-09-21T21:01:42.2934120Z {"episodes":33,"training_progress_steps":1024}
2026-09-21T21:02:02.0847743Z {"episodes":62,"training_progress_steps":2048}
2026-09-21T21:02:21.7641316Z {"episodes":92,"training_progress_steps":3072}
2026-09-21T21:02:41.5970674Z {"episodes":124,"training_progress_steps":4096}
2026-09-21T21:03:01.1521684Z {"episodes":156,"training_progress_steps":5120}
2026-09-21T21:03:20.5096945Z {"episodes":185,"training_progress_steps":6144}
2026-09-21T21:03:39.8848999Z {"episodes":209,"training_progress_steps":7168}
2026-09-21T21:03:59.5225565Z {"episodes":240,"training_progress_steps":8192}
2026-09-21T21:03:59.6089493Z {"completed_at":"2026-09-21T21:03:59.607504+00:00","config_sha256":"ad27b6d96a527f36587a771b1935ed816a15b3aeaa6ec1669b3ef4dc990a65c9","elapsed_seconds":157.27385727599994,"episodes":240,"model_sha256":"417ad72f8bd416e412c08116ada1c84f8264e154623510b4a6bc9baf6cff6ba6","penalty_bps":100.0,"preregistration_sha256":"39b51c741664a70ee68795d7fd53b6948c6ac2121a0a6d6b5a132b09a5cfd338","reward_summary":{"completion_penalty_absolute_share":0.1493340406890047,"episodes":240,"first_quarter_mean_return_bps":-1.1846904833333332,"invalid_episodes":0,"last_quarter_mean_return_bps":-1.6330163333333334,"mean_absolute_reward_terms_bps":{"completion_penalty":0.24820108907040064,"fees":0.17257518771510363,"fills":1.2297476887512653,"late_fees":0.0,"late_fills":0.0,"terminal_fees":0.0024812679755627353,"terminal_shortfall":0.009047758057696384},"mean_return_bps":-1.0173384791666666,"mean_reward_terms_bps":{"completion_penalty":-0.24820108907040064,"fees":-0.17257518771510363,"fills":-0.5866517945181536,"late_fees":0.0,"late_fills":0.0,"terminal_fees":-0.0024812679755627353,"terminal_shortfall":-0.007429151412709923}},"timesteps":8192,"training_completed":"penalty-100-seed-81004","training_seed":81004,"training_trace_sha256":"7144367327bbc8be18c18a75dd7dc6d95b506531d1db1a5c2af3d14f76edc900"}
2026-09-21T21:04:19.7541363Z {"episodes":35,"training_progress_steps":1024}
2026-09-21T21:04:39.7568490Z {"episodes":68,"training_progress_steps":2048}
2026-09-21T21:04:59.5237242Z {"episodes":95,"training_progress_steps":3072}
2026-09-21T21:05:19.0790902Z {"episodes":124,"training_progress_steps":4096}
2026-09-21T21:05:38.7460389Z {"episodes":150,"training_progress_steps":5120}
2026-09-21T21:05:58.3222565Z {"episodes":179,"training_progress_steps":6144}
2026-09-21T21:06:18.2642708Z {"episodes":210,"training_progress_steps":7168}
2026-09-21T21:06:38.1078557Z {"episodes":244,"training_progress_steps":8192}
2026-09-21T21:06:38.1945155Z {"completed_at":"2026-09-21T21:06:38.193337+00:00","config_sha256":"ad27b6d96a527f36587a771b1935ed816a15b3aeaa6ec1669b3ef4dc990a65c9","elapsed_seconds":158.58451121999997,"episodes":244,"model_sha256":"4f6fa1b54942ec9a85304f89cb5f11a33c1f542268a15a2e9791dd5e52ed11e3","penalty_bps":100.0,"preregistration_sha256":"39b51c741664a70ee68795d7fd53b6948c6ac2121a0a6d6b5a132b09a5cfd338","reward_summary":{"completion_penalty_absolute_share":0.010354013882180943,"episodes":244,"first_quarter_mean_return_bps":-1.3265446721311474,"invalid_episodes":0,"last_quarter_mean_return_bps":-1.0993683934426228,"mean_absolute_reward_terms_bps":{"completion_penalty":0.017215984084779156,"fees":0.32080623263838226,"fills":1.3234856187471942,"late_fees":0.0,"late_fills":0.0,"terminal_fees":0.00017205430266276726,"terminal_shortfall":0.0010553818502434605},"mean_return_bps":-1.039069475409836,"mean_reward_terms_bps":{"completion_penalty":-0.017215984084779156,"fees":-0.32080623263838226,"fills":-0.6998198351851367,"late_fees":0.0,"late_fills":0.0,"terminal_fees":-0.00017205430266276726,"terminal_shortfall":-0.0010553818502434605}},"timesteps":8192,"training_completed":"penalty-100-seed-81005","training_seed":81005,"training_trace_sha256":"de51d76f1f913bc8e86231d198e4976233284c43d34edd3ee82cdead47f8cb20"}
2026-09-21T21:06:38.2030211Z {"completed_at":"2026-09-21T21:06:38.193537+00:00","models":[{"completed_at":"2026-09-21T20:16:36.901086+00:00","config_sha256":"ad27b6d96a527f36587a771b1935ed816a15b3aeaa6ec1669b3ef4dc990a65c9","elapsed_seconds":170.01360370999998,"episodes":255,"model_sha256":"8373a288b56194b1e164a03ea2ccbdc69d0a8530abf65577ea7e47c40bbc76d1","penalty_bps":0.0,"preregistration_sha256":"39b51c741664a70ee68795d7fd53b6948c6ac2121a0a6d6b5a132b09a5cfd338","reward_summary":{"completion_penalty_absolute_share":0.0,"episodes":255,"first_quarter_mean_return_bps":-1.3733726825396826,"invalid_episodes":0,"last_quarter_mean_return_bps":-0.3753981746031745,"mean_absolute_reward_terms_bps":{"completion_penalty":0.0,"fees":0.1993067050910963,"fills":1.2192831390903878,"late_fees":0.0,"late_fills":0.0,"terminal_fees":0.0005467025079322938,"terminal_shortfall":0.00120655405386675},"mean_return_bps":-0.8171618627450982,"mean_reward_terms_bps":{"completion_penalty":0.0,"fees":-0.1993067050910963,"fills":-0.6161019052246446,"late_fees":0.0,"late_fills":0.0,"terminal_fees":-0.0005467025079322938,"terminal_shortfall":-0.00120655405386675}},"timesteps":8192,"training_seed":81001,"training_trace_sha256":"234946ffe9940db681afac083858b6a355df1297f3d7513bc479ebf8d3fef457"},{"completed_at":"2026-09-21T20:19:18.223919+00:00","config_sha256":"ad27b6d96a527f36587a771b1935ed816a15b3aeaa6ec1669b3ef4dc990a65c9","elapsed_seconds":161.32149921899997,"episodes":264,"model_sha256":"f2577b76274ae774c7ae193103580c9705de0052d1130438f3b4183fc1fe805c","penalty_bps":0.0,"preregistration_sha256":"39b51c741664a70ee68795d7fd53b6948c6ac2121a0a6d6b5a132b09a5cfd338","reward_summary":{"completion_penalty_absolute_share":0.0,"episodes":264,"first_quarter_mean_return_bps":-1.0498529242424244,"invalid_episodes":0,"last_quarter_mean_return_bps":-0.8845065606060606,"mean_absolute_reward_terms_bps":{"completion_penalty":0.0,"fees":0.219499750229226,"fills":1.0791626231329625,"late_fees":0.0,"late_fills":0.0,"terminal_fees":0.0,"terminal_shortfall":0.0},"mean_return_bps":-0.8656491401515152,"mean_reward_terms_bps":{"completion_penalty":0.0,"fees":-0.219499750229226,"fills":-0.6461494176341572,"late_fees":0.0,"late_fills":0.0,"terminal_fees":0.0,"terminal_shortfall":0.0}},"timesteps":8192,"training_seed":81002,"training_trace_sha256":"e64a6c5fdf2b55561227441121a722a77c2779b832e9283672965fd5e63042ca"},{"completed_at":"2026-09-21T20:21:54.235859+00:00","config_sha256":"ad27b6d96a527f36587a771b1935ed816a15b3aeaa6ec1669b3ef4dc990a65c9","elapsed_seconds":156.010635418,"episodes":237,"model_sha256":"c8447d8220fe3656df8aa64216ad7f434d84e0203812f23f6b66fba40fa82549","penalty_bps":0.0,"preregistration_sha256":"39b51c741664a70ee68795d7fd53b6948c6ac2121a0a6d6b5a132b09a5cfd338","reward_summary":{"completion_penalty_absolute_share":0.0,"episodes":237,"first_quarter_mean_return_bps":-1.3434741525423728,"invalid_episodes":0,"last_quarter_mean_return_bps":-0.5069584067796611,"mean_absolute_reward_terms_bps":{"completion_penalty":0.0,"fees":0.32488531570148915,"fills":1.25634164495588,"late_fees":0.0,"late_fills":0.0,"terminal_fees":0.002363131058133226,"terminal_shortfall":0.004795957743369386},"mean_return_bps":-0.9977651012658227,"mean_reward_terms_bps":{"completion_penalty":0.0,"fees":-0.32488531570148915,"fills":-0.6691964658466676,"late_fees":0.0,"late_fills":0.0,"terminal_fees":-0.002363131058133226,"terminal_shortfall":-0.0013201735825897267}},"timesteps":8192,"training_seed":81003,"training_trace_sha256":"34abba3ed930dff99988df372f022de1ecf285f5a2527d3bddc2752906c55f94"},{"completed_at":"2026-09-21T20:24:29.384892+00:00","config_sha256":"ad27b6d96a527f36587a771b1935ed816a15b3aeaa6ec1669b3ef4dc990a65c9","elapsed_seconds":155.14772280199998,"episodes":237,"model_sha256":"cb9a3c1e6d1e9b32e1f8fd6c875c9c7f25926a0dc4f2ebc7b40cbefa588cb1d9","penalty_bps":0.0,"preregistration_sha256":"39b51c741664a70ee68795d7fd53b6948c6ac2121a0a6d6b5a132b09a5cfd338","reward_summary":{"completion_penalty_absolute_share":0.0,"episodes":237,"first_quarter_mean_return_bps":-1.1608261355932201,"invalid_episodes":0,"last_quarter_mean_return_bps":-0.8175315762711864,"mean_absolute_reward_terms_bps":{"completion_penalty":0.0,"fees":0.20551241918337526,"fills":1.2841485781193527,"late_fees":0.0,"late_fills":0.0,"terminal_fees":0.0015752941998417773,"terminal_shortfall":0.0026220354059952465},"mean_return_bps":-0.9059192278481012,"mean_reward_terms_bps":{"completion_penalty":0.0,"fees":-0.20551241918337526,"fills":-0.6966863570572513,"late_fees":0.0,"late_fills":0.0,"terminal_fees":-0.0015752941998417773,"terminal_shortfall":-0.0021451715254580876}},"timesteps":8192,"training_seed":81004,"training_trace_sha256":"f3d63ee0fdc13ed30829f9f1261f17ff6c158ebf5ab6db27e12b38e024113a39"},{"completed_at":"2026-09-21T20:27:04.989798+00:00","config_sha256":"ad27b6d96a527f36587a771b1935ed816a15b3aeaa6ec1669b3ef4dc990a65c9","elapsed_seconds":155.60362294700008,"episodes":224,"model_sha256":"9a0c5627b281cca21efdf555313c85ea3d04a42970bd4071aa4f44102f024d36","penalty_bps":0.0,"preregistration_sha256":"39b51c741664a70ee68795d7fd53b6948c6ac2121a0a6d6b5a132b09a5cfd338","reward_summary":{"completion_penalty_absolute_share":0.0,"episodes":224,"first_quarter_mean_return_bps":-1.2742380535714284,"invalid_episodes":0,"last_quarter_mean_return_bps":-1.115340410714286,"mean_absolute_reward_terms_bps":{"completion_penalty":0.0,"fees":0.30523403555669226,"fills":1.3782468908091392,"late_fees":0.0,"late_fills":0.0,"terminal_fees":0.0037365050024701493,"terminal_shortfall":0.010970978799090552},"mean_return_bps":-1.02670190625,"mean_reward_terms_bps":{"completion_penalty":0.0,"fees":-0.30523403555669226,"fills":-0.706760405362023,"late_fees":0.0,"late_fills":0.0,"terminal_fees":-0.0037365050024701493,"terminal_shortfall":-0.010970978799090552}},"timesteps":8192,"training_seed":81005,"training_trace_sha256":"02a2f09489b6a95752db171d0b7c2b3e96ea0159fab1ca00e6fc26f92c9bfc58"},{"completed_at":"2026-09-21T20:29:44.111368+00:00","config_sha256":"ad27b6d96a527f36587a771b1935ed816a15b3aeaa6ec1669b3ef4dc990a65c9","elapsed_seconds":159.1202283570001,"episodes":256,"model_sha256":"38e101b9317d32b745ecad84870baf8be32fd9140fdf3f59adae1c1c27eb46ef","penalty_bps":5.0,"preregistration_sha256":"39b51c741664a70ee68795d7fd53b6948c6ac2121a0a6d6b5a132b09a5cfd338","reward_summary":{"completion_penalty_absolute_share":0.002057543029376121,"episodes":256,"first_quarter_mean_return_bps":-1.3684740781250002,"invalid_episodes":0,"last_quarter_mean_return_bps":-0.545362921875,"mean_absolute_reward_terms_bps":{"completion_penalty":0.0029741285005834305,"fees":0.2140853340364123,"fills":1.2261196124684677,"late_fees":0.0,"late_fills":0.0,"terminal_fees":0.000594655500741313,"terminal_shortfall":0.0017019937537311035},"mean_return_bps":-0.8536957109375001,"mean_reward_terms_bps":{"completion_penalty":-0.0029741285005834305,"fees":-0.2140853340364123,"fills":-0.6343395833630224,"late_fees":0.0,"late_fills":0.0,"terminal_fees":-0.000594655500741313,"terminal_shortfall":-0.0017019937537311035}},"timesteps":8192,"training_seed":81001,"training_trace_sha256":"ec082b7e0945daa399093a88be882ff9065860216e03c017247484e8b4a8b6ca"},{"completed_at":"2026-09-21T20:32:23.175512+00:00","config_sha256":"ad27b6d96a527f36587a771b1935ed816a15b3aeaa6ec1669b3ef4dc990a65c9","elapsed_seconds":159.06279365799992,"episodes":264,"model_sha256":"f9373b2ece3f7e865a425dc33f86256ca944a4aabb6256e20cceac3fa16be467","penalty_bps":5.0,"preregistration_sha256":"39b51c741664a70ee68795d7fd53b6948c6ac2121a0a6d6b5a132b09a5cfd338","reward_summary":{"completion_penalty_absolute_share":0.0,"episodes":264,"first_quarter_mean_return_bps":-1.0498529242424244,"invalid_episodes":0,"last_quarter_mean_return_bps":-0.8845065606060606,"mean_absolute_reward_terms_bps":{"completion_penalty":0.0,"fees":0.219499750229226,"fills":1.0791626231329625,"late_fees":0.0,"late_fills":0.0,"terminal_fees":0.0,"terminal_shortfall":0.0},"mean_return_bps":-0.8656491401515152,"mean_reward_terms_bps":{"completion_penalty":0.0,"fees":-0.219499750229226,"fills":-0.6461494176341572,"late_fees":0.0,"late_fills":0.0,"terminal_fees":0.0,"terminal_shortfall":0.0}},"timesteps":8192,"training_seed":81002,"training_trace_sha256":"e64a6c5fdf2b55561227441121a722a77c2779b832e9283672965fd5e63042ca"},{"completed_at":"2026-09-21T20:35:01.018776+00:00","config_sha256":"ad27b6d96a527f36587a771b1935ed816a15b3aeaa6ec1669b3ef4dc990a65c9","elapsed_seconds":157.84198698,"episodes":241,"model_sha256":"47603c8665c786a721f1d0ac0b1808022af536c6a71f6ef649efb276ac8bea4e","penalty_bps":5.0,"preregistration_sha256":"39b51c741664a70ee68795d7fd53b6948c6ac2121a0a6d6b5a132b09a5cfd338","reward_summary":{"completion_penalty_absolute_share":0.012205075791460908,"episodes":241,"first_quarter_mean_return_bps":-1.3412958166666664,"invalid_episodes":0,"last_quarter_mean_return_bps":-0.8965690499999999,"mean_absolute_reward_terms_bps":{"completion_penalty":0.0196817035204346,"fees":0.32337676692655065,"fills":1.2507713574682506,"late_fees":0.0,"late_fills":0.0,"terminal_fees":0.003935037857160049,"terminal_shortfall":0.014818608244586196},"mean_return_bps":-1.0987551452282156,"mean_reward_terms_bps":{"completion_penalty":-0.0196817035204346,"fees":-0.32337676692655065,"fills":-0.7387331395571416,"late_fees":0.0,"late_fills":0.0,"terminal_fees":-0.003935037857160049,"terminal_shortfall":-0.013028469268700995}},"timesteps":8192,"training_seed":81003,"training_trace_sha256":"a7106cbb73444f88b7a61eb938be009a43644abd3c9ded7ad6c398f9c8a6a079"},{"completed_at":"2026-09-21T20:37:34.898219+00:00","config_sha256":"ad27b6d96a527f36587a771b1935ed816a15b3aeaa6ec1669b3ef4dc990a65c9","elapsed_seconds":153.87817794499983,"episodes":218,"model_sha256":"2fb01df4e5692e6ad3f17ad943d0107544d7be3c558afbf8ee967f33277e6dfe","penalty_bps":5.0,"preregistration_sha256":"39b51c741664a70ee68795d7fd53b6948c6ac2121a0a6d6b5a132b09a5cfd338","reward_summary":{"completion_penalty_absolute_share":0.0347198083674648,"episodes":218,"first_quarter_mean_return_bps":-1.0677707592592591,"invalid_episodes":0,"last_quarter_mean_return_bps":-0.6500893148148147,"mean_absolute_reward_terms_bps":{"completion_penalty":0.05410114223930288,"fees":0.20548339140770228,"fills":1.2552509925704316,"late_fees":0.0,"late_fills":0.0,"terminal_fees":0.010817085942607127,"terminal_shortfall":0.03256861033955737},"mean_return_bps":-0.9029463853211008,"mean_reward_terms_bps":{"completion_penalty":-0.05410114223930288,"fees":-0.20548339140770228,"fills":-0.6011197165951996,"late_fees":0.0,"late_fills":0.0,"terminal_fees":-0.010817085942607127,"terminal_shortfall":-0.03142505253449687}},"timesteps":8192,"training_seed":81004,"training_trace_sha256":"c10bec71700e2f3d41d9ae21149858eda95c8325d50649fc79569db979150532"},{"completed_at":"2026-09-21T20:40:10.745234+00:00","config_sha256":"ad27b6d96a527f36587a771b1935ed816a15b3aeaa6ec1669b3ef4dc990a65c9","elapsed_seconds":155.84570210200013,"episodes":232,"model_sha256":"cbf70986e8749d52939662b20f6de2d9757dbf5247cce4c7ff7088adcb96cff7","penalty_bps":5.0,"preregistration_sha256":"39b51c741664a70ee68795d7fd53b6948c6ac2121a0a6d6b5a132b09a5cfd338","reward_summary":{"completion_penalty_absolute_share":0.006445055182978325,"episodes":232,"first_quarter_mean_return_bps":-1.2907807758620686,"invalid_episodes":0,"last_quarter_mean_return_bps":-0.9415277586206896,"mean_absolute_reward_terms_bps":{"completion_penalty":0.010675270591075524,"fees":0.2944416964005847,"fills":1.3456261401878267,"late_fees":0.0,"late_fills":0.0,"terminal_fees":0.0021347068462628325,"terminal_shortfall":0.0034727195227268913},"mean_return_bps":-0.9894748577586207,"mean_reward_terms_bps":{"completion_penalty":-0.010675270591075524,"fees":-0.2944416964005847,"fills":-0.6787504901654671,"late_fees":0.0,"late_fills":0.0,"terminal_fees":-0.0021347068462628325,"terminal_shortfall":-0.0034727195227268913}},"timesteps":8192,"training_seed":81005,"training_trace_sha256":"eaaa2b169ef0149036f67ae4251b68accccf996fc5d4ac188bda1068d4444f3a"},{"completed_at":"2026-09-21T20:42:50.286146+00:00","config_sha256":"ad27b6d96a527f36587a771b1935ed816a15b3aeaa6ec1669b3ef4dc990a65c9","elapsed_seconds":159.53937978399995,"episodes":264,"model_sha256":"f28c4782962a6d480ef5043ec4b16237815e67448fa1898ae782655f2f467e09","penalty_bps":25.0,"preregistration_sha256":"39b51c741664a70ee68795d7fd53b6948c6ac2121a0a6d6b5a132b09a5cfd338","reward_summary":{"completion_penalty_absolute_share":0.00806297749507411,"episodes":264,"first_quarter_mean_return_bps":-1.362716196969697,"invalid_episodes":0,"last_quarter_mean_return_bps":-0.6238849696969696,"mean_absolute_reward_terms_bps":{"completion_penalty":0.011657561613804322,"fees":0.2236579902522673,"fills":1.208873276764427,"late_fees":0.0,"late_fills":0.0,"terminal_fees":0.0004661866173019348,"terminal_shortfall":0.001158472502380801},"mean_return_bps":-0.8829626060606062,"mean_reward_terms_bps":{"completion_penalty":-0.011657561613804322,"fees":-0.2236579902522673,"fills":-0.6460224127023588,"late_fees":0.0,"late_fills":0.0,"terminal_fees":-0.0004661866173019348,"terminal_shortfall":-0.001158472502380801}},"timesteps":8192,"training_seed":81001,"training_trace_sha256":"1ede057337295552c1605cdfef1e09fafabee05bc6ff2cd66a04c5f43d9c1e0b"},{"completed_at":"2026-09-21T20:45:29.170533+00:00","config_sha256":"ad27b6d96a527f36587a771b1935ed816a15b3aeaa6ec1669b3ef4dc990a65c9","elapsed_seconds":158.88297466400013,"episodes":264,"model_sha256":"ac3d2b8626b004eafd1de72460858b574e9262659d3d13cc59787ad1fe9f44f6","penalty_bps":25.0,"preregistration_sha256":"39b51c741664a70ee68795d7fd53b6948c6ac2121a0a6d6b5a132b09a5cfd338","reward_summary":{"completion_penalty_absolute_share":0.0,"episodes":264,"first_quarter_mean_return_bps":-1.0498529242424244,"invalid_episodes":0,"last_quarter_mean_return_bps":-0.8845065606060606,"mean_absolute_reward_terms_bps":{"completion_penalty":0.0,"fees":0.219499750229226,"fills":1.0791626231329625,"late_fees":0.0,"late_fills":0.0,"terminal_fees":0.0,"terminal_shortfall":0.0},"mean_return_bps":-0.8656491401515152,"mean_reward_terms_bps":{"completion_penalty":0.0,"fees":-0.219499750229226,"fills":-0.6461494176341572,"late_fees":0.0,"late_fills":0.0,"terminal_fees":0.0,"terminal_shortfall":0.0}},"timesteps":8192,"training_seed":81002,"training_trace_sha256":"e64a6c5fdf2b55561227441121a722a77c2779b832e9283672965fd5e63042ca"},{"completed_at":"2026-09-21T20:48:06.060521+00:00","config_sha256":"ad27b6d96a527f36587a771b1935ed816a15b3aeaa6ec1669b3ef4dc990a65c9","elapsed_seconds":156.88866558899963,"episodes":239,"model_sha256":"9c90a1ad0760e825f1235fe939595f790e92d9ff933c90c9c9ec557736f47745","penalty_bps":25.0,"preregistration_sha256":"39b51c741664a70ee68795d7fd53b6948c6ac2121a0a6d6b5a132b09a5cfd338","reward_summary":{"completion_penalty_absolute_share":0.04211863464202061,"episodes":239,"first_quarter_mean_return_bps":-1.3434741525423728,"invalid_episodes":0,"last_quarter_mean_return_bps":-1.096627677966102,"mean_absolute_reward_terms_bps":{"completion_penalty":0.07060974597579373,"fees":0.33325971060031195,"fills":1.2597173794410317,"late_fees":0.0,"late_fills":0.0,"terminal_fees":0.002823526108614616,"terminal_shortfall":0.010038710260566842},"mean_return_bps":-1.141142410041841,"mean_reward_terms_bps":{"completion_penalty":-0.07060974597579373,"fees":-0.33325971060031195,"fills":-0.7258121082767357,"late_fees":0.0,"late_fills":0.0,"terminal_fees":-0.002823526108614616,"terminal_shortfall":-0.00863730417133418}},"timesteps":8192,"training_seed":81003,"training_trace_sha256":"5159d4a77df90f56e78083f7f0341f0f10038a4a6cf25c32b52ed27eeee05371"},{"completed_at":"2026-09-21T20:50:46.188380+00:00","config_sha256":"ad27b6d96a527f36587a771b1935ed816a15b3aeaa6ec1669b3ef4dc990a65c9","elapsed_seconds":160.12645307599996,"episodes":264,"model_sha256":"9cd826f8a9d369af04662dfa4a5be85997b48787940012ba233a5130f9c21262","penalty_bps":25.0,"preregistration_sha256":"39b51c741664a70ee68795d7fd53b6948c6ac2121a0a6d6b5a132b09a5cfd338","reward_summary":{"completion_penalty_absolute_share":0.0004592080203882347,"episodes":264,"first_quarter_mean_return_bps":-1.0831307575757574,"invalid_episodes":0,"last_quarter_mean_return_bps":-0.5865448787878788,"mean_absolute_reward_terms_bps":{"completion_penalty":0.0006077401789187087,"fees":0.1423365875074247,"fills":1.1804269409429664,"late_fees":0.0,"late_fills":0.0,"terminal_fees":2.4303876011642634e-05,"terminal_shortfall":5.7311451057167034e-05},"mean_return_bps":-0.7208324886363636,"mean_reward_terms_bps":{"completion_penalty":-0.0006077401789187087,"fees":-0.1423365875074247,"fills":-0.5778065769977748,"late_fees":0.0,"late_fills":0.0,"terminal_fees":-2.4303876011642634e-05,"terminal_shortfall":-5.7311451057167034e-05}},"timesteps":8192,"training_seed":81004,"training_trace_sha256":"770c0f2291c0c33941389206af5704f7d5846ae99b9cba230321a684fcd9f3fb"},{"completed_at":"2026-09-21T20:53:23.464053+00:00","config_sha256":"ad27b6d96a527f36587a771b1935ed816a15b3aeaa6ec1669b3ef4dc990a65c9","elapsed_seconds":157.2743636780001,"episodes":241,"model_sha256":"3b20819d526e130fb60ca5376105489ecfe228ff05719eb2595f8056b4e4c485","penalty_bps":25.0,"preregistration_sha256":"39b51c741664a70ee68795d7fd53b6948c6ac2121a0a6d6b5a132b09a5cfd338","reward_summary":{"completion_penalty_absolute_share":0.00847596087058701,"episodes":241,"first_quarter_mean_return_bps":-1.3287743499999998,"invalid_episodes":0,"last_quarter_mean_return_bps":-0.7905589666666665,"mean_absolute_reward_terms_bps":{"completion_penalty":0.013556892953804887,"fees":0.28810797948333056,"fills":1.2952154029565575,"late_fees":0.0,"late_fills":0.0,"terminal_fees":0.0005420727483955626,"terminal_shortfall":0.002029697566328567},"mean_return_bps":-0.9800681078838175,"mean_reward_terms_bps":{"completion_penalty":-0.013556892953804887,"fees":-0.28810797948333056,"fills":-0.675831466599608,"late_fees":0.0,"late_fills":0.0,"terminal_fees":-0.0005420727483955626,"terminal_shortfall":-0.002029697566328567}},"timesteps":8192,"training_seed":81005,"training_trace_sha256":"f5294f56e0c774dd26b95b41c5f4a872ae3c66bd2a9c1ba548517bceb2e74f68"},{"completed_at":"2026-09-21T20:56:04.124480+00:00","config_sha256":"ad27b6d96a527f36587a771b1935ed816a15b3aeaa6ec1669b3ef4dc990a65c9","elapsed_seconds":160.65903031400012,"episodes":265,"model_sha256":"981aa96c2aedb30472e557e1903f2f1031d5bd68b55c72141192c10018a637c8","penalty_bps":100.0,"preregistration_sha256":"39b51c741664a70ee68795d7fd53b6948c6ac2121a0a6d6b5a132b09a5cfd338","reward_summary":{"completion_penalty_absolute_share":0.031833008889804976,"episodes":265,"first_quarter_mean_return_bps":-1.362716196969697,"invalid_episodes":0,"last_quarter_mean_return_bps":-0.5061406666666667,"mean_absolute_reward_terms_bps":{"completion_penalty":0.046454283261046656,"fees":0.20919021906591498,"fills":1.202048698932848,"late_fees":0.0,"late_fills":0.0,"terminal_fees":0.00046442742251966336,"terminal_shortfall":0.0011541009080321943},"mean_return_bps":-0.863985,"mean_reward_terms_bps":{"completion_penalty":-0.046454283261046656,"fees":-0.20919021906591498,"fills":-0.6067219908393935,"late_fees":0.0,"late_fills":0.0,"terminal_fees":-0.00046442742251966336,"terminal_shortfall":-0.0011541009080321943}},"timesteps":8192,"training_seed":81001,"training_trace_sha256":"2c8df76cc21c8548215d3dbc844c88a677245762c1859febecf22fd9ab77c981"},{"completed_at":"2026-09-21T20:58:43.869906+00:00","config_sha256":"ad27b6d96a527f36587a771b1935ed816a15b3aeaa6ec1669b3ef4dc990a65c9","elapsed_seconds":159.74403091800013,"episodes":264,"model_sha256":"8bd2e99252c0f697f15f5386cdcaf19e89c776af2e142000ba1794403d26deaf","penalty_bps":100.0,"preregistration_sha256":"39b51c741664a70ee68795d7fd53b6948c6ac2121a0a6d6b5a132b09a5cfd338","reward_summary":{"completion_penalty_absolute_share":0.0,"episodes":264,"first_quarter_mean_return_bps":-1.0498529242424244,"invalid_episodes":0,"last_quarter_mean_return_bps":-0.8845065606060606,"mean_absolute_reward_terms_bps":{"completion_penalty":0.0,"fees":0.219499750229226,"fills":1.0791626231329625,"late_fees":0.0,"late_fills":0.0,"terminal_fees":0.0,"terminal_shortfall":0.0},"mean_return_bps":-0.8656491401515152,"mean_reward_terms_bps":{"completion_penalty":0.0,"fees":-0.219499750229226,"fills":-0.6461494176341572,"late_fees":0.0,"late_fills":0.0,"terminal_fees":0.0,"terminal_shortfall":0.0}},"timesteps":8192,"training_seed":81002,"training_trace_sha256":"e64a6c5fdf2b55561227441121a722a77c2779b832e9283672965fd5e63042ca"},{"completed_at":"2026-09-21T21:01:22.332301+00:00","config_sha256":"ad27b6d96a527f36587a771b1935ed816a15b3aeaa6ec1669b3ef4dc990a65c9","elapsed_seconds":158.46109179199993,"episodes":244,"model_sha256":"53f33b1e930347e350bd5433ed61387c47c1f04c03a711073eff96cec2e21d40","penalty_bps":100.0,"preregistration_sha256":"39b51c741664a70ee68795d7fd53b6948c6ac2121a0a6d6b5a132b09a5cfd338","reward_summary":{"completion_penalty_absolute_share":0.03832030368161335,"episodes":244,"first_quarter_mean_return_bps":-1.3271983278688522,"invalid_episodes":0,"last_quarter_mean_return_bps":-0.9432952950819671,"mean_absolute_reward_terms_bps":{"completion_penalty":0.06169060963712531,"fees":0.32279443878218594,"fills":1.2212441814754804,"late_fees":0.0,"late_fills":0.0,"terminal_fees":0.000616681440075052,"terminal_shortfall":0.0035215403869573517},"mean_return_bps":-1.0956592663934424,"mean_reward_terms_bps":{"completion_penalty":-0.06169060963712531,"fees":-0.32279443878218594,"fills":-0.7083109494949217,"late_fees":0.0,"late_fills":0.0,"terminal_fees":-0.000616681440075052,"terminal_shortfall":-0.0022465629620113466}},"timesteps":8192,"training_seed":81003,"training_trace_sha256":"d941b614c03e4132e5dc2c6a698cd94b3a233d2033937b8c9497cb0861e795c3"},{"completed_at":"2026-09-21T21:03:59.607504+00:00","config_sha256":"ad27b6d96a527f36587a771b1935ed816a15b3aeaa6ec1669b3ef4dc990a65c9","elapsed_seconds":157.27385727599994,"episodes":240,"model_sha256":"417ad72f8bd416e412c08116ada1c84f8264e154623510b4a6bc9baf6cff6ba6","penalty_bps":100.0,"preregistration_sha256":"39b51c741664a70ee68795d7fd53b6948c6ac2121a0a6d6b5a132b09a5cfd338","reward_summary":{"completion_penalty_absolute_share":0.1493340406890047,"episodes":240,"first_quarter_mean_return_bps":-1.1846904833333332,"invalid_episodes":0,"last_quarter_mean_return_bps":-1.6330163333333334,"mean_absolute_reward_terms_bps":{"completion_penalty":0.24820108907040064,"fees":0.17257518771510363,"fills":1.2297476887512653,"late_fees":0.0,"late_fills":0.0,"terminal_fees":0.0024812679755627353,"terminal_shortfall":0.009047758057696384},"mean_return_bps":-1.0173384791666666,"mean_reward_terms_bps":{"completion_penalty":-0.24820108907040064,"fees":-0.17257518771510363,"fills":-0.5866517945181536,"late_fees":0.0,"late_fills":0.0,"terminal_fees":-0.0024812679755627353,"terminal_shortfall":-0.007429151412709923}},"timesteps":8192,"training_seed":81004,"training_trace_sha256":"7144367327bbc8be18c18a75dd7dc6d95b506531d1db1a5c2af3d14f76edc900"},{"completed_at":"2026-09-21T21:06:38.193337+00:00","config_sha256":"ad27b6d96a527f36587a771b1935ed816a15b3aeaa6ec1669b3ef4dc990a65c9","elapsed_seconds":158.58451121999997,"episodes":244,"model_sha256":"4f6fa1b54942ec9a85304f89cb5f11a33c1f542268a15a2e9791dd5e52ed11e3","penalty_bps":100.0,"preregistration_sha256":"39b51c741664a70ee68795d7fd53b6948c6ac2121a0a6d6b5a132b09a5cfd338","reward_summary":{"completion_penalty_absolute_share":0.010354013882180943,"episodes":244,"first_quarter_mean_return_bps":-1.3265446721311474,"invalid_episodes":0,"last_quarter_mean_return_bps":-1.0993683934426228,"mean_absolute_reward_terms_bps":{"completion_penalty":0.017215984084779156,"fees":0.32080623263838226,"fills":1.3234856187471942,"late_fees":0.0,"late_fills":0.0,"terminal_fees":0.00017205430266276726,"terminal_shortfall":0.0010553818502434605},"mean_return_bps":-1.039069475409836,"mean_reward_terms_bps":{"completion_penalty":-0.017215984084779156,"fees":-0.32080623263838226,"fills":-0.6998198351851367,"late_fees":0.0,"late_fills":0.0,"terminal_fees":-0.00017205430266276726,"terminal_shortfall":-0.0010553818502434605}},"timesteps":8192,"training_seed":81005,"training_trace_sha256":"de51d76f1f913bc8e86231d198e4976233284c43d34edd3ee82cdead47f8cb20"}],"total_timesteps":163840}
2026-09-21T21:06:38.8045761Z ##[group]Run study="examples/studies/core/ppo-final-35649544066"
2026-09-21T21:06:38.8046278Z [36;1mstudy="examples/studies/core/ppo-final-35649544066"[0m
2026-09-21T21:06:38.8046685Z [36;1mpython train_rl.py evaluate --study "$study"[0m
2026-09-21T21:06:38.8085098Z shell: /usr/bin/bash --noprofile --norc -e -o pipefail {0}
2026-09-21T21:06:38.8085626Z env:
2026-09-21T21:06:38.8085904Z   pythonLocation: /opt/hostedtoolcache/Python/3.11.16/x64
2026-09-21T21:06:38.8086348Z   PKG_CONFIG_PATH: /opt/hostedtoolcache/Python/3.11.16/x64/lib/pkgconfig
2026-09-21T21:06:38.8086796Z   Python_ROOT_DIR: /opt/hostedtoolcache/Python/3.11.16/x64
2026-09-21T21:06:38.8087181Z   Python2_ROOT_DIR: /opt/hostedtoolcache/Python/3.11.16/x64
2026-09-21T21:06:38.8087577Z   Python3_ROOT_DIR: /opt/hostedtoolcache/Python/3.11.16/x64
2026-09-21T21:06:38.8087974Z   LD_LIBRARY_PATH: /opt/hostedtoolcache/Python/3.11.16/x64/lib
2026-09-21T21:06:38.8088305Z ##[endgroup]
2026-09-21T21:07:13.1268298Z {"evaluated":"penalty-0-seed-81001","market_count":20,"phase":"diagnostic"}
2026-09-21T21:07:24.4997146Z {"evaluated":"penalty-0-seed-81002","market_count":20,"phase":"diagnostic"}
2026-09-21T21:07:42.9857593Z {"evaluated":"penalty-0-seed-81003","market_count":20,"phase":"diagnostic"}
2026-09-21T21:07:54.3747672Z {"evaluated":"penalty-0-seed-81004","market_count":20,"phase":"diagnostic"}
2026-09-21T21:08:12.1493832Z {"evaluated":"penalty-0-seed-81005","market_count":20,"phase":"diagnostic"}
2026-09-21T21:09:32.2334518Z {"evaluated":"penalty-0-seed-81001","market_count":32,"phase":"final"}
2026-09-21T21:09:50.0127442Z {"evaluated":"penalty-0-seed-81002","market_count":32,"phase":"final"}
2026-09-21T21:10:19.1067845Z {"evaluated":"penalty-0-seed-81003","market_count":32,"phase":"final"}
2026-09-21T21:10:37.1183140Z {"evaluated":"penalty-0-seed-81004","market_count":32,"phase":"final"}
2026-09-21T21:11:05.5192109Z {"evaluated":"penalty-0-seed-81005","market_count":32,"phase":"final"}
2026-09-21T21:11:32.5175507Z {"evaluated":"penalty-5-seed-81001","market_count":32,"phase":"final"}
2026-09-21T21:11:49.7352467Z {"evaluated":"penalty-5-seed-81002","market_count":32,"phase":"final"}
2026-09-21T21:12:09.7995118Z {"evaluated":"penalty-5-seed-81003","market_count":32,"phase":"final"}
2026-09-21T21:12:33.0540003Z {"evaluated":"penalty-5-seed-81004","market_count":32,"phase":"final"}
2026-09-21T21:12:50.5828901Z {"evaluated":"penalty-5-seed-81005","market_count":32,"phase":"final"}
2026-09-21T21:13:08.2531786Z {"evaluated":"penalty-25-seed-81001","market_count":32,"phase":"final"}
2026-09-21T21:13:25.6953931Z {"evaluated":"penalty-25-seed-81002","market_count":32,"phase":"final"}
2026-09-21T21:13:52.7210108Z {"evaluated":"penalty-25-seed-81003","market_count":32,"phase":"final"}
2026-09-21T21:14:09.6698201Z {"evaluated":"penalty-25-seed-81004","market_count":32,"phase":"final"}
2026-09-21T21:14:26.6679484Z {"evaluated":"penalty-25-seed-81005","market_count":32,"phase":"final"}
2026-09-21T21:14:43.4924968Z {"evaluated":"penalty-100-seed-81001","market_count":32,"phase":"final"}
2026-09-21T21:15:00.8323770Z {"evaluated":"penalty-100-seed-81002","market_count":32,"phase":"final"}
2026-09-21T21:15:18.0219712Z {"evaluated":"penalty-100-seed-81003","market_count":32,"phase":"final"}
2026-09-21T21:15:35.1416956Z {"evaluated":"penalty-100-seed-81004","market_count":32,"phase":"final"}
2026-09-21T21:15:52.0504840Z {"evaluated":"penalty-100-seed-81005","market_count":32,"phase":"final"}
2026-09-21T21:15:54.0488374Z {"ac_risk_sensitivity":{"complete_markets":32,"family_interval":{"ci_high_bps":-0.8768835206648944,"ci_low_bps":-2.2294930826287747,"confidence":0.99,"market_seeds":32,"mean_delta_bps":-1.657895854838758,"training_seed_means_bps":[-2.0409291161808936,-1.7778092744201572,-0.6963183378513937,-1.7778092744201572,-1.996613271321187],"training_seeds":5},"kappa_times_horizon":1.0,"planned_markets":32,"risk_aversion":4.983292397008464e-05,"status":"IDENTIFIED"},"actual_final_episodes":704,"completed_at":"2026-09-21T21:15:54.016647+00:00","config_sha256":"ad27b6d96a527f36587a771b1935ed816a15b3aeaa6ec1669b3ef4dc990a65c9","invalid_final_episodes":0,"limitations":["8192-step PPO budget is bounded optimization, not convergence evidence.","Synthetic execution results require the separately reported market calibration gates.","Five training seeds leave uncertainty about rare optimization failures.","Residual liquidation is hypothetical; fill fractions are reported separately."],"penalty_ablations":[{"complete_markets":32,"economic_interval":{"ci_high_bps":-1.0151544589720654,"ci_low_bps":-2.0950964041640816,"confidence":0.95,"market_seeds":32,"mean_delta_bps":-1.604568335802562,"training_seed_means_bps":[-1.9876015971446974,-1.7244817553839622,-0.6429908188151984,-1.7244817553839622,-1.9432857522849913],"training_seeds":5},"family_interval":{"ci_high_bps":-0.810304883719519,"ci_low_bps":-2.2131184319838884,"confidence":0.99,"market_seeds":32,"mean_delta_bps":-1.604568335802562,"training_seed_means_bps":[-1.9876015971446974,-1.7244817553839622,-0.6429908188151984,-1.7244817553839622,-1.9432857522849913],"training_seeds":5},"inference_status":"PRIMARY_IDENTIFIED","invalid_episodes":0,"mean_completion_penalty_bps":0.0,"mean_fill_fraction":0.8689833722287048,"missing_cells":0,"penalty_bps":0.0,"planned_markets":32,"sensitivities":[{"ci_high_bps":-0.810304883719519,"ci_low_bps":-2.2131184319838884,"confidence":0.99,"label":"Assumed residual adverse-cost proxy; not observed or guaranteed worst case","market_seeds":32,"mean_delta_bps":-1.6045683358025624,"residual_cost_bps":100.0,"training_seed_means_bps":[-1.9876015971446979,-1.7244817553839622,-0.6429908188151984,-1.7244817553839622,-1.9432857522849911],"training_seeds":5},{"ci_high_bps":-0.810304883719519,"ci_low_bps":-2.2131184319838884,"confidence":0.99,"label":"Assumed residual adverse-cost proxy; not observed or guaranteed worst case","market_seeds":32,"mean_delta_bps":-1.6045683358025624,"residual_cost_bps":500.0,"training_seed_means_bps":[-1.9876015971446979,-1.7244817553839622,-0.6429908188151984,-1.7244817553839622,-1.9432857522849911],"training_seeds":5}]},{"complete_markets":32,"economic_interval":{"ci_high_bps":-1.4678749022482218,"ci_low_bps":-2.1728876093405267,"confidence":0.95,"market_seeds":32,"mean_delta_bps":-1.838644943964804,"training_seed_means_bps":[-1.8859335637861336,-1.7244817553839622,-1.886343571539518,-1.971984073730443,-1.7244817553839622],"training_seeds":5},"family_interval":{"ci_high_bps":-1.3425199135716301,"ci_low_bps":-2.2555393465172218,"confidence":0.99,"market_seeds":32,"mean_delta_bps":-1.838644943964804,"training_seed_means_bps":[-1.8859335637861336,-1.7244817553839622,-1.886343571539518,-1.971984073730443,-1.7244817553839622],"training_seeds":5},"inference_status":"PRIMARY_IDENTIFIED","invalid_episodes":0,"mean_completion_penalty_bps":0.07903661026837806,"mean_fill_fraction":0.9841926779463244,"missing_cells":0,"penalty_bps":5.0,"planned_markets":32,"sensitivities":[{"ci_high_bps":-1.3425199135716301,"ci_low_bps":-2.2555393465172218,"confidence":0.99,"label":"Assumed residual adverse-cost proxy; not observed or guaranteed worst case","market_seeds":32,"mean_delta_bps":-1.8386449439648036,"residual_cost_bps":100.0,"training_seed_means_bps":[-1.8859335637861334,-1.7244817553839622,-1.886343571539518,-1.9719840737304426,-1.7244817553839622],"training_seeds":5},{"ci_high_bps":-1.3425199135716301,"ci_low_bps":-2.2555393465172218,"confidence":0.99,"label":"Assumed residual adverse-cost proxy; not observed or guaranteed worst case","market_seeds":32,"mean_delta_bps":-1.8386449439648036,"residual_cost_bps":500.0,"training_seed_means_bps":[-1.8859335637861334,-1.7244817553839622,-1.886343571539518,-1.9719840737304426,-1.7244817553839622],"training_seeds":5}]},{"complete_markets":32,"economic_interval":{"ci_high_bps":-1.3641385823161674,"ci_low_bps":-2.077419484674914,"confidence":0.95,"market_seeds":32,"mean_delta_bps":-1.744835665519778,"training_seed_means_bps":[-1.6853048121054515,-1.7244817553839622,-1.9815618669488693,-1.7244817553839622,-1.6083481377766462],"training_seeds":5},"family_interval":{"ci_high_bps":-1.236622605060064,"ci_low_bps":-2.163756023861578,"confidence":0.99,"market_seeds":32,"mean_delta_bps":-1.744835665519778,"training_seed_means_bps":[-1.6853048121054515,-1.7244817553839622,-1.9815618669488693,-1.7244817553839622,-1.6083481377766462],"training_seeds":5},"inference_status":"PRIMARY_IDENTIFIED","invalid_episodes":0,"mean_completion_penalty_bps":0.33182613768961494,"mean_fill_fraction":0.9867269544924154,"missing_cells":0,"penalty_bps":25.0,"planned_markets":32,"sensitivities":[{"ci_high_bps":-1.236622605060064,"ci_low_bps":-2.163756023861578,"confidence":0.99,"label":"Assumed residual adverse-cost proxy; not observed or guaranteed worst case","market_seeds":32,"mean_delta_bps":-1.7448356655197785,"residual_cost_bps":100.0,"training_seed_means_bps":[-1.6853048121054517,-1.7244817553839622,-1.9815618669488693,-1.7244817553839622,-1.608348137776646],"training_seeds":5},{"ci_high_bps":-1.236622605060064,"ci_low_bps":-2.163756023861578,"confidence":0.99,"label":"Assumed residual adverse-cost proxy; not observed or guaranteed worst case","market_seeds":32,"mean_delta_bps":-1.7448356655197785,"residual_cost_bps":500.0,"training_seed_means_bps":[-1.6853048121054517,-1.7244817553839622,-1.9815618669488693,-1.7244817553839622,-1.608348137776646],"training_seeds":5}]},{"complete_markets":32,"economic_interval":{"ci_high_bps":-1.2739948922433004,"ci_low_bps":-2.0543184915542776,"confidence":0.95,"market_seeds":32,"mean_delta_bps":-1.6751707232062443,"training_seed_means_bps":[-1.5800723499648683,-1.7244817553839622,-1.708128466755225,-1.7244817553839622,-1.638689288543204],"training_seeds":5},"family_interval":{"ci_high_bps":-1.1256138136164182,"ci_low_bps":-2.1598544438688863,"confidence":0.99,"market_seeds":32,"mean_delta_bps":-1.6751707232062443,"training_seed_means_bps":[-1.5800723499648683,-1.7244817553839622,-1.708128466755225,-1.7244817553839622,-1.638689288543204],"training_seeds":5},"inference_status":"PRIMARY_IDENTIFIED","invalid_episodes":0,"mean_completion_penalty_bps":0.0,"mean_fill_fraction":1.0,"missing_cells":0,"penalty_bps":100.0,"planned_markets":32,"sensitivities":[{"ci_high_bps":-1.1256138136164182,"ci_low_bps":-2.1598544438688863,"confidence":0.99,"label":"Assumed residual adverse-cost proxy; not observed or guaranteed worst case","market_seeds":32,"mean_delta_bps":-1.6751707232062443,"residual_cost_bps":100.0,"training_seed_means_bps":[-1.5800723499648686,-1.7244817553839622,-1.7081284667552248,-1.7244817553839622,-1.6386892885432034],"training_seeds":5},{"ci_high_bps":-1.1256138136164182,"ci_low_bps":-2.1598544438688863,"confidence":0.99,"label":"Assumed residual adverse-cost proxy; not observed or guaranteed worst case","market_seeds":32,"mean_delta_bps":-1.6751707232062443,"residual_cost_bps":500.0,"training_seed_means_bps":[-1.5800723499648686,-1.7244817553839622,-1.7081284667552248,-1.7244817553839622,-1.6386892885432034],"training_seeds":5}]}],"planned_final_episodes":704,"power":{"approximate_achievable_power":0.8147609787895569,"capped":false,"diagnostic_episodes_sha256":"c5f3a11e2cddca84a519aef6c594258bea685243c87d6d291892602e34c2d471","final_market_count":32,"final_market_seeds":[71000,71001,71002,71003,71004,71005,71006,71007,71008,71009,71010,71011,71012,71013,71014,71015,71016,71017,71018,71019,71020,71021,71022,71023,71024,71025,71026,71027,71028,71029,71030,71031],"limitation":"Pilot variances and normal approximation are uncertain; five training seeds limit precision.","locked_at":"2026-09-21T21:08:12.149836+00:00","mde_bps":0.5,"pilot_market_seeds":20,"pilot_training_seeds":5,"required_market_count":32,"target_power":0.8,"target_variance":0.03185167927926376,"variance_floor_from_five_training_seeds":0.004203073140978629,"variance_interaction":0.5963118956158945,"variance_market":0.7273401013440057,"variance_training":0.021015365704893145},"primary":{"complete_markets":32,"economic_interval":{"ci_high_bps":-1.0151544589720654,"ci_low_bps":-2.0950964041640816,"confidence":0.95,"market_seeds":32,"mean_delta_bps":-1.604568335802562,"training_seed_means_bps":[-1.9876015971446974,-1.7244817553839622,-0.6429908188151984,-1.7244817553839622,-1.9432857522849913],"training_seeds":5},"family_interval":{"ci_high_bps":-0.810304883719519,"ci_low_bps":-2.2131184319838884,"confidence":0.99,"market_seeds":32,"mean_delta_bps":-1.604568335802562,"training_seed_means_bps":[-1.9876015971446974,-1.7244817553839622,-0.6429908188151984,-1.7244817553839622,-1.9432857522849913],"training_seeds":5},"inference_status":"PRIMARY_IDENTIFIED","invalid_episodes":0,"mean_completion_penalty_bps":0.0,"mean_fill_fraction":0.8689833722287048,"missing_cells":0,"penalty_bps":0.0,"planned_markets":32,"sensitivities":[{"ci_high_bps":-0.810304883719519,"ci_low_bps":-2.2131184319838884,"confidence":0.99,"label":"Assumed residual adverse-cost proxy; not observed or guaranteed worst case","market_seeds":32,"mean_delta_bps":-1.6045683358025624,"residual_cost_bps":100.0,"training_seed_means_bps":[-1.9876015971446979,-1.7244817553839622,-0.6429908188151984,-1.7244817553839622,-1.9432857522849911],"training_seeds":5},{"ci_high_bps":-0.810304883719519,"ci_low_bps":-2.2131184319838884,"confidence":0.99,"label":"Assumed residual adverse-cost proxy; not observed or guaranteed worst case","market_seeds":32,"mean_delta_bps":-1.6045683358025624,"residual_cost_bps":500.0,"training_seed_means_bps":[-1.9876015971446979,-1.7244817553839622,-0.6429908188151984,-1.7244817553839622,-1.9432857522849911],"training_seeds":5}]},"primary_penalty_bps":0.0,"question":"PPO minus simulator-fitted AC net execution cost","training_summary":{"completed_at":"2026-09-21T21:06:38.193537+00:00","models":[{"completed_at":"2026-09-21T20:16:36.901086+00:00","config_sha256":"ad27b6d96a527f36587a771b1935ed816a15b3aeaa6ec1669b3ef4dc990a65c9","elapsed_seconds":170.01360370999998,"episodes":255,"model_sha256":"8373a288b56194b1e164a03ea2ccbdc69d0a8530abf65577ea7e47c40bbc76d1","penalty_bps":0.0,"preregistration_sha256":"39b51c741664a70ee68795d7fd53b6948c6ac2121a0a6d6b5a132b09a5cfd338","reward_summary":{"completion_penalty_absolute_share":0.0,"episodes":255,"first_quarter_mean_return_bps":-1.3733726825396826,"invalid_episodes":0,"last_quarter_mean_return_bps":-0.3753981746031745,"mean_absolute_reward_terms_bps":{"completion_penalty":0.0,"fees":0.1993067050910963,"fills":1.2192831390903878,"late_fees":0.0,"late_fills":0.0,"terminal_fees":0.0005467025079322938,"terminal_shortfall":0.00120655405386675},"mean_return_bps":-0.8171618627450982,"mean_reward_terms_bps":{"completion_penalty":0.0,"fees":-0.1993067050910963,"fills":-0.6161019052246446,"late_fees":0.0,"late_fills":0.0,"terminal_fees":-0.0005467025079322938,"terminal_shortfall":-0.00120655405386675}},"timesteps":8192,"training_seed":81001,"training_trace_sha256":"234946ffe9940db681afac083858b6a355df1297f3d7513bc479ebf8d3fef457"},{"completed_at":"2026-09-21T20:19:18.223919+00:00","config_sha256":"ad27b6d96a527f36587a771b1935ed816a15b3aeaa6ec1669b3ef4dc990a65c9","elapsed_seconds":161.32149921899997,"episodes":264,"model_sha256":"f2577b76274ae774c7ae193103580c9705de0052d1130438f3b4183fc1fe805c","penalty_bps":0.0,"preregistration_sha256":"39b51c741664a70ee68795d7fd53b6948c6ac2121a0a6d6b5a132b09a5cfd338","reward_summary":{"completion_penalty_absolute_share":0.0,"episodes":264,"first_quarter_mean_return_bps":-1.0498529242424244,"invalid_episodes":0,"last_quarter_mean_return_bps":-0.8845065606060606,"mean_absolute_reward_terms_bps":{"completion_penalty":0.0,"fees":0.219499750229226,"fills":1.0791626231329625,"late_fees":0.0,"late_fills":0.0,"terminal_fees":0.0,"terminal_shortfall":0.0},"mean_return_bps":-0.8656491401515152,"mean_reward_terms_bps":{"completion_penalty":0.0,"fees":-0.219499750229226,"fills":-0.6461494176341572,"late_fees":0.0,"late_fills":0.0,"terminal_fees":0.0,"terminal_shortfall":0.0}},"timesteps":8192,"training_seed":81002,"training_trace_sha256":"e64a6c5fdf2b55561227441121a722a77c2779b832e9283672965fd5e63042ca"},{"completed_at":"2026-09-21T20:21:54.235859+00:00","config_sha256":"ad27b6d96a527f36587a771b1935ed816a15b3aeaa6ec1669b3ef4dc990a65c9","elapsed_seconds":156.010635418,"episodes":237,"model_sha256":"c8447d8220fe3656df8aa64216ad7f434d84e0203812f23f6b66fba40fa82549","penalty_bps":0.0,"preregistration_sha256":"39b51c741664a70ee68795d7fd53b6948c6ac2121a0a6d6b5a132b09a5cfd338","reward_summary":{"completion_penalty_absolute_share":0.0,"episodes":237,"first_quarter_mean_return_bps":-1.3434741525423728,"invalid_episodes":0,"last_quarter_mean_return_bps":-0.5069584067796611,"mean_absolute_reward_terms_bps":{"completion_penalty":0.0,"fees":0.32488531570148915,"fills":1.25634164495588,"late_fees":0.0,"late_fills":0.0,"terminal_fees":0.002363131058133226,"terminal_shortfall":0.004795957743369386},"mean_return_bps":-0.9977651012658227,"mean_reward_terms_bps":{"completion_penalty":0.0,"fees":-0.32488531570148915,"fills":-0.6691964658466676,"late_fees":0.0,"late_fills":0.0,"terminal_fees":-0.002363131058133226,"terminal_shortfall":-0.0013201735825897267}},"timesteps":8192,"training_seed":81003,"training_trace_sha256":"34abba3ed930dff99988df372f022de1ecf285f5a2527d3bddc2752906c55f94"},{"completed_at":"2026-09-21T20:24:29.384892+00:00","config_sha256":"ad27b6d96a527f36587a771b1935ed816a15b3aeaa6ec1669b3ef4dc990a65c9","elapsed_seconds":155.14772280199998,"episodes":237,"model_sha256":"cb9a3c1e6d1e9b32e1f8fd6c875c9c7f25926a0dc4f2ebc7b40cbefa588cb1d9","penalty_bps":0.0,"preregistration_sha256":"39b51c741664a70ee68795d7fd53b6948c6ac2121a0a6d6b5a132b09a5cfd338","reward_summary":{"completion_penalty_absolute_share":0.0,"episodes":237,"first_quarter_mean_return_bps":-1.1608261355932201,"invalid_episodes":0,"last_quarter_mean_return_bps":-0.8175315762711864,"mean_absolute_reward_terms_bps":{"completion_penalty":0.0,"fees":0.20551241918337526,"fills":1.2841485781193527,"late_fees":0.0,"late_fills":0.0,"terminal_fees":0.0015752941998417773,"terminal_shortfall":0.0026220354059952465},"mean_return_bps":-0.9059192278481012,"mean_reward_terms_bps":{"completion_penalty":0.0,"fees":-0.20551241918337526,"fills":-0.6966863570572513,"late_fees":0.0,"late_fills":0.0,"terminal_fees":-0.0015752941998417773,"terminal_shortfall":-0.0021451715254580876}},"timesteps":8192,"training_seed":81004,"training_trace_sha256":"f3d63ee0fdc13ed30829f9f1261f17ff6c158ebf5ab6db27e12b38e024113a39"},{"completed_at":"2026-09-21T20:27:04.989798+00:00","config_sha256":"ad27b6d96a527f36587a771b1935ed816a15b3aeaa6ec1669b3ef4dc990a65c9","elapsed_seconds":155.60362294700008,"episodes":224,"model_sha256":"9a0c5627b281cca21efdf555313c85ea3d04a42970bd4071aa4f44102f024d36","penalty_bps":0.0,"preregistration_sha256":"39b51c741664a70ee68795d7fd53b6948c6ac2121a0a6d6b5a132b09a5cfd338","reward_summary":{"completion_penalty_absolute_share":0.0,"episodes":224,"first_quarter_mean_return_bps":-1.2742380535714284,"invalid_episodes":0,"last_quarter_mean_return_bps":-1.115340410714286,"mean_absolute_reward_terms_bps":{"completion_penalty":0.0,"fees":0.30523403555669226,"fills":1.3782468908091392,"late_fees":0.0,"late_fills":0.0,"terminal_fees":0.0037365050024701493,"terminal_shortfall":0.010970978799090552},"mean_return_bps":-1.02670190625,"mean_reward_terms_bps":{"completion_penalty":0.0,"fees":-0.30523403555669226,"fills":-0.706760405362023,"late_fees":0.0,"late_fills":0.0,"terminal_fees":-0.0037365050024701493,"terminal_shortfall":-0.010970978799090552}},"timesteps":8192,"training_seed":81005,"training_trace_sha256":"02a2f09489b6a95752db171d0b7c2b3e96ea0159fab1ca00e6fc26f92c9bfc58"},{"completed_at":"2026-09-21T20:29:44.111368+00:00","config_sha256":"ad27b6d96a527f36587a771b1935ed816a15b3aeaa6ec1669b3ef4dc990a65c9","elapsed_seconds":159.1202283570001,"episodes":256,"model_sha256":"38e101b9317d32b745ecad84870baf8be32fd9140fdf3f59adae1c1c27eb46ef","penalty_bps":5.0,"preregistration_sha256":"39b51c741664a70ee68795d7fd53b6948c6ac2121a0a6d6b5a132b09a5cfd338","reward_summary":{"completion_penalty_absolute_share":0.002057543029376121,"episodes":256,"first_quarter_mean_return_bps":-1.3684740781250002,"invalid_episodes":0,"last_quarter_mean_return_bps":-0.545362921875,"mean_absolute_reward_terms_bps":{"completion_penalty":0.0029741285005834305,"fees":0.2140853340364123,"fills":1.2261196124684677,"late_fees":0.0,"late_fills":0.0,"terminal_fees":0.000594655500741313,"terminal_shortfall":0.0017019937537311035},"mean_return_bps":-0.8536957109375001,"mean_reward_terms_bps":{"completion_penalty":-0.0029741285005834305,"fees":-0.2140853340364123,"fills":-0.6343395833630224,"late_fees":0.0,"late_fills":0.0,"terminal_fees":-0.000594655500741313,"terminal_shortfall":-0.0017019937537311035}},"timesteps":8192,"training_seed":81001,"training_trace_sha256":"ec082b7e0945daa399093a88be882ff9065860216e03c017247484e8b4a8b6ca"},{"completed_at":"2026-09-21T20:32:23.175512+00:00","config_sha256":"ad27b6d96a527f36587a771b1935ed816a15b3aeaa6ec1669b3ef4dc990a65c9","elapsed_seconds":159.06279365799992,"episodes":264,"model_sha256":"f9373b2ece3f7e865a425dc33f86256ca944a4aabb6256e20cceac3fa16be467","penalty_bps":5.0,"preregistration_sha256":"39b51c741664a70ee68795d7fd53b6948c6ac2121a0a6d6b5a132b09a5cfd338","reward_summary":{"completion_penalty_absolute_share":0.0,"episodes":264,"first_quarter_mean_return_bps":-1.0498529242424244,"invalid_episodes":0,"last_quarter_mean_return_bps":-0.8845065606060606,"mean_absolute_reward_terms_bps":{"completion_penalty":0.0,"fees":0.219499750229226,"fills":1.0791626231329625,"late_fees":0.0,"late_fills":0.0,"terminal_fees":0.0,"terminal_shortfall":0.0},"mean_return_bps":-0.8656491401515152,"mean_reward_terms_bps":{"completion_penalty":0.0,"fees":-0.219499750229226,"fills":-0.6461494176341572,"late_fees":0.0,"late_fills":0.0,"terminal_fees":0.0,"terminal_shortfall":0.0}},"timesteps":8192,"training_seed":81002,"training_trace_sha256":"e64a6c5fdf2b55561227441121a722a77c2779b832e9283672965fd5e63042ca"},{"completed_at":"2026-09-21T20:35:01.018776+00:00","config_sha256":"ad27b6d96a527f36587a771b1935ed816a15b3aeaa6ec1669b3ef4dc990a65c9","elapsed_seconds":157.84198698,"episodes":241,"model_sha256":"47603c8665c786a721f1d0ac0b1808022af536c6a71f6ef649efb276ac8bea4e","penalty_bps":5.0,"preregistration_sha256":"39b51c741664a70ee68795d7fd53b6948c6ac2121a0a6d6b5a132b09a5cfd338","reward_summary":{"completion_penalty_absolute_share":0.012205075791460908,"episodes":241,"first_quarter_mean_return_bps":-1.3412958166666664,"invalid_episodes":0,"last_quarter_mean_return_bps":-0.8965690499999999,"mean_absolute_reward_terms_bps":{"completion_penalty":0.0196817035204346,"fees":0.32337676692655065,"fills":1.2507713574682506,"late_fees":0.0,"late_fills":0.0,"terminal_fees":0.003935037857160049,"terminal_shortfall":0.014818608244586196},"mean_return_bps":-1.0987551452282156,"mean_reward_terms_bps":{"completion_penalty":-0.0196817035204346,"fees":-0.32337676692655065,"fills":-0.7387331395571416,"late_fees":0.0,"late_fills":0.0,"terminal_fees":-0.003935037857160049,"terminal_shortfall":-0.013028469268700995}},"timesteps":8192,"training_seed":81003,"training_trace_sha256":"a7106cbb73444f88b7a61eb938be009a43644abd3c9ded7ad6c398f9c8a6a079"},{"completed_at":"2026-09-21T20:37:34.898219+00:00","config_sha256":"ad27b6d96a527f36587a771b1935ed816a15b3aeaa6ec1669b3ef4dc990a65c9","elapsed_seconds":153.87817794499983,"episodes":218,"model_sha256":"2fb01df4e5692e6ad3f17ad943d0107544d7be3c558afbf8ee967f33277e6dfe","penalty_bps":5.0,"preregistration_sha256":"39b51c741664a70ee68795d7fd53b6948c6ac2121a0a6d6b5a132b09a5cfd338","reward_summary":{"completion_penalty_absolute_share":0.0347198083674648,"episodes":218,"first_quarter_mean_return_bps":-1.0677707592592591,"invalid_episodes":0,"last_quarter_mean_return_bps":-0.6500893148148147,"mean_absolute_reward_terms_bps":{"completion_penalty":0.05410114223930288,"fees":0.20548339140770228,"fills":1.2552509925704316,"late_fees":0.0,"late_fills":0.0,"terminal_fees":0.010817085942607127,"terminal_shortfall":0.03256861033955737},"mean_return_bps":-0.9029463853211008,"mean_reward_terms_bps":{"completion_penalty":-0.05410114223930288,"fees":-0.20548339140770228,"fills":-0.6011197165951996,"late_fees":0.0,"late_fills":0.0,"terminal_fees":-0.010817085942607127,"terminal_shortfall":-0.03142505253449687}},"timesteps":8192,"training_seed":81004,"training_trace_sha256":"c10bec71700e2f3d41d9ae21149858eda95c8325d50649fc79569db979150532"},{"completed_at":"2026-09-21T20:40:10.745234+00:00","config_sha256":"ad27b6d96a527f36587a771b1935ed816a15b3aeaa6ec1669b3ef4dc990a65c9","elapsed_seconds":155.84570210200013,"episodes":232,"model_sha256":"cbf70986e8749d52939662b20f6de2d9757dbf5247cce4c7ff7088adcb96cff7","penalty_bps":5.0,"preregistration_sha256":"39b51c741664a70ee68795d7fd53b6948c6ac2121a0a6d6b5a132b09a5cfd338","reward_summary":{"completion_penalty_absolute_share":0.006445055182978325,"episodes":232,"first_quarter_mean_return_bps":-1.2907807758620686,"invalid_episodes":0,"last_quarter_mean_return_bps":-0.9415277586206896,"mean_absolute_reward_terms_bps":{"completion_penalty":0.010675270591075524,"fees":0.2944416964005847,"fills":1.3456261401878267,"late_fees":0.0,"late_fills":0.0,"terminal_fees":0.0021347068462628325,"terminal_shortfall":0.0034727195227268913},"mean_return_bps":-0.9894748577586207,"mean_reward_terms_bps":{"completion_penalty":-0.010675270591075524,"fees":-0.2944416964005847,"fills":-0.6787504901654671,"late_fees":0.0,"late_fills":0.0,"terminal_fees":-0.0021347068462628325,"terminal_shortfall":-0.0034727195227268913}},"timesteps":8192,"training_seed":81005,"training_trace_sha256":"eaaa2b169ef0149036f67ae4251b68accccf996fc5d4ac188bda1068d4444f3a"},{"completed_at":"2026-09-21T20:42:50.286146+00:00","config_sha256":"ad27b6d96a527f36587a771b1935ed816a15b3aeaa6ec1669b3ef4dc990a65c9","elapsed_seconds":159.53937978399995,"episodes":264,"model_sha256":"f28c4782962a6d480ef5043ec4b16237815e67448fa1898ae782655f2f467e09","penalty_bps":25.0,"preregistration_sha256":"39b51c741664a70ee68795d7fd53b6948c6ac2121a0a6d6b5a132b09a5cfd338","reward_summary":{"completion_penalty_absolute_share":0.00806297749507411,"episodes":264,"first_quarter_mean_return_bps":-1.362716196969697,"invalid_episodes":0,"last_quarter_mean_return_bps":-0.6238849696969696,"mean_absolute_reward_terms_bps":{"completion_penalty":0.011657561613804322,"fees":0.2236579902522673,"fills":1.208873276764427,"late_fees":0.0,"late_fills":0.0,"terminal_fees":0.0004661866173019348,"terminal_shortfall":0.001158472502380801},"mean_return_bps":-0.8829626060606062,"mean_reward_terms_bps":{"completion_penalty":-0.011657561613804322,"fees":-0.2236579902522673,"fills":-0.6460224127023588,"late_fees":0.0,"late_fills":0.0,"terminal_fees":-0.0004661866173019348,"terminal_shortfall":-0.001158472502380801}},"timesteps":8192,"training_seed":81001,"training_trace_sha256":"1ede057337295552c1605cdfef1e09fafabee05bc6ff2cd66a04c5f43d9c1e0b"},{"completed_at":"2026-09-21T20:45:29.170533+00:00","config_sha256":"ad27b6d96a527f36587a771b1935ed816a15b3aeaa6ec1669b3ef4dc990a65c9","elapsed_seconds":158.88297466400013,"episodes":264,"model_sha256":"ac3d2b8626b004eafd1de72460858b574e9262659d3d13cc59787ad1fe9f44f6","penalty_bps":25.0,"preregistration_sha256":"39b51c741664a70ee68795d7fd53b6948c6ac2121a0a6d6b5a132b09a5cfd338","reward_summary":{"completion_penalty_absolute_share":0.0,"episodes":264,"first_quarter_mean_return_bps":-1.0498529242424244,"invalid_episodes":0,"last_quarter_mean_return_bps":-0.8845065606060606,"mean_absolute_reward_terms_bps":{"completion_penalty":0.0,"fees":0.219499750229226,"fills":1.0791626231329625,"late_fees":0.0,"late_fills":0.0,"terminal_fees":0.0,"terminal_shortfall":0.0},"mean_return_bps":-0.8656491401515152,"mean_reward_terms_bps":{"completion_penalty":0.0,"fees":-0.219499750229226,"fills":-0.6461494176341572,"late_fees":0.0,"late_fills":0.0,"terminal_fees":0.0,"terminal_shortfall":0.0}},"timesteps":8192,"training_seed":81002,"training_trace_sha256":"e64a6c5fdf2b55561227441121a722a77c2779b832e9283672965fd5e63042ca"},{"completed_at":"2026-09-21T20:48:06.060521+00:00","config_sha256":"ad27b6d96a527f36587a771b1935ed816a15b3aeaa6ec1669b3ef4dc990a65c9","elapsed_seconds":156.88866558899963,"episodes":239,"model_sha256":"9c90a1ad0760e825f1235fe939595f790e92d9ff933c90c9c9ec557736f47745","penalty_bps":25.0,"preregistration_sha256":"39b51c741664a70ee68795d7fd53b6948c6ac2121a0a6d6b5a132b09a5cfd338","reward_summary":{"completion_penalty_absolute_share":0.04211863464202061,"episodes":239,"first_quarter_mean_return_bps":-1.3434741525423728,"invalid_episodes":0,"last_quarter_mean_return_bps":-1.096627677966102,"mean_absolute_reward_terms_bps":{"completion_penalty":0.07060974597579373,"fees":0.33325971060031195,"fills":1.2597173794410317,"late_fees":0.0,"late_fills":0.0,"terminal_fees":0.002823526108614616,"terminal_shortfall":0.010038710260566842},"mean_return_bps":-1.141142410041841,"mean_reward_terms_bps":{"completion_penalty":-0.07060974597579373,"fees":-0.33325971060031195,"fills":-0.7258121082767357,"late_fees":0.0,"late_fills":0.0,"terminal_fees":-0.002823526108614616,"terminal_shortfall":-0.00863730417133418}},"timesteps":8192,"training_seed":81003,"training_trace_sha256":"5159d4a77df90f56e78083f7f0341f0f10038a4a6cf25c32b52ed27eeee05371"},{"completed_at":"2026-09-21T20:50:46.188380+00:00","config_sha256":"ad27b6d96a527f36587a771b1935ed816a15b3aeaa6ec1669b3ef4dc990a65c9","elapsed_seconds":160.12645307599996,"episodes":264,"model_sha256":"9cd826f8a9d369af04662dfa4a5be85997b48787940012ba233a5130f9c21262","penalty_bps":25.0,"preregistration_sha256":"39b51c741664a70ee68795d7fd53b6948c6ac2121a0a6d6b5a132b09a5cfd338","reward_summary":{"completion_penalty_absolute_share":0.0004592080203882347,"episodes":264,"first_quarter_mean_return_bps":-1.0831307575757574,"invalid_episodes":0,"last_quarter_mean_return_bps":-0.5865448787878788,"mean_absolute_reward_terms_bps":{"completion_penalty":0.0006077401789187087,"fees":0.1423365875074247,"fills":1.1804269409429664,"late_fees":0.0,"late_fills":0.0,"terminal_fees":2.4303876011642634e-05,"terminal_shortfall":5.7311451057167034e-05},"mean_return_bps":-0.7208324886363636,"mean_reward_terms_bps":{"completion_penalty":-0.0006077401789187087,"fees":-0.1423365875074247,"fills":-0.5778065769977748,"late_fees":0.0,"late_fills":0.0,"terminal_fees":-2.4303876011642634e-05,"terminal_shortfall":-5.7311451057167034e-05}},"timesteps":8192,"training_seed":81004,"training_trace_sha256":"770c0f2291c0c33941389206af5704f7d5846ae99b9cba230321a684fcd9f3fb"},{"completed_at":"2026-09-21T20:53:23.464053+00:00","config_sha256":"ad27b6d96a527f36587a771b1935ed816a15b3aeaa6ec1669b3ef4dc990a65c9","elapsed_seconds":157.2743636780001,"episodes":241,"model_sha256":"3b20819d526e130fb60ca5376105489ecfe228ff05719eb2595f8056b4e4c485","penalty_bps":25.0,"preregistration_sha256":"39b51c741664a70ee68795d7fd53b6948c6ac2121a0a6d6b5a132b09a5cfd338","reward_summary":{"completion_penalty_absolute_share":0.00847596087058701,"episodes":241,"first_quarter_mean_return_bps":-1.3287743499999998,"invalid_episodes":0,"last_quarter_mean_return_bps":-0.7905589666666665,"mean_absolute_reward_terms_bps":{"completion_penalty":0.013556892953804887,"fees":0.28810797948333056,"fills":1.2952154029565575,"late_fees":0.0,"late_fills":0.0,"terminal_fees":0.0005420727483955626,"terminal_shortfall":0.002029697566328567},"mean_return_bps":-0.9800681078838175,"mean_reward_terms_bps":{"completion_penalty":-0.013556892953804887,"fees":-0.28810797948333056,"fills":-0.675831466599608,"late_fees":0.0,"late_fills":0.0,"terminal_fees":-0.0005420727483955626,"terminal_shortfall":-0.002029697566328567}},"timesteps":8192,"training_seed":81005,"training_trace_sha256":"f5294f56e0c774dd26b95b41c5f4a872ae3c66bd2a9c1ba548517bceb2e74f68"},{"completed_at":"2026-09-21T20:56:04.124480+00:00","config_sha256":"ad27b6d96a527f36587a771b1935ed816a15b3aeaa6ec1669b3ef4dc990a65c9","elapsed_seconds":160.65903031400012,"episodes":265,"model_sha256":"981aa96c2aedb30472e557e1903f2f1031d5bd68b55c72141192c10018a637c8","penalty_bps":100.0,"preregistration_sha256":"39b51c741664a70ee68795d7fd53b6948c6ac2121a0a6d6b5a132b09a5cfd338","reward_summary":{"completion_penalty_absolute_share":0.031833008889804976,"episodes":265,"first_quarter_mean_return_bps":-1.362716196969697,"invalid_episodes":0,"last_quarter_mean_return_bps":-0.5061406666666667,"mean_absolute_reward_terms_bps":{"completion_penalty":0.046454283261046656,"fees":0.20919021906591498,"fills":1.202048698932848,"late_fees":0.0,"late_fills":0.0,"terminal_fees":0.00046442742251966336,"terminal_shortfall":0.0011541009080321943},"mean_return_bps":-0.863985,"mean_reward_terms_bps":{"completion_penalty":-0.046454283261046656,"fees":-0.20919021906591498,"fills":-0.6067219908393935,"late_fees":0.0,"late_fills":0.0,"terminal_fees":-0.00046442742251966336,"terminal_shortfall":-0.0011541009080321943}},"timesteps":8192,"training_seed":81001,"training_trace_sha256":"2c8df76cc21c8548215d3dbc844c88a677245762c1859febecf22fd9ab77c981"},{"completed_at":"2026-09-21T20:58:43.869906+00:00","config_sha256":"ad27b6d96a527f36587a771b1935ed816a15b3aeaa6ec1669b3ef4dc990a65c9","elapsed_seconds":159.74403091800013,"episodes":264,"model_sha256":"8bd2e99252c0f697f15f5386cdcaf19e89c776af2e142000ba1794403d26deaf","penalty_bps":100.0,"preregistration_sha256":"39b51c741664a70ee68795d7fd53b6948c6ac2121a0a6d6b5a132b09a5cfd338","reward_summary":{"completion_penalty_absolute_share":0.0,"episodes":264,"first_quarter_mean_return_bps":-1.0498529242424244,"invalid_episodes":0,"last_quarter_mean_return_bps":-0.8845065606060606,"mean_absolute_reward_terms_bps":{"completion_penalty":0.0,"fees":0.219499750229226,"fills":1.0791626231329625,"late_fees":0.0,"late_fills":0.0,"terminal_fees":0.0,"terminal_shortfall":0.0},"mean_return_bps":-0.8656491401515152,"mean_reward_terms_bps":{"completion_penalty":0.0,"fees":-0.219499750229226,"fills":-0.6461494176341572,"late_fees":0.0,"late_fills":0.0,"terminal_fees":0.0,"terminal_shortfall":0.0}},"timesteps":8192,"training_seed":81002,"training_trace_sha256":"e64a6c5fdf2b55561227441121a722a77c2779b832e9283672965fd5e63042ca"},{"completed_at":"2026-09-21T21:01:22.332301+00:00","config_sha256":"ad27b6d96a527f36587a771b1935ed816a15b3aeaa6ec1669b3ef4dc990a65c9","elapsed_seconds":158.46109179199993,"episodes":244,"model_sha256":"53f33b1e930347e350bd5433ed61387c47c1f04c03a711073eff96cec2e21d40","penalty_bps":100.0,"preregistration_sha256":"39b51c741664a70ee68795d7fd53b6948c6ac2121a0a6d6b5a132b09a5cfd338","reward_summary":{"completion_penalty_absolute_share":0.03832030368161335,"episodes":244,"first_quarter_mean_return_bps":-1.3271983278688522,"invalid_episodes":0,"last_quarter_mean_return_bps":-0.9432952950819671,"mean_absolute_reward_terms_bps":{"completion_penalty":0.06169060963712531,"fees":0.32279443878218594,"fills":1.2212441814754804,"late_fees":0.0,"late_fills":0.0,"terminal_fees":0.000616681440075052,"terminal_shortfall":0.0035215403869573517},"mean_return_bps":-1.0956592663934424,"mean_reward_terms_bps":{"completion_penalty":-0.06169060963712531,"fees":-0.32279443878218594,"fills":-0.7083109494949217,"late_fees":0.0,"late_fills":0.0,"terminal_fees":-0.000616681440075052,"terminal_shortfall":-0.0022465629620113466}},"timesteps":8192,"training_seed":81003,"training_trace_sha256":"d941b614c03e4132e5dc2c6a698cd94b3a233d2033937b8c9497cb0861e795c3"},{"completed_at":"2026-09-21T21:03:59.607504+00:00","config_sha256":"ad27b6d96a527f36587a771b1935ed816a15b3aeaa6ec1669b3ef4dc990a65c9","elapsed_seconds":157.27385727599994,"episodes":240,"model_sha256":"417ad72f8bd416e412c08116ada1c84f8264e154623510b4a6bc9baf6cff6ba6","penalty_bps":100.0,"preregistration_sha256":"39b51c741664a70ee68795d7fd53b6948c6ac2121a0a6d6b5a132b09a5cfd338","reward_summary":{"completion_penalty_absolute_share":0.1493340406890047,"episodes":240,"first_quarter_mean_return_bps":-1.1846904833333332,"invalid_episodes":0,"last_quarter_mean_return_bps":-1.6330163333333334,"mean_absolute_reward_terms_bps":{"completion_penalty":0.24820108907040064,"fees":0.17257518771510363,"fills":1.2297476887512653,"late_fees":0.0,"late_fills":0.0,"terminal_fees":0.0024812679755627353,"terminal_shortfall":0.009047758057696384},"mean_return_bps":-1.0173384791666666,"mean_reward_terms_bps":{"completion_penalty":-0.24820108907040064,"fees":-0.17257518771510363,"fills":-0.5866517945181536,"late_fees":0.0,"late_fills":0.0,"terminal_fees":-0.0024812679755627353,"terminal_shortfall":-0.007429151412709923}},"timesteps":8192,"training_seed":81004,"training_trace_sha256":"7144367327bbc8be18c18a75dd7dc6d95b506531d1db1a5c2af3d14f76edc900"},{"completed_at":"2026-09-21T21:06:38.193337+00:00","config_sha256":"ad27b6d96a527f36587a771b1935ed816a15b3aeaa6ec1669b3ef4dc990a65c9","elapsed_seconds":158.58451121999997,"episodes":244,"model_sha256":"4f6fa1b54942ec9a85304f89cb5f11a33c1f542268a15a2e9791dd5e52ed11e3","penalty_bps":100.0,"preregistration_sha256":"39b51c741664a70ee68795d7fd53b6948c6ac2121a0a6d6b5a132b09a5cfd338","reward_summary":{"completion_penalty_absolute_share":0.010354013882180943,"episodes":244,"first_quarter_mean_return_bps":-1.3265446721311474,"invalid_episodes":0,"last_quarter_mean_return_bps":-1.0993683934426228,"mean_absolute_reward_terms_bps":{"completion_penalty":0.017215984084779156,"fees":0.32080623263838226,"fills":1.3234856187471942,"late_fees":0.0,"late_fills":0.0,"terminal_fees":0.00017205430266276726,"terminal_shortfall":0.0010553818502434605},"mean_return_bps":-1.039069475409836,"mean_reward_terms_bps":{"completion_penalty":-0.017215984084779156,"fees":-0.32080623263838226,"fills":-0.6998198351851367,"late_fees":0.0,"late_fills":0.0,"terminal_fees":-0.00017205430266276726,"terminal_shortfall":-0.0010553818502434605}},"timesteps":8192,"training_seed":81005,"training_trace_sha256":"de51d76f1f913bc8e86231d198e4976233284c43d34edd3ee82cdead47f8cb20"}],"total_timesteps":163840}}
2026-09-21T21:15:54.6040500Z ##[group]Run study="examples/studies/core/ppo-final-35649544066"
2026-09-21T21:15:54.6041011Z [36;1mstudy="examples/studies/core/ppo-final-35649544066"[0m
2026-09-21T21:15:54.6041422Z [36;1mpython train_rl.py verify --study "$study"[0m
2026-09-21T21:15:54.6079818Z shell: /usr/bin/bash --noprofile --norc -e -o pipefail {0}
2026-09-21T21:15:54.6080191Z env:
2026-09-21T21:15:54.6080479Z   pythonLocation: /opt/hostedtoolcache/Python/3.11.16/x64
2026-09-21T21:15:54.6080952Z   PKG_CONFIG_PATH: /opt/hostedtoolcache/Python/3.11.16/x64/lib/pkgconfig
2026-09-21T21:15:54.6081425Z   Python_ROOT_DIR: /opt/hostedtoolcache/Python/3.11.16/x64
2026-09-21T21:15:54.6081841Z   Python2_ROOT_DIR: /opt/hostedtoolcache/Python/3.11.16/x64
2026-09-21T21:15:54.6082289Z   Python3_ROOT_DIR: /opt/hostedtoolcache/Python/3.11.16/x64
2026-09-21T21:15:54.6082735Z   LD_LIBRARY_PATH: /opt/hostedtoolcache/Python/3.11.16/x64/lib
2026-09-21T21:15:54.6083106Z ##[endgroup]
2026-09-21T21:15:55.0820745Z {"issues":[],"study":"/home/runner/work/CleoLOB/CleoLOB/examples/studies/core/ppo-final-35649544066","valid":true}
2026-09-21T21:15:55.1674186Z Node 20 is being deprecated. This workflow is running with Node 24 by default. If you need to temporarily use Node 20, you can set the ACTIONS_ALLOW_USE_UNSECURE_NODE_VERSION=true environment variable. For more information see: https://github.blog/changelog/2025-09-19-deprecation-of-node-20-on-github-actions-runners/
2026-09-21T21:15:55.1675529Z Post job cleanup.
2026-09-21T21:15:55.2862455Z Cache hit occurred on the primary key setup-python-Linux-x64-24.04-Ubuntu-python-3.11.16-pip-4407961bebca46b6e97cf20b586751ce50388aa8f9bc9cf9a4dcd52e9e53f0af, not saving cache.
2026-09-21T21:15:55.2864187Z (node:3610) [DEP0040] DeprecationWarning: The `punycode` module is deprecated. Please use a userland alternative instead.
2026-09-21T21:15:55.2865222Z (Use `node --trace-deprecation ...` to show where the warning was created)
2026-09-21T21:15:55.3009215Z Node 20 is being deprecated. This workflow is running with Node 24 by default. If you need to temporarily use Node 20, you can set the ACTIONS_ALLOW_USE_UNSECURE_NODE_VERSION=true environment variable. For more information see: https://github.blog/changelog/2025-09-19-deprecation-of-node-20-on-github-actions-runners/
2026-09-21T21:15:55.3010544Z Post job cleanup.
2026-09-21T21:15:55.3876963Z [command]/usr/bin/git version
2026-09-21T21:15:55.3917588Z git version 2.55.0
2026-09-21T21:15:55.3955718Z Temporarily overriding HOME='/home/runner/work/_temp/f14fc3b1-c0dc-4ed7-be75-0f08201eb86a' before making global git config changes
2026-09-21T21:15:55.3957087Z Adding repository directory to the temporary git global config as a safe directory
2026-09-21T21:15:55.3961738Z [command]/usr/bin/git config --global --add safe.directory /home/runner/work/CleoLOB/CleoLOB
2026-09-21T21:15:55.3999392Z [command]/usr/bin/git config --local --name-only --get-regexp core\.sshCommand
2026-09-21T21:15:55.4034567Z [command]/usr/bin/git submodule foreach --recursive sh -c "git config --local --name-only --get-regexp 'core\.sshCommand' && git config --local --unset-all 'core.sshCommand' || :"
2026-09-21T21:15:55.4288681Z [command]/usr/bin/git config --local --name-only --get-regexp http\.https\:\/\/github\.com\/\.extraheader
2026-09-21T21:15:55.4319845Z http.https://github.com/.extraheader
2026-09-21T21:15:55.4332240Z [command]/usr/bin/git config --local --unset-all http.https://github.com/.extraheader
2026-09-21T21:15:55.4371394Z [command]/usr/bin/git submodule foreach --recursive sh -c "git config --local --name-only --get-regexp 'http\.https\:\/\/github\.com\/\.extraheader' && git config --local --unset-all 'http.https://github.com/.extraheader' || :"
2026-09-21T21:15:55.4668682Z [command]/usr/bin/git config --local --name-only --get-regexp ^includeIf\.gitdir:
2026-09-21T21:15:55.4711336Z [command]/usr/bin/git submodule foreach --recursive git config --local --show-origin --name-only --get-regexp remote.origin.url
2026-09-21T21:15:55.5112923Z Cleaning up orphan processes
2026-09-21T21:15:55.5439487Z ##[warning]Node.js 20 is deprecated. The following actions target Node.js 20 but are being forced to run on Node.js 24: actions/checkout@v4, actions/setup-python@v5. For more information see: https://github.blog/changelog/2025-09-19-deprecation-of-node-20-on-github-actions-runners/
