agent,label,seed,shortfall_bps,effective_bps,fill_frac,duration,children,vwap,arrival,scenario
ac,Almgren-Chriss,1000,3.943102844858575,3.943102844858575,1.0,57.5,20,99.965567,100.005,calm
heuristic,Heuristic,1000,6.400352628107772,7.026048697565771,0.892,60.0,120,99.94099327354262,100.005,calm
pov,POV,1000,6.022198890054624,6.022198890054624,1.0,53.0,103,99.944775,100.005,calm
random,Random,1000,4.742162891854586,4.742162891854586,1.0,46.0,72,99.95757600000002,100.005,calm
twap,TWAP,1000,5.008949552522793,5.008949552522793,1.0,57.5,20,99.954908,100.005,calm
vwap,VWAP,1000,5.097045147742063,5.097045147742063,1.0,57.5,20,99.954027,100.005,calm
ac,Almgren-Chriss,1001,3.374068703435675,3.374068703435675,1.0,57.5,20,99.961261,99.995,calm
heuristic,Heuristic,1001,3.6623068153952776,3.9236961848100265,0.9135,60.0,120,99.95837876299946,99.995,calm
pov,POV,1001,5.307765388270214,5.307765388270214,1.0,60.0,118,99.941925,99.995,calm
random,Random,1001,3.5534108169063736,3.729986499325944,0.9449,60.0,95,99.95946766853636,99.995,calm
twap,TWAP,1001,6.49642482124136,6.49642482124136,1.0,57.5,20,99.930039,99.995,calm
vwap,VWAP,1001,2.7580379018956127,2.7580379018956127,1.0,57.5,20,99.967421,99.995,calm
ac,Almgren-Chriss,1002,5.414529273536792,5.414529273536792,1.0,57.5,20,99.950852,100.005,calm
heuristic,Heuristic,1002,4.183593169112313,4.711664416779403,0.9026,60.0,120,99.9631619765123,100.005,calm
pov,POV,1002,4.049097545123328,4.049097545123328,1.0,60.0,117,99.964507,100.005,calm
random,Random,1002,5.285135743213504,5.285135743213504,1.0,50.5,83,99.952146,100.005,calm
twap,TWAP,1002,2.4196790160488657,2.4196790160488657,1.0,57.5,20,99.980802,100.005,calm
vwap,VWAP,1002,4.523673816309325,4.523673816309325,1.0,57.5,20,99.959761,100.005,calm
ac,Almgren-Chriss,1003,3.4793739686981997,3.4793739686981997,1.0,57.5,20,99.960208,99.995,calm
heuristic,Heuristic,1003,2.590558570832903,2.919245962297277,0.909,60.0,120,99.96909570957096,99.995,calm
pov,POV,1003,5.076153807690203,5.076153807690203,1.0,57.5,113,99.944241,99.995,calm
random,Random,1003,4.026701335066695,4.026701335066695,1.0,56.0,86,99.954735,99.995,calm
twap,TWAP,1003,3.528876443822945,3.528876443822945,1.0,57.5,20,99.959713,99.995,calm
vwap,VWAP,1003,3.635081754086811,3.635081754086811,1.0,57.5,20,99.95865100000002,99.995,calm
ac,Almgren-Chriss,1004,4.015202280342479,4.015202280342479,1.0,57.5,20,99.944854,99.985,calm
heuristic,Heuristic,1004,4.116130069310108,4.539580937140129,0.9012,60.0,120,99.943844873502,99.985,calm
pov,POV,1004,5.995599339900268,5.995599339900268,1.0,59.0,117,99.925053,99.985,calm
random,Random,1004,4.772410402425065,4.921138170726491,0.9507,60.0,90,99.93728305459136,99.985,calm
twap,TWAP,1004,2.977346601989958,2.977346601989958,1.0,57.5,20,99.955231,99.985,calm
vwap,VWAP,1004,0.5109766464962847,0.5109766464962847,1.0,57.5,20,99.979891,99.985,calm
ac,Almgren-Chriss,1005,2.9519475973805998,2.9519475973805998,1.0,57.5,20,99.965482,99.995,calm
heuristic,Heuristic,1005,2.905514701073048,3.066453322666544,0.9014,60.0,120,99.96594630574664,99.995,calm
pov,POV,1005,5.448672433620991,5.448672433620991,1.0,56.0,110,99.940516,99.995,calm
random,Random,1005,4.346217310865092,4.346217310865092,1.0,56.0,90,99.95154,99.995,calm
twap,TWAP,1005,3.0740537026845463,3.0740537026845463,1.0,57.5,20,99.964261,99.995,calm
vwap,VWAP,1005,5.294664733237339,5.294664733237339,1.0,57.5,20,99.942056,99.995,calm
ac,Almgren-Chriss,1006,4.080804040201332,4.080804040201332,1.0,57.5,20,99.95419400000002,99.995,calm
heuristic,Heuristic,1006,4.338529756014131,4.679433971700896,0.9104,60.0,120,99.95161687170474,99.995,calm
pov,POV,1006,6.533726686334572,6.533726686334572,1.0,60.0,119,99.929666,99.995,calm
random,Random,1006,4.27141357067776,4.27141357067776,1.0,55.0,86,99.952288,99.995,calm
twap,TWAP,1006,3.601880094003955,3.601880094003955,1.0,57.5,20,99.958983,99.995,calm
vwap,VWAP,1006,2.758937946896955,2.758937946896955,1.0,57.5,20,99.967412,99.995,calm
ac,Almgren-Chriss,1007,2.636468176590987,2.636468176590987,1.0,57.5,20,99.978634,100.005,calm
heuristic,Heuristic,1007,3.80726096834475,4.342482875855448,0.8938,60.0,120,99.96692548668608,100.005,calm
pov,POV,1007,3.741512924354274,3.741512924354274,1.0,53.0,103,99.967583,100.005,calm
random,Random,1007,4.736563171841993,4.736563171841993,1.0,53.5,91,99.957632,100.005,calm
twap,TWAP,1007,1.3379331033445707,1.3379331033445707,1.0,57.5,20,99.99162,100.005,calm
vwap,VWAP,1007,3.1757412129395366,3.1757412129395366,1.0,57.5,20,99.973241,100.005,calm
ac,Almgren-Chriss,1008,2.8970448522423444,2.8970448522423444,1.0,57.5,20,99.966031,99.995,calm
heuristic,Heuristic,1008,2.6766172752967257,2.928846442322506,0.9151,60.0,120,99.96823516555568,99.995,calm
pov,POV,1008,4.622931146557224,4.622931146557224,1.0,55.5,110,99.948773,99.995,calm
random,Random,1008,2.968548427421118,2.968548427421118,1.0,50.0,83,99.965316,99.995,calm
twap,TWAP,1008,3.1024551227566066,3.1024551227566066,1.0,57.5,20,99.963977,99.995,calm
vwap,VWAP,1008,3.481774088703597,3.481774088703597,1.0,57.5,20,99.960184,99.995,calm
ac,Almgren-Chriss,1009,3.34623268836594,3.34623268836594,1.0,57.5,20,99.971536,100.005,calm
heuristic,Heuristic,1009,3.95344907622761,4.346482675866262,0.9104,60.0,120,99.96546353251318,100.005,calm
pov,POV,1009,2.499375031248336,2.499375031248336,1.0,60.0,116,99.980005,100.005,calm
random,Random,1009,3.154842257887761,3.154842257887761,1.0,57.0,98,99.97345,100.005,calm
twap,TWAP,1009,3.2387380630971303,3.2387380630971303,1.0,57.5,20,99.972611,100.005,calm
vwap,VWAP,1009,5.904304784760608,5.904304784760608,1.0,57.5,20,99.945954,100.005,calm
ac,Almgren-Chriss,1010,5.822091104554939,5.822091104554939,1.0,57.5,20,99.936782,99.995,calm
heuristic,Heuristic,1010,3.7487309124165953,4.087504375217993,0.9097,60.0,120,99.9575145652413,99.995,calm
pov,POV,1010,3.867893394670429,3.867893394670429,1.0,60.0,115,99.956323,99.995,calm
random,Random,1010,4.224411220561593,4.224411220561593,1.0,57.0,95,99.952758,99.995,calm
twap,TWAP,1010,3.9566978348919775,3.9566978348919775,1.0,57.5,20,99.955435,99.995,calm
vwap,VWAP,1010,4.809540477024655,4.809540477024655,1.0,57.5,20,99.946907,99.995,calm
ac,Almgren-Chriss,1011,4.742911436716101,4.742911436716101,1.0,57.5,20,99.937578,99.985,calm
heuristic,Heuristic,1011,1.946114079756581,2.341851277692105,0.8952,60.0,120,99.96554177837356,99.985,calm
pov,POV,1011,3.3875081262195588,3.3875081262195588,1.0,52.5,101,99.95113,99.985,calm
random,Random,1011,5.456218432765652,5.456218432765652,1.0,53.5,88,99.930446,99.985,calm
twap,TWAP,1011,5.025253788067745,5.025253788067745,1.0,57.5,20,99.934755,99.985,calm
vwap,VWAP,1011,2.75251287693124,2.75251287693124,1.0,57.5,20,99.957479,99.985,calm
ac,Almgren-Chriss,1012,4.77226138692978,4.77226138692978,1.0,57.5,20,99.957275,100.005,calm
heuristic,Heuristic,1012,3.407083305437885,3.728913554322756,0.9154,60.0,120,99.97092746340395,100.005,calm
pov,POV,1012,4.128993550321884,4.128993550321884,1.0,56.5,111,99.963708,100.005,calm
random,Random,1012,3.0856457177148595,3.0856457177148595,1.0,53.0,84,99.974142,100.005,calm
twap,TWAP,1012,3.8758062096897192,3.8758062096897192,1.0,57.5,20,99.96624,100.005,calm
vwap,VWAP,1012,4.337883105845558,4.337883105845558,1.0,57.5,20,99.961619,100.005,calm
ac,Almgren-Chriss,1013,1.733086654332891,1.733086654332891,1.0,57.5,20,99.97767,99.995,calm
heuristic,Heuristic,1013,1.2720843296043272,1.4790739536970448,0.9071,60.0,120,99.98227979274613,99.995,calm
pov,POV,1013,2.451622581128271,2.451622581128271,1.0,60.0,118,99.970485,99.995,calm
random,Random,1013,3.726186309316033,3.726186309316033,1.0,49.0,88,99.95774,99.995,calm
twap,TWAP,1013,2.034201710086267,2.034201710086267,1.0,57.5,20,99.974659,99.995,calm
vwap,VWAP,1013,4.361918095904269,4.361918095904269,1.0,57.5,20,99.951383,99.995,calm
ac,Almgren-Chriss,1014,5.956997849893132,5.956997849893132,1.0,57.5,20,99.935433,99.995,calm
heuristic,Heuristic,1014,5.041969015455805,5.554677733887591,0.9121,60.0,120,99.94458283082996,99.995,calm
pov,POV,1014,4.54682734136674,4.54682734136674,1.0,60.0,115,99.949534,99.995,calm
random,Random,1014,5.6611406934543504,5.722186109305926,0.9841,60.0,93,99.9383914236358,99.995,calm
twap,TWAP,1014,4.450422521125369,4.450422521125369,1.0,57.5,20,99.950498,99.995,calm
vwap,VWAP,1014,1.4512725636276982,1.4512725636276982,1.0,57.5,20,99.980488,99.995,calm
ac,Almgren-Chriss,1015,2.236588170590944,2.236588170590944,1.0,57.5,20,99.982633,100.005,calm
heuristic,Heuristic,1015,3.238269113428756,3.5113244337788347,0.9076,60.0,120,99.97261568973116,100.005,calm
pov,POV,1015,4.555372231388116,4.555372231388116,1.0,58.0,112,99.959444,100.005,calm
random,Random,1015,3.5562221888900405,3.5562221888900405,1.0,50.5,84,99.969436,100.005,calm
twap,TWAP,1015,3.264936753162872,3.264936753162872,1.0,57.5,20,99.972349,100.005,calm
vwap,VWAP,1015,2.6283685815716344,2.6283685815716344,1.0,57.5,20,99.978715,100.005,calm
ac,Almgren-Chriss,1016,6.487875606219468,6.487875606219468,1.0,57.5,20,99.940118,100.005,calm
heuristic,Heuristic,1016,3.889507479544587,4.120193990300276,0.9361,60.0,120,99.9661029804508,100.005,calm
pov,POV,1016,4.356382180890117,4.356382180890117,1.0,57.5,113,99.961434,100.005,calm
random,Random,1016,5.183216796779682,5.266236688165315,0.9816,60.0,97,99.9531652404238,100.005,calm
twap,TWAP,1016,1.154242287885754,1.154242287885754,1.0,57.5,20,99.993457,100.005,calm
vwap,VWAP,1016,4.405079746013051,4.405079746013051,1.0,57.5,20,99.960947,100.005,calm
ac,Almgren-Chriss,1017,4.040806120917596,4.040806120917596,1.0,57.5,20,99.944598,99.985,calm
heuristic,Heuristic,1017,1.926923098046991,2.330349552432792,0.8996,60.0,120,99.96573365940418,99.985,calm
pov,POV,1017,5.685852877931181,5.685852877931181,1.0,56.5,110,99.92815,99.985,calm
random,Random,1017,4.352532338907199,4.633094964245053,0.9391,60.0,94,99.94148120540945,99.985,calm
twap,TWAP,1017,5.492723908587185,5.492723908587185,1.0,57.5,20,99.930081,99.985,calm
vwap,VWAP,1017,3.251687753163583,3.251687753163583,1.0,57.5,20,99.952488,99.985,calm
ac,Almgren-Chriss,1018,1.5667783389163463,1.5667783389163463,1.0,57.5,20,99.979333,99.995,calm
heuristic,Heuristic,1018,3.502794941078147,3.806290314515514,0.9161,60.0,120,99.95997380198668,99.995,calm
pov,POV,1018,3.968598429921243,3.968598429921243,1.0,59.5,117,99.955316,99.995,calm
random,Random,1018,4.90654532726692,4.90654532726692,1.0,50.0,83,99.945937,99.995,calm
twap,TWAP,1018,2.5712285614272767,2.5712285614272767,1.0,57.5,20,99.969289,99.995,calm
vwap,VWAP,1018,5.42737136856922,5.42737136856922,1.0,57.5,20,99.940729,99.995,calm
ac,Almgren-Chriss,1019,4.649232461622513,4.649232461622513,1.0,57.5,20,99.94851,99.995,calm
heuristic,Heuristic,1019,3.527532339100808,4.066703335167573,0.8956,60.0,120,99.95972644037516,99.995,calm
pov,POV,1019,3.928596429822184,3.928596429822184,1.0,53.5,106,99.955716,99.995,calm
random,Random,1019,3.1280499210143,3.7814890744542784,0.864,60.0,88,99.96372106481482,99.995,calm
twap,TWAP,1019,4.130006500325631,4.130006500325631,1.0,57.5,20,99.953702,99.995,calm
vwap,VWAP,1019,3.3775688784433195,3.3775688784433195,1.0,57.5,20,99.961226,99.995,calm
ac,Almgren-Chriss,1020,2.1974098704933387,2.1974098704933387,1.0,57.5,20,99.973027,99.995,calm
heuristic,Heuristic,1020,2.7809542115106467,2.9529476473814844,0.9127,60.0,120,99.967191848362,99.995,calm
pov,POV,1020,4.632531626580634,4.632531626580634,1.0,56.0,108,99.948677,99.995,calm
random,Random,1020,1.8583929196458544,1.8583929196458544,1.0,53.0,84,99.976417,99.995,calm
twap,TWAP,1020,4.669933496675209,4.669933496675209,1.0,57.5,20,99.948303,99.995,calm
vwap,VWAP,1020,1.977698884944413,1.977698884944413,1.0,57.5,20,99.975224,99.995,calm
ac,Almgren-Chriss,1021,2.849642482124368,2.849642482124368,1.0,57.5,20,99.966505,99.995,calm
heuristic,Heuristic,1021,2.521592394019432,2.8369418470914844,0.9084,60.0,120,99.969785336856,99.995,calm
pov,POV,1021,4.483324166207778,4.483324166207778,1.0,60.0,118,99.950169,99.995,calm
random,Random,1021,2.6862532359240525,2.703035151757815,0.9956,60.0,99,99.9681388107674,99.995,calm
twap,TWAP,1021,3.951497574879373,3.951497574879373,1.0,57.5,20,99.955487,99.995,calm
vwap,VWAP,1021,4.840142007101208,4.840142007101208,1.0,57.5,20,99.946601,99.995,calm
ac,Almgren-Chriss,1022,1.120080020005397,1.120080020005397,1.0,57.5,20,99.963802,99.975,calm
heuristic,Heuristic,1022,2.637358847101269,3.098474618654923,0.8932,60.0,120,99.94863300492612,99.975,calm
pov,POV,1022,1.9904976244058832,1.9904976244058832,1.0,55.0,107,99.9551,99.975,calm
random,Random,1022,5.356993554241583,5.444461115279233,0.9789,60.0,93,99.92144345694147,99.975,calm
twap,TWAP,1022,2.890922730682493,2.890922730682493,1.0,57.5,20,99.946098,99.975,calm
vwap,VWAP,1022,0.3396849212296439,0.3396849212296439,1.0,57.5,20,99.971604,99.975,calm
ac,Almgren-Chriss,1023,3.457727113643745,3.457727113643745,1.0,57.5,20,99.970421,100.005,calm
heuristic,Heuristic,1023,3.8988010219701192,4.201289935502439,0.9163,60.0,120,99.9660100403798,100.005,calm
pov,POV,1023,4.057897105144938,4.057897105144938,1.0,58.5,115,99.964419,100.005,calm
random,Random,1023,4.503074846257996,4.503074846257996,1.0,57.0,88,99.959967,100.005,calm
twap,TWAP,1023,5.520023998800194,5.520023998800194,1.0,57.5,20,99.949797,100.005,calm
vwap,VWAP,1023,4.172791360432663,4.172791360432663,1.0,57.5,20,99.96327,100.005,calm
ac,Almgren-Chriss,1024,4.605030251511734,4.605030251511734,1.0,57.5,20,99.948952,99.995,calm
heuristic,Heuristic,1024,2.44878637101869,2.8306415320766325,0.9019,60.0,120,99.970513360683,99.995,calm
pov,POV,1024,2.064303215161468,2.064303215161468,1.0,56.5,106,99.974358,99.995,calm
random,Random,1024,6.914745737286523,6.914745737286523,1.0,53.5,90,99.925856,99.995,calm
twap,TWAP,1024,4.312615630782246,4.312615630782246,1.0,57.5,20,99.951876,99.995,calm
vwap,VWAP,1024,0.7846392319624625,0.7846392319624625,1.0,57.5,20,99.987154,99.995,calm
ac,Almgren-Chriss,1025,5.267963398170241,5.267963398170241,1.0,57.5,20,99.942323,99.995,calm
heuristic,Heuristic,1025,2.9322575056932303,3.262063103154672,0.9162,60.0,120,99.96567889107182,99.995,calm
pov,POV,1025,2.908845442272067,2.908845442272067,1.0,56.5,112,99.965913,99.995,calm
random,Random,1025,2.086304315215496,2.086304315215496,1.0,50.5,81,99.974138,99.995,calm
twap,TWAP,1025,4.857442872143983,4.857442872143983,1.0,57.5,20,99.946428,99.995,calm
vwap,VWAP,1025,3.8857942897140982,3.8857942897140982,1.0,57.5,20,99.956144,99.995,calm
ac,Almgren-Chriss,1026,6.283514175708637,6.283514175708637,1.0,57.5,20,99.932168,99.995,calm
heuristic,Heuristic,1026,2.482188851349947,2.83174158707888,0.9144,60.0,120,99.97017935258091,99.995,calm
pov,POV,1026,6.359917995899568,6.359917995899568,1.0,56.5,112,99.931404,99.995,calm
random,Random,1026,2.9053452672626032,2.9053452672626032,1.0,47.5,76,99.965948,99.995,calm
twap,TWAP,1026,3.211560578029041,3.211560578029041,1.0,57.5,20,99.962886,99.995,calm
vwap,VWAP,1026,3.790489524476794,3.790489524476794,1.0,57.5,20,99.957097,99.995,calm
ac,Almgren-Chriss,1027,4.317584120794677,4.317584120794677,1.0,57.5,20,99.961822,100.005,calm
heuristic,Heuristic,1027,3.790176385776818,4.207389630518204,0.8937,60.0,120,99.96709634105405,100.005,calm
pov,POV,1027,4.99705014749353,4.99705014749353,1.0,56.0,109,99.955027,100.005,calm
random,Random,1027,3.5662216889152574,3.5662216889152574,1.0,42.5,71,99.969336,100.005,calm
twap,TWAP,1027,4.839258037098189,4.839258037098189,1.0,57.5,20,99.956605,100.005,calm
vwap,VWAP,1027,4.341582920854106,4.341582920854106,1.0,57.5,20,99.961582,100.005,calm
ac,Almgren-Chriss,1028,1.017949102544902,1.017949102544902,1.0,57.5,20,99.99482,100.005,calm
heuristic,Heuristic,1028,4.091124987938432,4.5832708364588175,0.8973,60.0,120,99.96408670455811,100.005,calm
pov,POV,1028,3.6101194940255774,3.6101194940255774,1.0,56.0,110,99.968897,100.005,calm
random,Random,1028,5.539323033848372,5.539323033848372,1.0,56.0,92,99.949604,100.005,calm
twap,TWAP,1028,3.034848257586975,3.034848257586975,1.0,57.5,20,99.97465,100.005,calm
vwap,VWAP,1028,3.635318234088616,3.635318234088616,1.0,57.5,20,99.968645,100.005,calm
ac,Almgren-Chriss,1029,3.650352447133477,3.650352447133477,1.0,57.5,20,99.978491,100.015,calm
heuristic,Heuristic,1029,3.257120852000774,3.5806629005654504,0.9002,60.0,120,99.98242390579873,100.015,calm
pov,POV,1029,3.3874918762193964,3.3874918762193964,1.0,56.0,111,99.98112,100.015,calm
random,Random,1029,2.629205619157336,2.629205619157336,1.0,58.5,93,99.988704,100.015,calm
twap,TWAP,1029,1.440183972403639,1.440183972403639,1.0,57.5,20,100.000596,100.015,calm
vwap,VWAP,1029,4.569214617807745,4.569214617807745,1.0,57.5,20,99.969301,100.015,calm
ac,Almgren-Chriss,1030,4.792660366982024,4.792660366982024,1.0,57.5,20,99.957071,100.005,calm
heuristic,Heuristic,1030,4.160975793662691,4.464976751162992,0.8937,60.0,120,99.96338816157548,100.005,calm
pov,POV,1030,4.292685365732086,4.292685365732086,1.0,59.0,115,99.962071,100.005,calm
random,Random,1030,4.943052847358451,4.943052847358451,1.0,49.5,85,99.955567,100.005,calm
twap,TWAP,1030,4.8026598670072405,4.8026598670072405,1.0,57.5,20,99.956971,100.005,calm
vwap,VWAP,1030,3.395830208490216,3.395830208490216,1.0,57.5,20,99.97104,100.005,calm
ac,Almgren-Chriss,1031,3.556877843891377,3.556877843891377,1.0,57.5,20,99.959433,99.995,calm
heuristic,Heuristic,1031,3.148629530679525,3.527976398819784,0.9032,60.0,120,99.96351527900798,99.995,calm
pov,POV,1031,5.043152157608253,5.043152157608253,1.0,56.5,110,99.944571,99.995,calm
random,Random,1031,2.4894244712228364,2.4894244712228364,1.0,55.5,87,99.970107,99.995,calm
twap,TWAP,1031,4.109005450272488,4.109005450272488,1.0,57.5,20,99.953912,99.995,calm
vwap,VWAP,1031,5.286764338217071,5.286764338217071,1.0,57.5,20,99.942135,99.995,calm
ac,Almgren-Chriss,1032,4.041106165924044,4.041106165924044,1.0,57.5,20,99.944595,99.985,calm
heuristic,Heuristic,1032,4.350103064910658,4.678501775265769,0.91,60.0,120,99.94150549450548,99.985,calm
pov,POV,1032,3.616442466370648,3.616442466370648,1.0,59.0,114,99.948841,99.985,calm
random,Random,1032,4.94164124618653,4.94164124618653,1.0,57.0,96,99.935591,99.985,calm
twap,TWAP,1032,3.592638895834221,3.592638895834221,1.0,57.5,20,99.949079,99.985,calm
vwap,VWAP,1032,3.649247387107801,3.649247387107801,1.0,57.5,20,99.948513,99.985,calm
ac,Almgren-Chriss,1033,4.450432435134954,4.450432435134954,1.0,57.5,20,99.970489,100.015,calm
heuristic,Heuristic,1033,3.653636492082109,3.876218567214921,0.9093,60.0,120,99.97845815462443,100.015,calm
pov,POV,1033,3.602759586062763,3.602759586062763,1.0,60.0,117,99.978967,100.015,calm
random,Random,1033,4.397340398939388,4.397340398939388,1.0,54.0,90,99.97102,100.015,calm
twap,TWAP,1033,5.099135129729793,5.099135129729793,1.0,57.5,20,99.964001,100.015,calm
vwap,VWAP,1033,4.650602409638092,4.650602409638092,1.0,57.5,20,99.968487,100.015,calm
ac,Almgren-Chriss,1034,3.766811659416854,3.766811659416854,1.0,57.5,20,99.96733,100.005,calm
heuristic,Heuristic,1034,2.9803003736799325,3.2354382280885723,0.9079,60.0,120,99.975195506113,100.005,calm
pov,POV,1034,5.158742062896506,5.158742062896506,1.0,50.5,98,99.95341,100.005,calm
random,Random,1034,6.195990200489586,6.195990200489586,1.0,53.0,83,99.943037,100.005,calm
twap,TWAP,1034,3.863506824658648,3.863506824658648,1.0,57.5,20,99.966363,100.005,calm
vwap,VWAP,1034,3.936803159841906,3.936803159841906,1.0,57.5,20,99.96563,100.005,calm
ac,Almgren-Chriss,1035,2.975051247438397,2.975051247438397,1.0,57.5,20,99.975248,100.005,calm
heuristic,Heuristic,1035,5.341560109667123,5.63161841907936,0.9085,60.0,120,99.95158172812329,100.005,calm
pov,POV,1035,4.485875706214768,4.485875706214768,1.0,55.0,107,99.960139,100.005,calm
random,Random,1035,3.894627275108413,3.946202689866229,0.9888,60.0,95,99.96605177993528,100.005,calm
twap,TWAP,1035,3.0972451377436743,3.0972451377436743,1.0,57.5,20,99.974026,100.005,calm
vwap,VWAP,1035,3.226338683066516,3.226338683066516,1.0,57.5,20,99.972735,100.005,calm
ac,Almgren-Chriss,1036,2.6047302365123985,2.6047302365123985,1.0,57.5,20,99.968954,99.995,calm
heuristic,Heuristic,1036,4.812000143666902,5.101655082753696,0.9116,60.0,120,99.9468824045634,99.995,calm
pov,POV,1036,4.938046902344815,4.938046902344815,1.0,60.0,118,99.945622,99.995,calm
random,Random,1036,2.925573382746381,3.080754037701207,0.9541,60.0,94,99.96574572895923,99.995,calm
twap,TWAP,1036,4.952347617381297,4.952347617381297,1.0,57.5,20,99.945479,99.995,calm
vwap,VWAP,1036,3.2193609680479485,3.2193609680479485,1.0,57.5,20,99.962808,99.995,calm
ac,Almgren-Chriss,1037,4.070403520176122,4.070403520176122,1.0,57.5,20,99.954298,99.995,calm
heuristic,Heuristic,1037,3.579342854178684,3.8558927946398014,0.8994,60.0,120,99.95920836112964,99.995,calm
pov,POV,1037,3.605980299014313,3.605980299014313,1.0,56.0,108,99.958942,99.995,calm
random,Random,1037,3.52657632881709,3.52657632881709,1.0,56.5,92,99.959736,99.995,calm
twap,TWAP,1037,4.28351417570793,4.28351417570793,1.0,57.5,20,99.95216700000002,99.995,calm
vwap,VWAP,1037,3.000950047502174,3.000950047502174,1.0,57.5,20,99.964992,99.995,calm
ac,Almgren-Chriss,1038,4.00109994500265,4.00109994500265,1.0,57.5,20,99.964987,100.005,calm
heuristic,Heuristic,1038,3.2652798873039486,3.678816059197128,0.8936,60.0,120,99.972345568487,100.005,calm
pov,POV,1038,1.774211289434658,1.774211289434658,1.0,55.0,108,99.987257,100.005,calm
random,Random,1038,3.788206128088575,4.046797660117474,0.9324,60.0,96,99.96711604461603,100.005,calm
twap,TWAP,1038,5.39633018349086,5.39633018349086,1.0,57.5,20,99.951034,100.005,calm
vwap,VWAP,1038,4.147892605370072,4.147892605370072,1.0,57.5,20,99.963519,100.005,calm
ac,Almgren-Chriss,1039,2.388119405971128,2.388119405971128,1.0,57.5,20,99.97112,99.995,calm
heuristic,Heuristic,1039,2.5794993701452458,2.850842542127977,0.8958,60.0,120,99.96920629604824,99.995,calm
pov,POV,1039,3.2312615630790327,3.2312615630790327,1.0,54.0,107,99.962689,99.995,calm
random,Random,1039,4.211510575529624,4.211510575529624,1.0,57.0,93,99.952887,99.995,calm
twap,TWAP,1039,1.949297464872353,1.949297464872353,1.0,57.5,20,99.975508,99.995,calm
vwap,VWAP,1039,4.374718735936695,4.374718735936695,1.0,57.5,20,99.951255,99.995,calm
ac,Almgren-Chriss,1040,4.924746237311036,4.924746237311036,1.0,57.5,20,99.945755,99.995,calm
heuristic,Heuristic,1040,2.570439275373781,2.9980499024954246,0.8946,60.0,120,99.9692968924659,99.995,calm
pov,POV,1040,4.547527376368996,4.547527376368996,1.0,54.0,106,99.949527,99.995,calm
random,Random,1040,4.509294324781111,4.718535926796793,0.9483,60.0,90,99.94990931139937,99.995,calm
twap,TWAP,1040,4.16420821041119,4.16420821041119,1.0,57.5,20,99.95336,99.995,calm
vwap,VWAP,1040,4.056502825141449,4.056502825141449,1.0,57.5,20,99.954437,99.995,calm
ac,Almgren-Chriss,1041,4.2887855607226335,4.2887855607226335,1.0,57.5,20,99.96211,100.005,calm
heuristic,Heuristic,1041,4.834819470010849,5.270036498175226,0.9067,60.0,120,99.95664938789017,100.005,calm
pov,POV,1041,4.5484725763705525,4.5484725763705525,1.0,53.5,106,99.95951300000002,100.005,calm
random,Random,1041,4.15369231538357,4.15369231538357,1.0,55.0,93,99.963461,100.005,calm
twap,TWAP,1041,2.193890305484231,2.193890305484231,1.0,57.5,20,99.98306,100.005,calm
vwap,VWAP,1041,4.812959352032904,4.812959352032904,1.0,57.5,20,99.956868,100.005,calm
ac,Almgren-Chriss,1042,4.910645532277278,4.910645532277278,1.0,57.5,20,99.945896,99.995,calm
heuristic,Heuristic,1042,3.0284118120580863,3.286264313215012,0.9094,60.0,120,99.96471739608532,99.995,calm
pov,POV,1042,4.595129756487877,4.595129756487877,1.0,60.0,118,99.949051,99.995,calm
random,Random,1042,1.7384869243464005,1.7384869243464005,1.0,52.5,89,99.977616,99.995,calm
twap,TWAP,1042,3.2817640882046635,3.2817640882046635,1.0,57.5,20,99.962184,99.995,calm
vwap,VWAP,1042,3.649982499124188,3.649982499124188,1.0,57.5,20,99.958502,99.995,calm
ac,Almgren-Chriss,1043,2.845015498451016,2.845015498451016,1.0,57.5,20,99.981547,100.01,calm
heuristic,Heuristic,1043,3.017941968853237,3.459954004600183,0.9099,60.0,120,99.9798175623695,100.01,calm
pov,POV,1043,4.247875212478042,4.247875212478042,1.0,56.5,110,99.96751700000002,100.01,calm
random,Random,1043,3.98730126987269,3.98730126987269,1.0,55.5,90,99.970123,100.01,calm
twap,TWAP,1043,4.527747225278124,4.527747225278124,1.0,57.5,20,99.964718,100.01,calm
vwap,VWAP,1043,2.032696730327121,2.032696730327121,1.0,57.5,20,99.989671,100.01,calm
ac,Almgren-Chriss,1044,2.040502025101118,2.040502025101118,1.0,57.5,20,99.974596,99.995,calm
heuristic,Heuristic,1044,1.5027029682817885,1.6324816240816205,0.9133,60.0,120,99.97997372166869,99.995,calm
pov,POV,1044,2.600530026500679,2.600530026500679,1.0,57.0,110,99.968996,99.995,calm
random,Random,1044,4.397769105008922,4.411420571030833,0.9956,60.0,93,99.95102450783446,99.995,calm
twap,TWAP,1044,4.852642632131368,4.852642632131368,1.0,57.5,20,99.946476,99.995,calm
vwap,VWAP,1044,3.643082154108442,3.643082154108442,1.0,57.5,20,99.958571,99.995,calm
ac,Almgren-Chriss,1045,3.5743212839364293,3.5743212839364293,1.0,57.5,20,99.969255,100.005,calm
heuristic,Heuristic,1045,4.6289683747457895,5.071746412679483,0.9048,60.0,120,99.95870800176836,100.005,calm
pov,POV,1045,3.943902804860374,3.943902804860374,1.0,53.0,103,99.965559,100.005,calm
random,Random,1045,4.506674666267001,4.506674666267001,1.0,52.5,86,99.959931,100.005,calm
twap,TWAP,1045,3.339533023349281,3.339533023349281,1.0,57.5,20,99.971603,100.005,calm
vwap,VWAP,1045,3.9156042197896825,3.9156042197896825,1.0,57.5,20,99.965842,100.005,calm
ac,Almgren-Chriss,1046,3.3873693684676347,3.3873693684676347,1.0,57.5,20,99.96112800000002,99.995,calm
heuristic,Heuristic,1046,4.300148942704421,4.67203360168016,0.9082,60.0,120,99.95200066064744,99.995,calm
pov,POV,1046,3.42267113355726,3.42267113355726,1.0,57.0,109,99.960775,99.995,calm
random,Random,1046,3.24946247312315,3.24946247312315,1.0,52.5,82,99.962507,99.995,calm
twap,TWAP,1046,3.915195759788863,3.915195759788863,1.0,57.5,20,99.95585,99.995,calm
vwap,VWAP,1046,4.557227861393768,4.557227861393768,1.0,57.5,20,99.94943,99.995,calm
ac,Almgren-Chriss,1047,1.6011800590028105,1.6011800590028105,1.0,57.5,20,99.978989,99.995,calm
heuristic,Heuristic,1047,2.419629086541843,2.7420371018559893,0.8945,60.0,120,99.97080491894911,99.995,calm
pov,POV,1047,2.935846792339614,2.935846792339614,1.0,60.0,117,99.965643,99.995,calm
random,Random,1047,4.602757800055815,4.663433171659453,0.9851,60.0,94,99.94897472337834,99.995,calm
twap,TWAP,1047,3.987699384968521,3.987699384968521,1.0,57.5,20,99.955125,99.995,calm
vwap,VWAP,1047,3.7935896794844486,3.7935896794844486,1.0,57.5,20,99.957066,99.995,calm
ac,Almgren-Chriss,1048,3.6014199290035123,3.6014199290035123,1.0,57.5,20,99.968984,100.005,calm
heuristic,Heuristic,1048,5.630324478088742,6.0099995000249145,0.9142,60.0,120,99.94869394005688,100.005,calm
pov,POV,1048,4.252487375630314,4.252487375630314,1.0,60.0,117,99.96247300000002,100.005,calm
random,Random,1048,3.796310184491154,3.796310184491154,1.0,57.0,93,99.967035,100.005,calm
twap,TWAP,1048,4.449877506124714,4.449877506124714,1.0,57.5,20,99.960499,100.005,calm
vwap,VWAP,1048,1.7410129493518105,1.7410129493518105,1.0,57.5,20,99.987589,100.005,calm
ac,Almgren-Chriss,1049,3.84000799960057,3.84000799960057,1.0,57.5,20,99.966598,100.005,calm
heuristic,Heuristic,1049,4.756832698697345,5.189840507974404,0.9087,60.0,120,99.95742929459668,100.005,calm
pov,POV,1049,1.6772161391924176,1.6772161391924176,1.0,57.5,110,99.988227,100.005,calm
random,Random,1049,0.8325246811415434,1.3315334233283591,0.8257,60.0,89,99.99667433692623,100.005,calm
twap,TWAP,1049,2.646967651617556,2.646967651617556,1.0,57.5,20,99.978529,100.005,calm
vwap,VWAP,1049,4.170291485425904,4.170291485425904,1.0,57.5,20,99.963295,100.005,calm
ac,Almgren-Chriss,1050,2.2265886705657265,2.2265886705657265,1.0,57.5,20,99.982733,100.005,calm
heuristic,Heuristic,1050,3.916037748926112,4.258987050647887,0.9043,60.0,120,99.96583766449189,100.005,calm
pov,POV,1050,3.4122293885298256,3.4122293885298256,1.0,60.0,116,99.970876,100.005,calm
random,Random,1050,6.108194590270763,6.108194590270763,1.0,60.0,87,99.943915,100.005,calm
twap,TWAP,1050,3.478326083695073,3.478326083695073,1.0,57.5,20,99.970215,100.005,calm
vwap,VWAP,1050,4.901254937253079,4.901254937253079,1.0,57.5,20,99.955985,100.005,calm
ac,Almgren-Chriss,1051,3.5725213739319264,3.5725213739319264,1.0,57.5,20,99.969273,100.005,calm
heuristic,Heuristic,1051,3.688836560505877,4.020098995050382,0.8999,60.0,120,99.96810978997668,100.005,calm
pov,POV,1051,3.9002049897509576,3.9002049897509576,1.0,55.5,109,99.965996,100.005,calm
random,Random,1051,6.363918803206509,6.680265986698532,0.9384,60.0,87,99.94135763000854,100.005,calm
twap,TWAP,1051,3.1998400080003275,3.1998400080003275,1.0,57.5,20,99.973,100.005,calm
vwap,VWAP,1051,2.816059197039446,2.816059197039446,1.0,57.5,20,99.976838,100.005,calm
ac,Almgren-Chriss,1052,2.873743687185166,2.873743687185166,1.0,57.5,20,99.966264,99.995,calm
heuristic,Heuristic,1052,3.93020091921654,4.253712685634995,0.9072,60.0,120,99.9556999559083,99.995,calm
pov,POV,1052,3.299764988249695,3.299764988249695,1.0,56.0,108,99.962004,99.995,calm
random,Random,1052,5.295164758238692,5.295164758238692,1.0,56.5,91,99.942051,99.995,calm
twap,TWAP,1052,2.4699234961755683,2.4699234961755683,1.0,57.5,20,99.970302,99.995,calm
vwap,VWAP,1052,4.393419670983983,4.393419670983983,1.0,57.5,20,99.951068,99.995,calm
ac,Almgren-Chriss,1053,4.767261636918081,4.767261636918081,1.0,57.5,20,99.957325,100.005,calm
heuristic,Heuristic,1053,2.800739083925276,3.016649167541044,0.91,60.0,120,99.9769912087912,100.005,calm
pov,POV,1053,5.384830758461588,5.384830758461588,1.0,57.5,108,99.951149,100.005,calm
random,Random,1053,4.62180418244498,4.687165641718621,0.9866,60.0,102,99.95877964727346,100.005,calm
twap,TWAP,1053,2.4891755412222145,2.4891755412222145,1.0,57.5,20,99.980107,100.005,calm
vwap,VWAP,1053,3.833208339582549,3.833208339582549,1.0,57.5,20,99.966666,100.005,calm
ac,Almgren-Chriss,1054,2.8478576071196,2.8478576071196,1.0,57.5,20,99.97652,100.005,calm
heuristic,Heuristic,1054,3.3022241917271318,3.65991700414894,0.9124,60.0,120,99.97197610697064,100.005,calm
pov,POV,1054,4.252287385631227,4.252287385631227,1.0,60.0,116,99.962475,100.005,calm
random,Random,1054,2.883334843475169,3.542222888855828,0.8123,60.0,89,99.97616520989784,100.005,calm
twap,TWAP,1054,4.839558022098636,4.839558022098636,1.0,57.5,20,99.956602,100.005,calm
vwap,VWAP,1054,2.3188840557967154,2.3188840557967154,1.0,57.5,20,99.98181,100.005,calm
ac,Almgren-Chriss,1055,2.8426421321072604,2.8426421321072604,1.0,57.5,20,99.966575,99.995,calm
heuristic,Heuristic,1055,2.5039059136318835,2.8607430371518343,0.8993,60.0,120,99.96996219281664,99.995,calm
pov,POV,1055,4.06320316015811,4.06320316015811,1.0,60.0,119,99.95437,99.995,calm
random,Random,1055,7.386769338466335,7.386769338466335,1.0,52.0,85,99.921136,99.995,calm
twap,TWAP,1055,3.069053452672846,3.069053452672846,1.0,57.5,20,99.964311,99.995,calm
vwap,VWAP,1055,4.064303215160356,4.064303215160356,1.0,57.5,20,99.954359,99.995,calm
ac,Almgren-Chriss,1056,5.295005749137501,5.295005749137501,1.0,57.5,20,99.962042,100.015,calm
heuristic,Heuristic,1056,4.121210339883526,4.3669449582558455,0.9144,60.0,120,99.97378171478566,100.015,calm
pov,POV,1056,4.15517672349193,4.15517672349193,1.0,60.0,119,99.973442,100.015,calm
random,Random,1056,5.195620656902187,5.195620656902187,1.0,47.5,78,99.963036,100.015,calm
twap,TWAP,1056,5.903014547817167,5.903014547817167,1.0,57.5,20,99.955961,100.015,calm
vwap,VWAP,1056,5.64085387191934,5.64085387191934,1.0,57.5,20,99.958583,100.015,calm
ac,Almgren-Chriss,1057,4.460423021150589,4.460423021150589,1.0,57.5,20,99.950398,99.995,calm
heuristic,Heuristic,1057,3.102643022948567,3.505475273764404,0.9084,60.0,120,99.96397512109203,99.995,calm
pov,POV,1057,2.3535176758837597,2.3535176758837597,1.0,58.5,113,99.971466,99.995,calm
random,Random,1057,5.412870643531834,5.412870643531834,1.0,51.5,88,99.940874,99.995,calm
twap,TWAP,1057,5.286064303214814,5.286064303214814,1.0,57.5,20,99.942142,99.995,calm
vwap,VWAP,1057,6.825041252061815,6.825041252061815,1.0,57.5,20,99.926753,99.995,calm
ac,Almgren-Chriss,1058,2.417920896044063,2.417920896044063,1.0,57.5,20,99.970822,99.995,calm
heuristic,Heuristic,1058,2.9717604117798926,3.288064403219515,0.8965,60.0,120,99.9652838817624,99.995,calm
pov,POV,1058,4.62613130656442,4.62613130656442,1.0,58.0,112,99.948741,99.995,calm
random,Random,1058,3.1071553577678594,3.1071553577678594,1.0,43.5,71,99.96393,99.995,calm
twap,TWAP,1058,2.762738136906865,2.762738136906865,1.0,57.5,20,99.967374,99.995,calm
vwap,VWAP,1058,3.64008200410033,3.64008200410033,1.0,57.5,20,99.958601,99.995,calm
ac,Almgren-Chriss,1059,5.014449277535843,5.014449277535843,1.0,57.5,20,99.954853,100.005,calm
heuristic,Heuristic,1059,3.182009708905997,3.426528673566304,0.8945,60.0,120,99.97317831190608,100.005,calm
pov,POV,1059,4.600569971501588,4.600569971501588,1.0,52.5,102,99.958992,100.005,calm
random,Random,1059,5.966101694914594,5.966101694914594,1.0,50.5,85,99.945336,100.005,calm
twap,TWAP,1059,3.5811209439526306,3.5811209439526306,1.0,57.5,20,99.969187,100.005,calm
vwap,VWAP,1059,4.364881755913098,4.364881755913098,1.0,57.5,20,99.961349,100.005,calm
ac,Almgren-Chriss,1060,2.8959447972400976,2.8959447972400976,1.0,57.5,20,99.966042,99.995,calm
heuristic,Heuristic,1060,3.232905985442017,3.547377368869328,0.9055,60.0,120,99.96267255659858,99.995,calm
pov,POV,1060,4.751737586879649,4.751737586879649,1.0,53.0,104,99.947485,99.995,calm
random,Random,1060,3.0137506875346007,3.0137506875346007,1.0,52.5,81,99.964864,99.995,calm
twap,TWAP,1060,3.638081904094922,3.638081904094922,1.0,57.5,20,99.958621,99.995,calm
vwap,VWAP,1060,4.39161958097948,4.39161958097948,1.0,57.5,20,99.951086,99.995,calm
ac,Almgren-Chriss,1061,3.859907004649642,3.859907004649642,1.0,57.5,20,99.966399,100.005,calm
heuristic,Heuristic,1061,3.652285761397133,4.0984950752467,0.8933,60.0,120,99.96847531624314,100.005,calm
pov,POV,1061,2.0242987850609886,2.0242987850609886,1.0,54.5,108,99.984756,100.005,calm
random,Random,1061,7.753712314384388,7.753712314384388,1.0,54.0,83,99.927459,100.005,calm
twap,TWAP,1061,3.4438278086090746,3.4438278086090746,1.0,57.5,20,99.97056,100.005,calm
vwap,VWAP,1061,3.5855207239634352,3.5855207239634352,1.0,57.5,20,99.969143,100.005,calm
ac,Almgren-Chriss,1062,4.331316565827716,4.331316565827716,1.0,57.5,20,99.951689,99.995,calm
heuristic,Heuristic,1062,4.018044403256786,4.3851192559619045,0.9163,60.0,120,99.95482156498964,99.995,calm
pov,POV,1062,6.290014500724393,6.290014500724393,1.0,54.0,105,99.932103,99.995,calm
random,Random,1062,4.2875159630992,4.386519325966417,0.9765,60.0,97,99.952126984127,99.995,calm
twap,TWAP,1062,4.246912345616972,4.246912345616972,1.0,57.5,20,99.952533,99.995,calm
vwap,VWAP,1062,2.8347417370869907,2.8347417370869907,1.0,57.5,20,99.966654,99.995,calm
ac,Almgren-Chriss,1063,3.911704414778412,3.911704414778412,1.0,57.5,20,99.965881,100.005,calm
heuristic,Heuristic,1063,3.943130284935336,4.393080345982427,0.9052,60.0,120,99.9655667255855,100.005,calm
pov,POV,1063,5.153742312884806,5.153742312884806,1.0,56.5,109,99.95346,100.005,calm
random,Random,1063,6.311484425778204,6.311484425778204,1.0,50.5,74,99.941882,100.005,calm
twap,TWAP,1063,5.240237988100478,5.240237988100478,1.0,57.5,20,99.952595,100.005,calm
vwap,VWAP,1063,4.979351032448951,4.979351032448951,1.0,57.5,20,99.955204,100.005,calm
ac,Almgren-Chriss,1064,3.17189297324288,3.17189297324288,1.0,57.5,20,99.943289,99.975,calm
heuristic,Heuristic,1064,3.4847633670420035,3.818954738683973,0.9126,60.0,120,99.940161078238,99.975,calm
pov,POV,1064,4.902725681420296,4.902725681420296,1.0,59.0,114,99.925985,99.975,calm
random,Random,1064,4.044111027757716,4.044111027757716,1.0,50.5,87,99.934569,99.975,calm
twap,TWAP,1064,3.5111777944485274,3.5111777944485274,1.0,57.5,20,99.939897,99.975,calm
vwap,VWAP,1064,5.609802450611817,5.609802450611817,1.0,57.5,20,99.918916,99.975,calm
ac,Almgren-Chriss,1065,3.998600069995892,3.998600069995892,1.0,57.5,20,99.965012,100.005,calm
heuristic,Heuristic,1065,2.642581550905444,3.00684965751855,0.8962,60.0,120,99.97857286320016,100.005,calm
pov,POV,1065,4.377381130943255,4.377381130943255,1.0,58.0,113,99.961224,100.005,calm
random,Random,1065,5.26943652817433,5.26943652817433,1.0,49.5,88,99.952303,100.005,calm
twap,TWAP,1065,2.7087645617715417,2.7087645617715417,1.0,57.5,20,99.977911,100.005,calm
vwap,VWAP,1065,2.8055597220146966,2.8055597220146966,1.0,57.5,20,99.976943,100.005,calm
ac,Almgren-Chriss,1066,5.8534926746332925,5.8534926746332925,1.0,57.5,20,99.936468,99.995,calm
heuristic,Heuristic,1066,3.73054956378216,4.054102705136051,0.909,60.0,120,99.95769636963696,99.995,calm
pov,POV,1066,4.492224611230751,4.492224611230751,1.0,60.0,118,99.95008,99.995,calm
random,Random,1066,2.778441822198629,2.980149007449936,0.931,60.0,98,99.96721697099892,99.995,calm
twap,TWAP,1066,2.84554227711401,2.84554227711401,1.0,57.5,20,99.966546,99.995,calm
vwap,VWAP,1066,3.492274613730169,3.492274613730169,1.0,57.5,20,99.960079,99.995,calm
ac,Almgren-Chriss,1067,1.0075496225196947,1.0075496225196947,1.0,57.5,20,99.994924,100.005,calm
heuristic,Heuristic,1067,5.940244435367799,6.403079846006937,0.8939,60.0,120,99.9455945855241,100.005,calm
pov,POV,1067,4.045497725114323,4.045497725114323,1.0,55.0,108,99.964543,100.005,calm
random,Random,1067,4.714364281785247,4.714364281785247,1.0,53.5,89,99.957854,100.005,calm
twap,TWAP,1067,4.434178291085542,4.434178291085542,1.0,57.5,20,99.960656,100.005,calm
vwap,VWAP,1067,4.813959302035609,4.813959302035609,1.0,57.5,20,99.956858,100.005,calm
ac,Almgren-Chriss,1068,5.594220288984793,5.594220288984793,1.0,57.5,20,99.94905500000002,100.005,calm
heuristic,Heuristic,1068,4.272645099670242,4.598570071497999,0.899,60.0,120,99.96227141268076,100.005,calm
pov,POV,1068,5.047947602619139,5.047947602619139,1.0,54.0,104,99.954518,100.005,calm
random,Random,1068,5.283235838207639,5.283235838207639,1.0,50.5,86,99.952165,100.005,calm
twap,TWAP,1068,4.987450627468304,4.987450627468304,1.0,57.5,20,99.955123,100.005,calm
vwap,VWAP,1068,4.868556572171584,4.868556572171584,1.0,57.5,20,99.956312,100.005,calm
ac,Almgren-Chriss,1069,4.138879168124097,4.138879168124097,1.0,57.5,20,99.973605,100.015,calm
heuristic,Heuristic,1069,3.5748827619984573,3.961505774134526,0.895,60.0,120,99.97924581005589,100.015,calm
pov,POV,1069,4.183572464130072,4.183572464130072,1.0,57.0,110,99.973158,100.015,calm
random,Random,1069,5.434884767284904,5.434884767284904,1.0,47.5,83,99.960643,100.015,calm
twap,TWAP,1069,2.2439634054894704,2.2439634054894704,1.0,57.5,20,99.992557,100.015,calm
vwap,VWAP,1069,2.9396590511421303,2.9396590511421303,1.0,57.5,20,99.985599,100.015,calm
ac,Almgren-Chriss,1070,4.527126356318567,4.527126356318567,1.0,57.5,20,99.949731,99.995,calm
heuristic,Heuristic,1070,5.095649153355007,5.48117405870341,0.8989,60.0,120,99.94404605629104,99.995,calm
pov,POV,1070,5.684184209210454,5.684184209210454,1.0,58.0,113,99.938161,99.995,calm
random,Random,1070,5.445772288614242,5.445772288614242,1.0,59.0,101,99.940545,99.995,calm
twap,TWAP,1070,5.271763588180151,5.271763588180151,1.0,57.5,20,99.942285,99.995,calm
vwap,VWAP,1070,5.927796389819273,5.927796389819273,1.0,57.5,20,99.935725,99.995,calm
ac,Almgren-Chriss,1071,5.288635568221147,5.288635568221147,1.0,57.5,20,99.952111,100.005,calm
heuristic,Heuristic,1071,3.3044526992995853,3.6644167791611055,0.9095,60.0,120,99.97195382078066,100.005,calm
pov,POV,1071,3.6956152192385465,3.6956152192385465,1.0,57.0,112,99.968042,100.005,calm
random,Random,1071,4.969056878334558,5.012549372529979,0.9904,60.0,97,99.9553069466882,100.005,calm
twap,TWAP,1071,4.682165891705103,4.682165891705103,1.0,57.5,20,99.958176,100.005,calm
vwap,VWAP,1071,4.240087995599699,4.240087995599699,1.0,57.5,20,99.962597,100.005,calm
ac,Almgren-Chriss,1072,3.1392291156323755,3.1392291156323755,1.0,57.5,20,99.983603,100.015,calm
heuristic,Heuristic,1072,2.0991332536331417,2.2903564465343997,0.906,60.0,120,99.9940055187638,100.015,calm
pov,POV,1072,4.825776133579177,4.825776133579177,1.0,60.0,117,99.966735,100.015,calm
random,Random,1072,6.579013148027723,6.579013148027723,1.0,57.5,95,99.9492,100.015,calm
twap,TWAP,1072,2.9646553017041826,2.9646553017041826,1.0,57.5,20,99.985349,100.015,calm
vwap,VWAP,1072,3.5285707143925853,3.5285707143925853,1.0,57.5,20,99.979709,100.015,calm
ac,Almgren-Chriss,1073,4.88904445222324,4.88904445222324,1.0,57.5,20,99.946112,99.995,calm
heuristic,Heuristic,1073,3.349734826435071,3.773488674434467,0.9014,60.0,120,99.96150432660306,99.995,calm
pov,POV,1073,3.1862593129664543,3.1862593129664543,1.0,60.0,116,99.963139,99.995,calm
random,Random,1073,3.255662783138458,3.255662783138458,1.0,58.0,95,99.962445,99.995,calm
twap,TWAP,1073,2.436021801090456,2.436021801090456,1.0,57.5,20,99.970641,99.995,calm
vwap,VWAP,1073,1.3463673183651643,1.3463673183651643,1.0,57.5,20,99.981537,99.995,calm
ac,Almgren-Chriss,1074,4.315915795788986,4.315915795788986,1.0,57.5,20,99.951843,99.995,calm
heuristic,Heuristic,1074,3.368830492004143,3.874893744687537,0.8954,60.0,120,99.9613133794952,99.995,calm
pov,POV,1074,1.3906695334773054,1.3906695334773054,1.0,54.0,105,99.981094,99.995,calm
random,Random,1074,4.698572590967056,4.873243662182701,0.9625,60.0,98,99.94801662337665,99.995,calm
twap,TWAP,1074,6.902945147256801,6.902945147256801,1.0,57.5,20,99.925974,99.995,calm
vwap,VWAP,1074,0.306915345766875,0.306915345766875,1.0,57.5,20,99.991931,99.995,calm
ac,Almgren-Chriss,1075,2.355553332999918,2.355553332999918,1.0,57.5,20,99.961448,99.985,calm
heuristic,Heuristic,1075,4.3278449555707805,4.876131419713766,0.9097,60.0,120,99.94172804221172,99.985,calm
pov,POV,1075,2.038605790868793,2.038605790868793,1.0,55.0,105,99.964617,99.985,calm
random,Random,1075,5.056559203889431,5.626543981597746,0.8611,60.0,95,99.93444199279992,99.985,calm
twap,TWAP,1075,3.403610541580777,3.403610541580777,1.0,57.5,20,99.950969,99.985,calm
vwap,VWAP,1075,4.595589338400813,4.595589338400813,1.0,57.5,20,99.939051,99.985,calm
ac,Almgren-Chriss,1076,7.517424128793185,7.517424128793185,1.0,57.5,20,99.929822,100.005,calm
heuristic,Heuristic,1076,4.818692990947319,5.30233488325673,0.9005,60.0,120,99.95681066074404,100.005,calm
pov,POV,1076,2.73276336183279,2.73276336183279,1.0,53.0,105,99.977671,100.005,calm
random,Random,1076,4.392950979725244,4.6655667216645895,0.9342,60.0,93,99.96106829372728,100.005,calm
twap,TWAP,1076,2.996950152492876,2.996950152492876,1.0,57.5,20,99.975029,100.005,calm
vwap,VWAP,1076,5.001549922503878,5.001549922503878,1.0,57.5,20,99.954982,100.005,calm
ac,Almgren-Chriss,1077,2.3489825508719093,2.3489825508719093,1.0,57.5,20,99.981509,100.005,calm
heuristic,Heuristic,1077,4.4023129240008965,4.759162041898729,0.908,60.0,120,99.96097466960352,100.005,calm
pov,POV,1077,4.2617869106550925,4.2617869106550925,1.0,52.0,102,99.96238,100.005,calm
random,Random,1077,3.6195190240480817,3.6195190240480817,1.0,55.5,84,99.968803,100.005,calm
twap,TWAP,1077,1.4671266436669552,1.4671266436669552,1.0,57.5,20,99.990328,100.005,calm
vwap,VWAP,1077,4.634068296584883,4.634068296584883,1.0,57.5,20,99.958657,100.005,calm
ac,Almgren-Chriss,1078,5.08095404770282,5.08095404770282,1.0,57.5,20,99.944193,99.995,calm
heuristic,Heuristic,1078,4.001798943183078,4.420621031052434,0.9069,60.0,120,99.95498401146764,99.995,calm
pov,POV,1078,5.101955097754142,5.101955097754142,1.0,57.5,112,99.943983,99.995,calm
random,Random,1078,6.269813490674868,6.269813490674868,1.0,53.0,84,99.932305,99.995,calm
twap,TWAP,1078,4.585929296464457,4.585929296464457,1.0,57.5,20,99.949143,99.995,calm
vwap,VWAP,1078,4.392519625980822,4.392519625980822,1.0,57.5,20,99.951077,99.995,calm
ac,Almgren-Chriss,1079,3.613980699034125,3.613980699034125,1.0,57.5,20,99.958862,99.995,calm
heuristic,Heuristic,1079,3.630301997028167,3.953797689885228,0.913,60.0,120,99.95869879518072,99.995,calm
pov,POV,1079,5.682084104205504,5.682084104205504,1.0,60.0,114,99.938182,99.995,calm
random,Random,1079,5.216660833040991,5.216660833040991,1.0,52.0,85,99.942836,99.995,calm
twap,TWAP,1079,5.139656982849165,5.139656982849165,1.0,57.5,20,99.943606,99.995,calm
vwap,VWAP,1079,4.56312815640863,4.56312815640863,1.0,57.5,20,99.949371,99.995,calm
ac,Almgren-Chriss,1080,4.315415770787634,4.315415770787634,1.0,57.5,20,99.951848,99.995,calm
heuristic,Heuristic,1080,2.409828041719848,2.848242412121674,0.8993,60.0,120,99.97090292449684,99.995,calm
pov,POV,1080,1.9366968348426503,1.9366968348426503,1.0,53.0,104,99.975634,99.995,calm
random,Random,1080,4.046702335117134,4.046702335117134,1.0,52.5,87,99.954535,99.995,calm
twap,TWAP,1080,3.180859042952945,3.180859042952945,1.0,57.5,20,99.963193,99.995,calm
vwap,VWAP,1080,3.038651932597197,3.038651932597197,1.0,57.5,20,99.964615,99.995,calm
ac,Almgren-Chriss,1081,3.802590129506964,3.802590129506964,1.0,57.5,20,99.956976,99.995,calm
heuristic,Heuristic,1081,3.85510272973068,4.192609630481431,0.9053,60.0,120,99.95645090025404,99.995,calm
pov,POV,1081,4.499324966249221,4.499324966249221,1.0,58.5,115,99.950009,99.995,calm
random,Random,1081,2.635031751586686,2.635031751586686,1.0,51.5,86,99.968651,99.995,calm
twap,TWAP,1081,3.729886494324582,3.729886494324582,1.0,57.5,20,99.957703,99.995,calm
vwap,VWAP,1081,3.0900545027259887,3.0900545027259887,1.0,57.5,20,99.964101,99.995,calm
ac,Almgren-Chriss,1082,3.113333000049166,3.113333000049166,1.0,57.5,20,99.98386200000002,100.015,calm
heuristic,Heuristic,1082,3.035462958237313,3.234214867770719,0.9104,60.0,120,99.9846408172232,100.015,calm
pov,POV,1082,4.761485777132641,4.761485777132641,1.0,59.5,117,99.967378,100.015,calm
random,Random,1082,4.339549067640404,4.339549067640404,1.0,50.5,85,99.971598,100.015,calm
twap,TWAP,1082,2.78378243263516,2.78378243263516,1.0,57.5,20,99.987158,100.015,calm
vwap,VWAP,1082,4.15857621356802,4.15857621356802,1.0,57.5,20,99.973408,100.015,calm
ac,Almgren-Chriss,1083,2.785839291964959,2.785839291964959,1.0,57.5,20,99.967143,99.995,calm
heuristic,Heuristic,1083,3.985904155555828,4.443722186108709,0.9094,60.0,120,99.95514295139652,99.995,calm
pov,POV,1083,3.567178358917044,3.567178358917044,1.0,57.0,112,99.95933,99.995,calm
random,Random,1083,4.525826291315416,4.525826291315416,1.0,52.0,81,99.949744,99.995,calm
twap,TWAP,1083,2.901545077254512,2.901545077254512,1.0,57.5,20,99.965986,99.995,calm
vwap,VWAP,1083,4.9591479573975,4.9591479573975,1.0,57.5,20,99.945411,99.995,calm
ac,Almgren-Chriss,1084,3.280664033202417,3.280664033202417,1.0,57.5,20,99.962195,99.995,calm
heuristic,Heuristic,1084,3.300872460446593,3.701085054252532,0.9047,60.0,120,99.96199292583177,99.995,calm
pov,POV,1084,1.7256862843139742,1.7256862843139742,1.0,52.5,103,99.977744,99.995,calm
random,Random,1084,2.8755025287148794,2.963948197411227,0.9756,60.0,90,99.96624641246412,99.995,calm
twap,TWAP,1084,3.765688284413741,3.765688284413741,1.0,57.5,20,99.957345,99.995,calm
vwap,VWAP,1084,3.4904745237256654,3.4904745237256654,1.0,57.5,20,99.960097,99.995,calm
ac,Almgren-Chriss,1085,1.3627406851712724,1.3627406851712724,1.0,57.5,20,99.961376,99.975,calm
heuristic,Heuristic,1085,2.977939781130811,3.2921230307566445,0.9099,60.0,120,99.94522804703814,99.975,calm
pov,POV,1085,4.656664166042267,4.656664166042267,1.0,60.0,117,99.928445,99.975,calm
random,Random,1085,4.342685671417598,4.342685671417598,1.0,54.0,89,99.931584,99.975,calm
twap,TWAP,1085,2.7372843210804505,2.7372843210804505,1.0,57.5,20,99.947634,99.975,calm
vwap,VWAP,1085,2.8898224556142296,2.8898224556142296,1.0,57.5,20,99.946109,99.975,calm
ac,Almgren-Chriss,1086,4.650867456626301,4.650867456626301,1.0,57.5,20,99.958489,100.005,calm
heuristic,Heuristic,1086,3.720941181375784,4.050997450127374,0.9031,60.0,120,99.96778872771566,100.005,calm
pov,POV,1086,4.481475926203964,4.481475926203964,1.0,55.0,108,99.960183,100.005,calm
random,Random,1086,4.09360822349839,4.284685765712276,0.9439,60.0,97,99.9640618709609,100.005,calm
twap,TWAP,1086,3.165841707913862,3.165841707913862,1.0,57.5,20,99.97334,100.005,calm
vwap,VWAP,1086,7.3924303784807,7.3924303784807,1.0,57.5,20,99.931072,100.005,calm
ac,Almgren-Chriss,1087,3.525928889333845,3.525928889333845,1.0,57.5,20,99.949746,99.985,calm
heuristic,Heuristic,1087,1.8900248452429145,2.1187178076705337,0.9124,60.0,120,99.96610258658484,99.985,calm
pov,POV,1087,6.23633545031712,6.23633545031712,1.0,55.0,109,99.922646,99.985,calm
random,Random,1087,6.449967495124792,6.449967495124792,1.0,56.5,89,99.92051,99.985,calm
twap,TWAP,1087,2.47507126068977,2.47507126068977,1.0,57.5,20,99.960253,99.985,calm
vwap,VWAP,1087,4.975246286943304,4.975246286943304,1.0,57.5,20,99.935255,99.985,calm
ac,Almgren-Chriss,1088,3.822191109555594,3.822191109555594,1.0,57.5,20,99.95678,99.995,calm
heuristic,Heuristic,1088,4.342507874292164,4.708235411771127,0.908,60.0,120,99.95157709251102,99.995,calm
pov,POV,1088,3.967498374918996,3.967498374918996,1.0,60.0,115,99.955327,99.995,calm
random,Random,1088,3.4961168348268967,3.90919545977264,0.8625,60.0,98,99.96004057971015,99.995,calm
twap,TWAP,1088,4.370318515925889,4.370318515925889,1.0,57.5,20,99.951299,99.995,calm
vwap,VWAP,1088,4.759437971899014,4.759437971899014,1.0,57.5,20,99.947408,99.995,calm
ac,Almgren-Chriss,1089,4.0737036851846815,4.0737036851846815,1.0,57.5,20,99.954265,99.995,calm
heuristic,Heuristic,1089,3.596194100203725,4.003400170007697,0.8957,60.0,120,99.95903985709502,99.995,calm
pov,POV,1089,4.531226561328925,4.531226561328925,1.0,59.0,111,99.94969,99.995,calm
random,Random,1089,4.63533176658784,4.63533176658784,1.0,44.5,73,99.948649,99.995,calm
twap,TWAP,1089,3.684384219210652,3.684384219210652,1.0,57.5,20,99.958158,99.995,calm
vwap,VWAP,1089,1.6384819240960242,1.6384819240960242,1.0,57.5,20,99.978616,99.995,calm
ac,Almgren-Chriss,1090,4.956452177391768,4.956452177391768,1.0,57.5,20,99.955433,100.005,calm
heuristic,Heuristic,1090,5.01520177854258,5.530723463827667,0.906,60.0,120,99.95484547461368,100.005,calm
pov,POV,1090,3.5606219689008447,3.5606219689008447,1.0,60.0,117,99.969392,100.005,calm
random,Random,1090,4.047997600119263,4.047997600119263,1.0,54.5,92,99.964518,100.005,calm
twap,TWAP,1090,4.426578671065722,4.426578671065722,1.0,57.5,20,99.960732,100.005,calm
vwap,VWAP,1090,3.905204739762657,3.905204739762657,1.0,57.5,20,99.965946,100.005,calm
ac,Almgren-Chriss,1091,4.096214432165384,4.096214432165384,1.0,57.5,20,99.944044,99.985,calm
heuristic,Heuristic,1091,5.377696987246254,5.831274691204417,0.8927,60.0,120,99.93123109667302,99.985,calm
pov,POV,1091,3.747762164324442,3.747762164324442,1.0,58.5,116,99.947528,99.985,calm
random,Random,1091,2.9659928800546624,3.13727059058881,0.9535,60.0,89,99.95534452018876,99.985,calm
twap,TWAP,1091,4.1090163524520325,4.1090163524520325,1.0,57.5,20,99.94391600000002,99.985,calm
vwap,VWAP,1091,2.8481272190831217,2.8481272190831217,1.0,57.5,20,99.956523,99.985,calm
ac,Almgren-Chriss,1092,2.103305165257824,2.103305165257824,1.0,57.5,20,99.973968,99.995,calm
heuristic,Heuristic,1092,2.665172213948575,2.958947947397707,0.9113,60.0,120,99.96834961044662,99.995,calm
pov,POV,1092,5.071253562678046,5.071253562678046,1.0,60.0,115,99.94429,99.995,calm
random,Random,1092,4.268536834995924,4.735936796839112,0.8732,60.0,89,99.95231676591844,99.995,calm
twap,TWAP,1092,4.9680484024204725,4.9680484024204725,1.0,57.5,20,99.945322,99.995,calm
vwap,VWAP,1092,5.306065303265253,5.306065303265253,1.0,57.5,20,99.941942,99.995,calm
ac,Almgren-Chriss,1093,5.8261086945651925,5.8261086945651925,1.0,57.5,20,99.946736,100.005,calm
heuristic,Heuristic,1093,2.7414409421365806,2.975851207440196,0.9024,60.0,120,99.97758421985816,100.005,calm
pov,POV,1093,1.7712114394283662,1.7712114394283662,1.0,56.0,109,99.987287,100.005,calm
random,Random,1093,5.928599363530492,6.653967301635067,0.8368,60.0,91,99.945711042065,100.005,calm
twap,TWAP,1093,4.731463426828932,4.731463426828932,1.0,57.5,20,99.957683,100.005,calm
vwap,VWAP,1093,4.295685215738378,4.295685215738378,1.0,57.5,20,99.962041,100.005,calm
ac,Almgren-Chriss,1094,5.533476673833544,5.533476673833544,1.0,57.5,20,99.939668,99.995,calm
heuristic,Heuristic,1094,2.9673024463092066,3.149657482873678,0.9164,60.0,120,99.96532845918811,99.995,calm
pov,POV,1094,3.586979348966578,3.586979348966578,1.0,57.0,111,99.959132,99.995,calm
random,Random,1094,3.8869943497177073,3.8869943497177073,1.0,52.0,85,99.956132,99.995,calm
twap,TWAP,1094,3.845692284613678,3.845692284613678,1.0,57.5,20,99.956545,99.995,calm
vwap,VWAP,1094,1.0450522526127033,1.0450522526127033,1.0,57.5,20,99.98455,99.995,calm
ac,Almgren-Chriss,1095,2.653698054708151,2.653698054708151,1.0,57.5,20,99.958467,99.985,calm
heuristic,Heuristic,1095,3.1137358468217013,3.354303145472595,0.9089,60.0,120,99.95386731213556,99.985,calm
pov,POV,1095,5.609641446216907,5.609641446216907,1.0,55.5,107,99.928912,99.985,calm
random,Random,1095,4.623993599039146,4.623993599039146,1.0,55.5,93,99.938767,99.985,calm
twap,TWAP,1095,3.169175376306618,3.169175376306618,1.0,57.5,20,99.953313,99.985,calm
vwap,VWAP,1095,4.053408011201159,4.053408011201159,1.0,57.5,20,99.944472,99.985,calm
ac,Almgren-Chriss,1096,3.515675783788709,3.515675783788709,1.0,57.5,20,99.959845,99.995,calm
heuristic,Heuristic,1096,3.4254284392918235,3.706085304266052,0.9138,60.0,120,99.9607474283213,99.995,calm
pov,POV,1096,2.496224811240859,2.496224811240859,1.0,58.5,112,99.970039,99.995,calm
random,Random,1096,4.021201060053643,4.021201060053643,1.0,58.5,92,99.95479,99.995,calm
twap,TWAP,1096,2.9789489474481465,2.9789489474481465,1.0,57.5,20,99.965212,99.995,calm
vwap,VWAP,1096,2.7339366968348155,2.7339366968348155,1.0,57.5,20,99.967662,99.995,calm
ac,Almgren-Chriss,1097,3.873693684683929,3.873693684683929,1.0,57.5,20,99.956265,99.995,calm
heuristic,Heuristic,1097,2.721999619963433,3.174458722936732,0.8983,60.0,120,99.96778136480016,99.995,calm
pov,POV,1097,4.327516375819624,4.327516375819624,1.0,57.0,110,99.951727,99.995,calm
random,Random,1097,2.988249946305708,3.190459522976356,0.8992,60.0,87,99.96511899466192,99.995,calm
twap,TWAP,1097,4.919745987299336,4.919745987299336,1.0,57.5,20,99.945805,99.995,calm
vwap,VWAP,1097,2.1788089404474125,2.1788089404474125,1.0,57.5,20,99.973213,99.995,calm
ac,Almgren-Chriss,1098,4.907145357267813,4.907145357267813,1.0,57.5,20,99.945931,99.995,calm
heuristic,Heuristic,1098,4.227151895741451,4.518625931297403,0.9031,60.0,120,99.95273059461852,99.995,calm
pov,POV,1098,5.542877143857869,5.542877143857869,1.0,56.5,110,99.939574,99.995,calm
random,Random,1098,4.806240312016096,4.806240312016096,1.0,53.0,86,99.94694,99.995,calm
twap,TWAP,1098,4.944447222361028,4.944447222361028,1.0,57.5,20,99.945558,99.995,calm
vwap,VWAP,1098,2.310815540777036,2.310815540777036,1.0,57.5,20,99.971893,99.995,calm
ac,Almgren-Chriss,1099,2.0188028204231943,2.0188028204231943,1.0,57.5,20,99.964815,99.985,calm
heuristic,Heuristic,1099,2.008858246037572,2.31664749712316,0.9057,60.0,120,99.964914430827,99.985,calm
pov,POV,1099,3.219682952442412,3.219682952442412,1.0,60.0,117,99.952808,99.985,calm
random,Random,1099,4.050007501125046,4.050007501125046,1.0,49.5,83,99.944506,99.985,calm
twap,TWAP,1099,2.8703305495821256,2.8703305495821256,1.0,57.5,20,99.956301,99.985,calm
vwap,VWAP,1099,3.783567535129716,3.783567535129716,1.0,57.5,20,99.94717,99.985,calm
ac,Almgren-Chriss,1000,33.30102525631404,33.30102525631404,1.0,57.5,20,99.642073,99.975,thin
heuristic,Heuristic,1000,7.044358050398531,9.055985028828252,0.91145,60.0,120,99.90457403039116,99.975,thin
pov,POV,1000,32.096737898188785,47.86699064146454,0.7992,60.0,118,99.65411286286286,99.975,thin
random,Random,1000,19.42640660164953,19.42640660164953,1.0,53.0,82,99.7807845,99.975,thin
twap,TWAP,1000,18.832358089521644,18.832358089521644,1.0,57.5,20,99.7867235,99.975,thin
vwap,VWAP,1000,16.38199549887422,16.38199549887422,1.0,57.5,20,99.811221,99.975,thin
ac,Almgren-Chriss,1001,15.674983749186932,15.674983749186932,1.0,57.5,20,99.838258,99.995,thin
heuristic,Heuristic,1001,17.243347137296915,20.409823288822142,0.8982,60.0,120,99.8225751503006,99.995,thin
pov,POV,1001,21.1614133768866,28.980312250908195,0.8556,60.0,116,99.78339644693784,99.995,thin
random,Random,1001,15.46380178945388,19.38799487144208,0.8182,60.0,95,99.84036971400636,99.995,thin
twap,TWAP,1001,9.327116355818672,9.327116355818672,1.0,57.5,20,99.9017335,99.995,thin
vwap,VWAP,1001,16.598729936497488,16.598729936497488,1.0,57.5,20,99.829021,99.995,thin
ac,Almgren-Chriss,1002,52.71749237614293,52.71749237614293,1.0,57.5,20,99.48774600000002,100.015,thin
heuristic,Heuristic,1002,11.956785548473633,13.293075547535398,0.90715,60.0,120,99.89541420933696,100.015,thin
pov,POV,1002,18.848107536871108,29.429044817589155,0.8077,60.0,115,99.82649065247,100.015,thin
random,Random,1002,18.69894515822644,18.69894515822644,1.0,56.5,94,99.8279825,100.015,thin
twap,TWAP,1002,22.81387791831287,22.81387791831287,1.0,57.5,20,99.786827,100.015,thin
vwap,VWAP,1002,13.788131780232424,13.788131780232424,1.0,57.5,20,99.877098,100.015,thin
ac,Almgren-Chriss,1003,30.14037105565892,30.14037105565892,1.0,57.5,20,99.6836415,99.985,thin
heuristic,Heuristic,1003,15.589490564894804,17.615174460410053,0.90015,60.0,120,99.8291284785869,99.985,thin
pov,POV,1003,26.437788354340448,36.02153122968375,0.8719,60.0,114,99.72066177313911,99.985,thin
random,Random,1003,23.692406924142656,24.20768115217311,0.97695,60.0,92,99.74811146936896,99.985,thin
twap,TWAP,1003,18.60319047857114,18.60319047857114,1.0,57.5,20,99.798996,99.985,thin
vwap,VWAP,1003,15.963344501675843,15.963344501675843,1.0,57.5,20,99.8253905,99.985,thin
ac,Almgren-Chriss,1004,26.55912795639832,26.55912795639832,1.0,57.5,20,99.729422,99.995,thin
heuristic,Heuristic,1004,10.059686657802196,11.628481424070705,0.9065,60.0,120,99.89440816326533,99.995,thin
pov,POV,1004,39.09877508919829,52.2013922563443,0.8774,60.0,112,99.60403179849555,99.995,thin
random,Random,1004,15.103850223025091,16.649082454122894,0.9176,60.0,90,99.84396904969486,99.995,thin
twap,TWAP,1004,8.623231161557266,8.623231161557266,1.0,57.5,20,99.908772,99.995,thin
vwap,VWAP,1004,16.237561878093935,16.237561878093935,1.0,57.5,20,99.8326325,99.995,thin
ac,Almgren-Chriss,1005,31.29430585412277,31.29430585412277,1.0,57.5,20,99.70201,100.015,thin
heuristic,Heuristic,1005,24.9209744333632,27.47177923311449,0.8959,60.0,120,99.76575287420472,100.015,thin
pov,POV,1005,26.260023061872445,39.76431843249605,0.80665,60.0,111,99.75236037934668,100.015,thin
random,Random,1005,25.56649921534943,26.25916112583125,0.9725,60.0,97,99.75929665809768,100.015,thin
twap,TWAP,1005,15.101134829775498,15.101134829775498,1.0,57.5,20,99.863966,100.015,thin
vwap,VWAP,1005,18.331600259960183,18.331600259960183,1.0,57.5,20,99.8316565,100.015,thin
ac,Almgren-Chriss,1006,33.937253137342886,33.937253137342886,1.0,57.5,20,99.6656105,100.005,thin
heuristic,Heuristic,1006,11.886976650164526,13.721514274958462,0.8979,60.0,120,99.88612429001005,100.005,thin
pov,POV,1006,24.89312858520811,34.6215774577128,0.79975,60.0,119,99.75605626758365,100.005,thin
random,Random,1006,24.215989200539116,24.215989200539116,1.0,59.0,94,99.762828,100.005,thin
twap,TWAP,1006,21.27613619319079,21.27613619319079,1.0,57.5,20,99.792228,100.005,thin
vwap,VWAP,1006,23.630568471576886,23.630568471576886,1.0,57.5,20,99.7686825,100.005,thin
ac,Almgren-Chriss,1007,11.018550927546409,11.018550927546409,1.0,57.5,20,99.88482,99.995,thin
heuristic,Heuristic,1007,21.276442758319288,23.75987873164104,0.89395,60.0,120,99.7822462106382,99.995,thin
pov,POV,1007,33.659009743865354,48.48264109956264,0.8155,60.0,118,99.65842673206622,99.995,thin
random,Random,1007,23.321316065802847,23.321316065802847,1.0,59.0,101,99.7617985,99.995,thin
twap,TWAP,1007,22.379368968448173,22.379368968448173,1.0,57.5,20,99.7712175,99.995,thin
vwap,VWAP,1007,13.895244762239004,13.895244762239004,1.0,57.5,20,99.8560545,99.995,thin
ac,Almgren-Chriss,1008,52.22918854057254,52.22918854057254,1.0,57.5,20,99.482682,100.005,thin
heuristic,Heuristic,1008,14.231932421104707,15.786285545666177,0.91395,60.0,120,99.86267355982274,100.005,thin
pov,POV,1008,16.45493906596869,20.13330203055156,0.8296,60.0,117,99.8404423818708,100.005,thin
random,Random,1008,22.289485525723983,22.289485525723983,1.0,59.0,96,99.782094,100.005,thin
twap,TWAP,1008,18.533473326334143,18.533473326334143,1.0,57.5,20,99.819656,100.005,thin
vwap,VWAP,1008,13.855607219638484,13.855607219638484,1.0,57.5,20,99.866437,100.005,thin
ac,Almgren-Chriss,1009,59.254236440890566,59.254236440890566,1.0,57.5,20,99.4323095,100.025,thin
heuristic,Heuristic,1009,19.024250067079613,20.075881029743403,0.9136,60.0,120,99.83470993870404,100.025,thin
pov,POV,1009,12.76000418223138,18.242874658693086,0.7977,60.0,112,99.89736805816725,100.025,thin
random,Random,1009,16.288220424448706,17.635791052236762,0.93545,60.0,101,99.86207707520444,100.025,thin
twap,TWAP,1009,18.086178455386804,18.086178455386804,1.0,57.5,20,99.844093,100.025,thin
vwap,VWAP,1009,12.57755561109766,12.57755561109766,1.0,57.5,20,99.899193,100.025,thin
ac,Almgren-Chriss,1010,24.34338283085881,24.34338283085881,1.0,57.5,20,99.761554,100.005,thin
heuristic,Heuristic,1010,19.817466761259443,21.75286474149831,0.9064,60.0,120,99.80681542365404,100.005,thin
pov,POV,1010,20.76395336866665,26.56160625484109,0.85965,60.0,113,99.79735008433666,100.005,thin
random,Random,1010,22.008049597519985,22.008049597519985,1.0,58.5,97,99.7849085,100.005,thin
twap,TWAP,1010,36.43447827608559,36.43447827608559,1.0,57.5,20,99.640637,100.005,thin
vwap,VWAP,1010,20.569371531423947,20.569371531423947,1.0,57.5,20,99.799296,100.005,thin
ac,Almgren-Chriss,1011,27.601410141014007,27.601410141014007,1.0,57.5,20,99.7140135,99.99,thin
heuristic,Heuristic,1011,17.87626438343348,19.770543657274047,0.9078,60.0,120,99.81125523243006,99.99,thin
pov,POV,1011,30.285601366052667,45.52905819282793,0.75715,60.0,112,99.68717427194083,99.99,thin
random,Random,1011,20.076590219319066,21.47064706470733,0.94325,60.0,96,99.78925417439704,99.99,thin
twap,TWAP,1011,26.310281028103457,26.310281028103457,1.0,57.5,20,99.7269235,99.99,thin
vwap,VWAP,1011,20.368786878687096,20.368786878687096,1.0,57.5,20,99.7863325,99.99,thin
ac,Almgren-Chriss,1012,53.72668633431688,53.72668633431688,1.0,57.5,20,99.45776,99.995,thin
heuristic,Heuristic,1012,13.997211102110814,15.68291034477995,0.9029,60.0,120,99.85503488758444,99.995,thin
pov,POV,1012,21.951819843689417,33.171335427613094,0.82035,60.0,115,99.77549277747303,99.995,thin
random,Random,1012,24.294041706304675,25.718135906796043,0.948,60.0,97,99.7520717299578,99.995,thin
twap,TWAP,1012,14.951247562378947,14.951247562378947,1.0,57.5,20,99.845495,99.995,thin
vwap,VWAP,1012,19.944397219861106,19.944397219861106,1.0,57.5,20,99.795566,99.995,thin
ac,Almgren-Chriss,1013,30.581504623843827,30.581504623843827,1.0,57.5,20,99.7191085,100.025,thin
heuristic,Heuristic,1013,19.566482383550607,21.65880437175418,0.9163,60.0,120,99.82928625995854,100.025,thin
pov,POV,1013,17.055644753635114,25.295041976557897,0.8321,60.0,116,99.85440091335175,100.025,thin
random,Random,1013,24.68072981754622,24.68072981754622,1.0,53.5,95,99.778131,100.025,thin
twap,TWAP,1013,22.09812546863195,22.09812546863195,1.0,57.5,20,99.8039635,100.025,thin
vwap,VWAP,1013,9.964458885278678,9.964458885278678,1.0,57.5,20,99.9253305,100.025,thin
ac,Almgren-Chriss,1014,34.6170723174567,34.6170723174567,1.0,57.5,20,99.6986735,100.045,thin
heuristic,Heuristic,1014,17.66457914111157,19.682601264214373,0.9042,60.0,120,99.86827471798276,100.045,thin
pov,POV,1014,41.67856343236481,52.54049666518438,0.86155,60.0,113,99.6280268121409,100.045,thin
random,Random,1014,24.063839027159084,27.278557767649072,0.8578,60.0,93,99.8042533224528,100.045,thin
twap,TWAP,1014,14.829926533060666,14.829926533060666,1.0,57.5,20,99.896634,100.045,thin
vwap,VWAP,1014,18.639712129542048,18.639712129542048,1.0,57.5,20,99.858519,100.045,thin
ac,Almgren-Chriss,1015,43.88165591720431,43.88165591720431,1.0,57.5,20,99.5661615,100.005,thin
heuristic,Heuristic,1015,16.43667472444479,18.33955902553876,0.90795,60.0,120,99.8406250344182,100.005,thin
pov,POV,1015,24.25860962972176,30.69159897486916,0.8679,60.0,114,99.76240177439796,100.005,thin
random,Random,1015,23.97405606594432,25.13669316534201,0.95675,60.0,99,99.76524745231252,100.005,thin
twap,TWAP,1015,20.20778961051981,20.20778961051981,1.0,57.5,20,99.802912,100.005,thin
vwap,VWAP,1015,32.06614669266553,32.06614669266553,1.0,57.5,20,99.6843225,100.005,thin
ac,Almgren-Chriss,1016,15.965255211718748,15.965255211718748,1.0,57.5,20,99.8553235,100.015,thin
heuristic,Heuristic,1016,17.049932676848904,18.77956313309696,0.90255,60.0,120,99.8444750983325,100.015,thin
pov,POV,1016,15.159027796304898,21.45463882172032,0.8543,60.0,114,99.86338698349526,100.015,thin
random,Random,1016,19.58541401040212,22.167908813677407,0.8834,60.0,97,99.81911648177496,100.015,thin
twap,TWAP,1016,16.786831975202823,16.786831975202823,1.0,57.5,20,99.8471065,100.015,thin
vwap,VWAP,1016,10.372294155876569,10.372294155876569,1.0,57.5,20,99.9112615,100.015,thin
ac,Almgren-Chriss,1017,44.12741814546401,44.12741814546401,1.0,57.5,20,99.5836155,100.025,thin
heuristic,Heuristic,1017,20.47067046468958,22.66348011671603,0.90245,60.0,120,99.82024211867694,100.025,thin
pov,POV,1017,19.38964772733046,24.179497559820263,0.83835,60.0,116,99.83105504860738,100.025,thin
random,Random,1017,22.318311247496027,27.66809207521076,0.84635,60.0,94,99.80176109174693,100.025,thin
twap,TWAP,1017,26.216895776055487,26.216895776055487,1.0,57.5,20,99.7627655,100.025,thin
vwap,VWAP,1017,28.074331417146094,28.074331417146094,1.0,57.5,20,99.7441865,100.025,thin
ac,Almgren-Chriss,1018,30.05335266763321,30.05335266763321,1.0,57.5,20,99.6944815,99.995,thin
heuristic,Heuristic,1018,15.544636394558683,17.292772143677595,0.90175,60.0,120,99.83956140837262,99.995,thin
pov,POV,1018,26.6126725530302,35.56983280711618,0.84245,60.0,112,99.72888658080598,99.995,thin
random,Random,1018,24.693234661732184,24.693234661732184,1.0,59.0,94,99.74808000000002,99.995,thin
twap,TWAP,1018,17.872643632181855,17.872643632181855,1.0,57.5,20,99.8162825,99.995,thin
vwap,VWAP,1018,17.97204860242952,17.97204860242952,1.0,57.5,20,99.8152885,99.995,thin
ac,Almgren-Chriss,1019,47.6163616361638,47.6163616361638,1.0,57.5,20,99.513884,99.99,thin
heuristic,Heuristic,1019,24.67119083706679,26.43817313858044,0.91555,60.0,120,99.74331276282015,99.99,thin
pov,POV,1019,20.20872963838883,25.68857271065429,0.86305,60.0,113,99.78793291234577,99.99,thin
random,Random,1019,19.28395362101726,22.664980047959585,0.83645,60.0,88,99.79717974774346,99.99,thin
twap,TWAP,1019,14.256725672567972,14.256725672567972,1.0,57.5,20,99.847447,99.99,thin
vwap,VWAP,1019,16.866086608661252,16.866086608661252,1.0,57.5,20,99.821356,99.99,thin
ac,Almgren-Chriss,1020,27.97934690203552,27.97934690203552,1.0,57.5,20,99.7052485,99.985,thin
heuristic,Heuristic,1020,13.856307301817155,15.784620118500287,0.9045,60.0,120,99.84645771144278,99.985,thin
pov,POV,1020,20.532745035046386,25.134131230795308,0.9287,60.0,116,99.77970334876709,99.985,thin
random,Random,1020,17.746461969295584,17.746461969295584,1.0,53.0,84,99.807562,99.985,thin
twap,TWAP,1020,18.46937040556058,18.46937040556058,1.0,57.5,20,99.800334,99.985,thin
vwap,VWAP,1020,16.103865579837088,16.103865579837088,1.0,57.5,20,99.8239855,99.985,thin
ac,Almgren-Chriss,1021,38.69142714321442,38.69142714321442,1.0,57.5,20,99.637989,100.025,thin
heuristic,Heuristic,1021,18.434866586816337,20.536934659952408,0.89385,60.0,120,99.84060524696535,100.025,thin
pov,POV,1021,22.27665172901562,30.07502315292589,0.83525,60.0,117,99.80217779108052,100.025,thin
random,Random,1021,14.4633437813645,16.48222029858383,0.8989,60.0,99,99.8803304038269,100.025,thin
twap,TWAP,1021,13.92886778305337,13.92886778305337,1.0,57.5,20,99.88567650000002,100.025,thin
vwap,VWAP,1021,11.739565108723111,11.739565108723111,1.0,57.5,20,99.907575,100.025,thin
ac,Almgren-Chriss,1022,49.44252212610556,49.44252212610556,1.0,57.5,20,99.5005995,99.995,thin
heuristic,Heuristic,1022,20.231799780819976,22.039136072943545,0.91285,60.0,120,99.7926921180917,99.995,thin
pov,POV,1022,21.380008828521973,30.79921979524312,0.7678,60.0,113,99.7812106017192,99.995,thin
random,Random,1022,20.01323813952167,21.81956686024368,0.92135,60.0,93,99.79487762522386,99.995,thin
twap,TWAP,1022,18.70948547427309,18.70948547427309,1.0,57.5,20,99.8079145,99.995,thin
vwap,VWAP,1022,21.984849242461543,21.984849242461543,1.0,57.5,20,99.7751625,99.995,thin
ac,Almgren-Chriss,1023,19.11417145713576,19.11417145713576,1.0,57.5,20,99.8338105,100.025,thin
heuristic,Heuristic,1023,11.053973108648716,12.641039740065622,0.89845,60.0,120,99.91443263398074,100.025,thin
pov,POV,1023,29.371997646609213,42.07870214380254,0.82505,60.0,117,99.7312065935398,100.025,thin
random,Random,1023,23.6981754561368,23.6981754561368,1.0,60.0,93,99.787959,100.025,thin
twap,TWAP,1023,17.293176705824127,17.293176705824127,1.0,57.5,20,99.852025,100.025,thin
vwap,VWAP,1023,23.35356160959697,23.35356160959697,1.0,57.5,20,99.791406,100.025,thin
ac,Almgren-Chriss,1024,68.6312684365787,68.6312684365787,1.0,57.5,20,99.318653,100.005,thin
heuristic,Heuristic,1024,16.82503348782313,18.540542978959337,0.9117,60.0,120,99.83674125260502,100.005,thin
pov,POV,1024,28.99633321615083,37.85970768953171,0.84575,60.0,119,99.71502216967188,100.005,thin
random,Random,1024,20.23638706054784,21.002799860006142,0.9642,60.0,97,99.802626011201,100.005,thin
twap,TWAP,1024,13.41787910604502,13.41787910604502,1.0,57.5,20,99.8708145,100.005,thin
vwap,VWAP,1024,26.09334533273245,26.09334533273245,1.0,57.5,20,99.7440535,100.005,thin
ac,Almgren-Chriss,1025,14.796439821991678,14.796439821991678,1.0,57.5,20,99.847043,99.995,thin
heuristic,Heuristic,1025,15.138763509917649,16.77255814010198,0.913,60.0,120,99.8436199342826,99.995,thin
pov,POV,1025,23.378685912730504,29.64306808210855,0.8393,60.0,116,99.76122483021564,99.995,thin
random,Random,1025,23.746787339367163,23.746787339367163,1.0,60.0,94,99.757544,99.995,thin
twap,TWAP,1025,17.007900395019917,17.007900395019917,1.0,57.5,20,99.8249295,99.995,thin
vwap,VWAP,1025,29.27026351317549,29.27026351317549,1.0,57.5,20,99.702312,99.995,thin
ac,Almgren-Chriss,1026,33.56362818140841,33.56362818140841,1.0,57.5,20,99.6593805,99.995,thin
heuristic,Heuristic,1026,19.031016659985927,20.46980284359073,0.91385,60.0,120,99.80469934890849,99.995,thin
pov,POV,1026,16.255623738850666,19.666636502557317,0.8834,60.0,112,99.83245189042336,99.995,thin
random,Random,1026,22.367118355917786,22.367118355917786,1.0,56.5,90,99.77134,99.995,thin
twap,TWAP,1026,10.132456622832011,10.132456622832011,1.0,57.5,20,99.8936805,99.995,thin
vwap,VWAP,1026,17.59732986649242,17.59732986649242,1.0,57.5,20,99.8190355,99.995,thin
ac,Almgren-Chriss,1027,46.96575171241442,46.96575171241442,1.0,57.5,20,99.535319,100.005,thin
heuristic,Heuristic,1027,21.45303614766565,23.31394320213621,0.91085,60.0,120,99.79045891200528,100.005,thin
pov,POV,1027,26.81444195120104,40.34557989673768,0.77395,60.0,114,99.73684217326702,100.005,thin
random,Random,1027,33.837258137092526,33.837258137092526,1.0,48.0,81,99.6666105,100.005,thin
twap,TWAP,1027,9.130093495325092,9.130093495325092,1.0,57.5,20,99.9136945,100.005,thin
vwap,VWAP,1027,20.130043497825067,20.130043497825067,1.0,57.5,20,99.8036895,100.005,thin
ac,Almgren-Chriss,1028,21.246262313115043,21.246262313115043,1.0,57.5,20,99.782548,99.995,thin
heuristic,Heuristic,1028,13.867923769130233,16.066439191524662,0.8929,60.0,120,99.85632769627058,99.995,thin
pov,POV,1028,17.091655487214034,23.975540652032997,0.8403,60.0,115,99.8240919909556,99.995,thin
random,Random,1028,21.333966698334343,21.333966698334343,1.0,58.0,96,99.781671,99.995,thin
twap,TWAP,1028,18.925796289813917,18.925796289813917,1.0,57.5,20,99.8057515,99.995,thin
vwap,VWAP,1028,18.66938346917267,18.66938346917267,1.0,57.5,20,99.8083155,99.995,thin
ac,Almgren-Chriss,1029,35.19663033696688,35.19663033696688,1.0,57.5,20,99.6579985,100.01,thin
heuristic,Heuristic,1029,17.867438439106778,20.320384328912905,0.89505,60.0,120,99.8313077481705,100.01,thin
pov,POV,1029,20.92684069096937,32.849871613200804,0.79925,60.0,116,99.8007106662496,100.01,thin
random,Random,1029,23.7016078913372,26.13910037567597,0.91125,60.0,95,99.77296021947872,100.01,thin
twap,TWAP,1029,18.84686531346785,18.84686531346785,1.0,57.5,20,99.8215125,100.01,thin
vwap,VWAP,1029,15.619688031197027,15.619688031197027,1.0,57.5,20,99.8537875,100.01,thin
ac,Almgren-Chriss,1030,23.31864999999925,23.31864999999925,1.0,57.5,20,99.7668135,100.0,thin
heuristic,Heuristic,1030,19.610822873082725,22.27785554881666,0.89625,60.0,120,99.80389177126918,100.0,thin
pov,POV,1030,24.615636960086704,32.87174342379876,0.82305,60.0,116,99.75384363039912,100.0,thin
random,Random,1030,19.097799999999552,19.097799999999552,1.0,58.5,97,99.809022,100.0,thin
twap,TWAP,1030,23.885599999999616,23.885599999999616,1.0,57.5,20,99.761144,100.0,thin
vwap,VWAP,1030,19.393299999999726,19.393299999999726,1.0,57.5,20,99.806067,100.0,thin
ac,Almgren-Chriss,1031,26.44754335982399,26.44754335982399,1.0,57.5,20,99.770432,100.035,thin
heuristic,Heuristic,1031,16.992245287268467,18.53706202829042,0.9129,60.0,120,99.86501807426882,100.035,thin
pov,POV,1031,34.371350052239286,55.457712628676944,0.76745,60.0,117,99.69116619975244,100.035,thin
random,Random,1031,18.82652063734807,21.046206046066917,0.8952,60.0,96,99.84666890080427,100.035,thin
twap,TWAP,1031,29.14240015994346,29.14240015994346,1.0,57.5,20,99.743474,100.035,thin
vwap,VWAP,1031,18.962463137901988,18.962463137901988,1.0,57.5,20,99.845309,100.035,thin
ac,Almgren-Chriss,1032,38.94410000000062,38.94410000000062,1.0,57.5,20,99.610559,100.0,thin
heuristic,Heuristic,1032,13.490129227384388,14.638599999998409,0.90925,60.0,120,99.86509870772616,100.0,thin
pov,POV,1032,28.095499186600136,38.16671428571317,0.82985,60.0,116,99.719045008134,100.0,thin
random,Random,1032,17.45550000000003,17.45550000000003,1.0,59.5,100,99.825445,100.0,thin
twap,TWAP,1032,26.910900000000765,26.910900000000765,1.0,57.5,20,99.730891,100.0,thin
vwap,VWAP,1032,17.81760000000031,17.81760000000031,1.0,57.5,20,99.821824,100.0,thin
ac,Almgren-Chriss,1033,26.273549999999886,26.273549999999886,1.0,57.5,20,99.7372645,100.0,thin
heuristic,Heuristic,1033,11.489077872269265,13.414233070176122,0.89955,60.0,120,99.8851092212773,100.0,thin
pov,POV,1033,18.23363812690513,23.978049999999712,0.90225,60.0,116,99.81766361873096,100.0,thin
random,Random,1033,20.796949999999924,20.796949999999924,1.0,57.5,96,99.7920305,100.0,thin
twap,TWAP,1033,8.790999999999258,8.790999999999258,1.0,57.5,20,99.91209,100.0,thin
vwap,VWAP,1033,6.723649999999906,6.723649999999906,1.0,57.5,20,99.9327635,100.0,thin
ac,Almgren-Chriss,1034,43.20963951802322,43.20963951802322,1.0,57.5,20,99.572882,100.005,thin
heuristic,Heuristic,1034,21.20052692293817,23.565858419408386,0.9011,60.0,120,99.79298413050716,100.005,thin
pov,POV,1034,33.17241677034142,41.90380829148014,0.8436,60.0,115,99.6732592460882,100.005,thin
random,Random,1034,31.593144023719464,31.60261986900631,0.99975,60.0,94,99.6890527631908,100.005,thin
twap,TWAP,1034,21.718814059297088,21.718814059297088,1.0,57.5,20,99.787801,100.005,thin
vwap,VWAP,1034,8.821958902054003,8.821958902054003,1.0,57.5,20,99.916776,100.005,thin
ac,Almgren-Chriss,1035,22.77603880194044,22.77603880194044,1.0,57.5,20,99.767251,99.995,thin
heuristic,Heuristic,1035,16.10353667096106,17.567484360133893,0.91525,60.0,120,99.83397268505873,99.995,thin
pov,POV,1035,28.771536311407697,34.12003600180124,0.88505,60.0,118,99.70729902265408,99.995,thin
random,Random,1035,20.546540326737148,22.773488674433,0.89425,60.0,95,99.7895448700028,99.995,thin
twap,TWAP,1035,29.540277013850957,29.540277013850957,1.0,57.5,20,99.699612,99.995,thin
vwap,VWAP,1035,20.84504225211175,20.84504225211175,1.0,57.5,20,99.78656,99.995,thin
ac,Almgren-Chriss,1036,59.3649222772037,59.3649222772037,1.0,57.5,20,99.441143,100.035,thin
heuristic,Heuristic,1036,21.333196364698583,23.567551357025568,0.905,60.0,120,99.82159337016574,100.035,thin
pov,POV,1036,21.64601767229396,29.905149567757647,0.82295,60.0,118,99.8184640622152,100.035,thin
random,Random,1036,18.87731230846247,21.15379319972805,0.8731,60.0,94,99.8461608063223,100.035,thin
twap,TWAP,1036,26.086869595641076,26.086869595641076,1.0,57.5,20,99.77404,100.035,thin
vwap,VWAP,1036,17.022542110261757,17.022542110261757,1.0,57.5,20,99.864715,100.035,thin
ac,Almgren-Chriss,1037,28.600400100024903,28.600400100024903,1.0,57.5,20,99.6890675,99.975,thin
heuristic,Heuristic,1037,14.959386112486545,16.645775853185096,0.91255,60.0,120,99.82544353734042,99.975,thin
pov,POV,1037,28.62528681103712,40.20086688338801,0.797,60.0,110,99.68881869510666,99.975,thin
random,Random,1037,21.403212662510256,23.637809452363403,0.9541,60.0,98,99.76102138140656,99.975,thin
twap,TWAP,1037,9.14388597149371,9.14388597149371,1.0,57.5,20,99.883584,99.975,thin
vwap,VWAP,1037,11.174493623406637,11.174493623406637,1.0,57.5,20,99.863283,99.975,thin
ac,Almgren-Chriss,1038,50.36938153092356,50.36938153092356,1.0,57.5,20,99.501281,100.005,thin
heuristic,Heuristic,1038,14.401903683496034,15.843167677681668,0.9109,60.0,120,99.8609737622132,100.005,thin
pov,POV,1038,20.251026125301944,29.386916097232035,0.8584,60.0,112,99.80247961323391,100.005,thin
random,Random,1038,16.907709446423933,20.130299903144344,0.85215,60.0,96,99.83591445168103,100.005,thin
twap,TWAP,1038,16.763411829408703,16.763411829408703,1.0,57.5,20,99.8373575,100.005,thin
vwap,VWAP,1038,5.322583870806931,5.322583870806931,1.0,57.5,20,99.9517715,100.005,thin
ac,Almgren-Chriss,1039,11.499675048741883,11.499675048741883,1.0,57.5,20,99.899986,100.015,thin
heuristic,Heuristic,1039,17.11778567328435,18.69889516572476,0.89715,60.0,120,99.84379646658864,100.015,thin
pov,POV,1039,24.57102797206585,29.9814426542922,0.87735,60.0,115,99.7692528637374,100.015,thin
random,Random,1039,20.369254961999125,21.492126181072077,0.95505,60.0,98,99.81127689649756,100.015,thin
twap,TWAP,1039,14.91701244813361,14.91701244813361,1.0,57.5,20,99.8658075,100.015,thin
vwap,VWAP,1039,16.288906663999914,16.288906663999914,1.0,57.5,20,99.8520865,100.015,thin
ac,Almgren-Chriss,1040,27.660283014151062,27.660283014151062,1.0,57.5,20,99.718411,99.995,thin
heuristic,Heuristic,1040,13.600123905442764,15.103294645607118,0.9171,60.0,120,99.85900556100752,99.995,thin
pov,POV,1040,19.939770711163515,26.09969642626229,0.85625,60.0,115,99.79561226277372,99.995,thin
random,Random,1040,14.87639091724454,16.342923167411502,0.9079,60.0,90,99.846243529023,99.995,thin
twap,TWAP,1040,11.497474873743784,11.497474873743784,1.0,57.5,20,99.880031,99.995,thin
vwap,VWAP,1040,19.48822441122069,19.48822441122069,1.0,57.5,20,99.8001275,99.995,thin
ac,Almgren-Chriss,1041,44.44343348497727,44.44343348497727,1.0,57.5,20,99.570499,100.015,thin
heuristic,Heuristic,1041,15.425061152159838,17.120581912712534,0.91635,60.0,120,99.86072625088669,100.015,thin
pov,POV,1041,16.859537945973372,25.298635418591,0.8254,60.0,118,99.84637933123336,100.015,thin
random,Random,1041,20.900214967755332,20.900214967755332,1.0,57.5,98,99.8059665,100.015,thin
twap,TWAP,1041,8.221416787481582,8.221416787481582,1.0,57.5,20,99.9327735,100.015,thin
vwap,VWAP,1041,31.99420086986932,31.99420086986932,1.0,57.5,20,99.69501,100.015,thin
ac,Almgren-Chriss,1042,40.00840042002122,40.00840042002122,1.0,57.5,20,99.594936,99.995,thin
heuristic,Heuristic,1042,11.430071807945714,12.964330005637182,0.90355,60.0,120,99.88070499695644,99.995,thin
pov,POV,1042,16.75964376179734,18.35776550732386,0.86165,60.0,112,99.82741194220392,99.995,thin
random,Random,1042,19.95491334507888,21.024301215060945,0.9526,60.0,102,99.79546084400587,99.995,thin
twap,TWAP,1042,25.18245912295705,25.18245912295705,1.0,57.5,20,99.743188,99.995,thin
vwap,VWAP,1042,18.680284014201053,18.680284014201053,1.0,57.5,20,99.8082065,99.995,thin
ac,Almgren-Chriss,1043,38.09079092090826,38.09079092090826,1.0,57.5,20,99.629054,100.01,thin
heuristic,Heuristic,1043,18.633452928108447,21.04909849614426,0.9027,60.0,120,99.82364683726598,100.01,thin
pov,POV,1043,11.748762103875816,20.366975862799904,0.7934,60.0,111,99.89250063019914,100.01,thin
random,Random,1043,16.43177416129444,16.61823817618389,0.992,60.0,99,99.8456658266129,100.01,thin
twap,TWAP,1043,23.204979502049827,23.204979502049827,1.0,57.5,20,99.777927,100.01,thin
vwap,VWAP,1043,15.080441955804195,15.080441955804195,1.0,57.5,20,99.8591805,100.01,thin
ac,Almgren-Chriss,1044,38.07957214974723,38.07957214974723,1.0,57.5,20,99.654071,100.035,thin
heuristic,Heuristic,1044,17.21391824206025,19.064277502873352,0.9141,60.0,120,99.86280056886557,100.035,thin
pov,POV,1044,25.957538153774312,41.004102476115214,0.7685,60.0,114,99.77533376707872,100.035,thin
random,Random,1044,22.447564583978995,23.86738879284,0.92645,60.0,93,99.81044578768416,100.035,thin
twap,TWAP,1044,21.36722147248493,21.36722147248493,1.0,57.5,20,99.821253,100.035,thin
vwap,VWAP,1044,18.998400559803827,18.998400559803827,1.0,57.5,20,99.8449495,100.035,thin
ac,Almgren-Chriss,1045,19.75128756437792,19.75128756437792,1.0,57.5,20,99.797497,99.995,thin
heuristic,Heuristic,1045,14.119248269031562,15.925067311151077,0.89525,60.0,120,99.8538145769338,99.995,thin
pov,POV,1045,14.34734558631589,16.29195226884616,0.87565,60.0,116,99.85153371780964,99.995,thin
random,Random,1045,28.55177758887897,28.55177758887897,1.0,57.5,96,99.7094965,99.995,thin
twap,TWAP,1045,12.686134306714928,12.686134306714928,1.0,57.5,20,99.868145,99.995,thin
vwap,VWAP,1045,9.149457472873076,9.149457472873076,1.0,57.5,20,99.90351,99.995,thin
ac,Almgren-Chriss,1046,6.716535826792094,6.716535826792094,1.0,57.5,20,99.927838,99.995,thin
heuristic,Heuristic,1046,14.708843697764534,16.264413220661257,0.91635,60.0,120,99.8479189174442,99.995,thin
pov,POV,1046,35.315656803561886,53.31221012663521,0.7818,60.0,117,99.64186108979278,99.995,thin
random,Random,1046,19.679783989199144,19.679783989199144,1.0,57.0,88,99.798212,99.995,thin
twap,TWAP,1046,7.979748987448985,7.979748987448985,1.0,57.5,20,99.9152065,99.995,thin
vwap,VWAP,1046,14.231161558077012,14.231161558077012,1.0,57.5,20,99.8526955,99.995,thin
ac,Almgren-Chriss,1047,39.52002600130065,39.52002600130065,1.0,57.5,20,99.5998195,99.995,thin
heuristic,Heuristic,1047,10.274269369576302,11.948283591490544,0.89505,60.0,120,99.89226244343892,99.995,thin
pov,POV,1047,25.096768136939595,34.88355105828699,0.8046,60.0,117,99.74404486701468,99.995,thin
random,Random,1047,18.695017716838315,19.84085039042062,0.94135,60.0,94,99.80805917034048,99.995,thin
twap,TWAP,1047,24.503425171259373,24.503425171259373,1.0,57.5,20,99.749978,99.995,thin
vwap,VWAP,1047,13.436721836092056,13.436721836092056,1.0,57.5,20,99.8606395,99.995,thin
ac,Almgren-Chriss,1048,37.99890016497546,37.99890016497546,1.0,57.5,20,99.634954,100.015,thin
heuristic,Heuristic,1048,10.72695598906276,12.35514672799259,0.8934,60.0,120,99.9077143496754,100.015,thin
pov,POV,1048,22.714522099297817,29.74261748824454,0.82435,60.0,115,99.78782070722389,100.015,thin
random,Random,1048,19.490470067055472,19.92521121831754,0.9839,60.0,99,99.82006606362437,100.015,thin
twap,TWAP,1048,13.422436634505258,13.422436634505258,1.0,57.5,20,99.8807555,100.015,thin
vwap,VWAP,1048,19.809028645703044,19.809028645703044,1.0,57.5,20,99.81688,100.015,thin
ac,Almgren-Chriss,1049,41.822876568514296,41.822876568514296,1.0,57.5,20,99.5967085,100.015,thin
heuristic,Heuristic,1049,18.13423395225282,20.240269876678383,0.893,60.0,120,99.83363045912654,100.015,thin
pov,POV,1049,20.797225572080336,28.64467847637861,0.8402,60.0,115,99.80699654844084,100.015,thin
random,Random,1049,17.849152317900078,21.619616210366345,0.79385,60.0,89,99.83648170309252,100.015,thin
twap,TWAP,1049,20.451232315152147,20.451232315152147,1.0,57.5,20,99.810457,100.015,thin
vwap,VWAP,1049,28.018747187922305,28.018747187922305,1.0,57.5,20,99.7347705,100.015,thin
ac,Almgren-Chriss,1050,21.77436128193508,21.77436128193508,1.0,57.5,20,99.7872455,100.005,thin
heuristic,Heuristic,1050,15.452524228926077,17.549602676231853,0.90465,60.0,120,99.85046703144864,100.005,thin
pov,POV,1050,15.952354720121312,20.400216831261098,0.82875,60.0,115,99.84546847662143,100.005,thin
random,Random,1050,16.09175656248718,17.278236088195335,0.94235,60.0,87,99.84407438849684,100.005,thin
twap,TWAP,1050,19.74741262936893,19.74741262936893,1.0,57.5,20,99.807516,100.005,thin
vwap,VWAP,1050,13.504874756262044,13.504874756262044,1.0,57.5,20,99.8699445,100.005,thin
ac,Almgren-Chriss,1051,25.046393041042965,25.046393041042965,1.0,57.5,20,99.76449850000002,100.015,thin
heuristic,Heuristic,1051,16.921737240150236,18.69445179496277,0.91615,60.0,120,99.84575724499264,100.015,thin
pov,POV,1051,26.194478722132065,34.54389238733504,0.82595,60.0,113,99.7530159210606,100.015,thin
random,Random,1051,13.349685259693135,16.6631693091334,0.8236,60.0,87,99.88148312287518,100.015,thin
twap,TWAP,1051,13.20761885717156,13.20761885717156,1.0,57.5,20,99.882904,100.015,thin
vwap,VWAP,1051,15.24241363795359,15.24241363795359,1.0,57.5,20,99.862553,100.015,thin
ac,Almgren-Chriss,1052,37.376018393562575,37.376018393562575,1.0,57.5,20,99.661109,100.035,thin
heuristic,Heuristic,1052,12.785400283270947,14.057732581985038,0.90125,60.0,120,99.9071012482663,100.035,thin
pov,POV,1052,20.80380658518075,27.853814394535544,0.8144,60.0,118,99.82688912082514,100.035,thin
random,Random,1052,14.255657635816297,16.62762499665483,0.87465,60.0,97,99.89239352884012,100.035,thin
twap,TWAP,1052,24.309541660418716,24.309541660418716,1.0,57.5,20,99.7918195,100.035,thin
vwap,VWAP,1052,13.532063777677669,13.532063777677669,1.0,57.5,20,99.899632,100.035,thin
ac,Almgren-Chriss,1053,31.27471373568768,31.27471373568768,1.0,57.5,20,99.6822685,99.995,thin
heuristic,Heuristic,1053,9.41125574143733,10.65318265913295,0.9068,60.0,120,99.9008921482135,99.995,thin
pov,POV,1053,30.07967767706967,36.34569935247863,0.85035,60.0,116,99.69421826306814,99.995,thin
random,Random,1053,15.536828123457802,15.860893044652109,0.975,60.0,102,99.83963948717948,99.995,thin
twap,TWAP,1053,16.203410170509056,16.203410170509056,1.0,57.5,20,99.832974,99.995,thin
vwap,VWAP,1053,24.198409920496545,24.198409920496545,1.0,57.5,20,99.753028,99.995,thin
ac,Almgren-Chriss,1054,35.99119911991238,35.99119911991238,1.0,57.5,20,99.630124,99.99,thin
heuristic,Heuristic,1054,10.52187392216578,12.720523176757,0.8981,60.0,120,99.88479178265229,99.99,thin
pov,POV,1054,20.4833477435295,40.00676969105417,0.75265,60.0,114,99.78518700591243,99.99,thin
random,Random,1054,15.371842922111064,22.116324893110107,0.7163,60.0,89,99.8362969426218,99.99,thin
twap,TWAP,1054,26.216671667167216,26.216671667167216,1.0,57.5,20,99.7278595,99.99,thin
vwap,VWAP,1054,13.066556655665217,13.066556655665217,1.0,57.5,20,99.8593475,99.99,thin
ac,Almgren-Chriss,1055,20.196531214075808,20.196531214075808,1.0,57.5,20,99.832964,100.035,thin
heuristic,Heuristic,1055,12.664098095749932,14.915594875126644,0.8942,60.0,120,99.90831469469916,100.035,thin
pov,POV,1055,17.92033542140478,27.950013454886587,0.78925,60.0,117,99.85573392461198,100.035,thin
random,Random,1055,28.432708413958053,28.446743639726733,0.9993,60.0,95,99.75057340138098,100.035,thin
twap,TWAP,1055,22.67251461988288,22.67251461988288,1.0,57.5,20,99.8081955,100.035,thin
vwap,VWAP,1055,20.737591842854133,20.737591842854133,1.0,57.5,20,99.8275515,100.035,thin
ac,Almgren-Chriss,1056,49.57708656298391,49.57708656298391,1.0,57.5,20,99.4893035,99.985,thin
heuristic,Heuristic,1056,19.84708983296089,21.600424081207464,0.9045,60.0,120,99.78655887230514,99.985,thin
pov,POV,1056,17.620691310634196,26.77856161182908,0.8505,60.0,116,99.80881951793064,99.985,thin
random,Random,1056,23.662249337400564,23.662249337400564,1.0,50.0,83,99.748413,99.985,thin
twap,TWAP,1056,13.718607791167864,13.718607791167864,1.0,57.5,20,99.8478345,99.985,thin
vwap,VWAP,1056,9.703805570835195,9.703805570835195,1.0,57.5,20,99.8879765,99.985,thin
ac,Almgren-Chriss,1057,38.70883544177131,38.70883544177131,1.0,57.5,20,99.607931,99.995,thin
heuristic,Heuristic,1057,22.07382145919127,24.11045422900387,0.90865,60.0,120,99.77427282231882,99.995,thin
pov,POV,1057,13.296409501325542,20.364957680060268,0.752,60.0,115,99.8620425531915,99.995,thin
random,Random,1057,16.36721836091884,16.36721836091884,1.0,53.5,92,99.831336,99.995,thin
twap,TWAP,1057,15.307065353267854,15.307065353267854,1.0,57.5,20,99.841937,99.995,thin
vwap,VWAP,1057,18.20951047552371,18.20951047552371,1.0,57.5,20,99.812914,99.995,thin
ac,Almgren-Chriss,1058,50.34928492849296,50.34928492849296,1.0,57.5,20,99.4865575,99.99,thin
heuristic,Heuristic,1058,17.995468342253805,20.10735330063452,0.9082,60.0,120,99.8100633120458,99.99,thin
pov,POV,1058,34.00818296494885,46.15032634485049,0.8469,60.0,114,99.64995217853348,99.99,thin
random,Random,1058,22.476597659766387,22.476597659766387,1.0,55.5,90,99.7652565,99.99,thin
twap,TWAP,1058,9.271327132712695,9.271327132712695,1.0,57.5,20,99.897296,99.99,thin
vwap,VWAP,1058,26.292129212922063,26.292129212922063,1.0,57.5,20,99.727105,99.99,thin
ac,Almgren-Chriss,1059,34.30478476076256,34.30478476076256,1.0,57.5,20,99.661935,100.005,thin
heuristic,Heuristic,1059,17.82206737889673,19.56508557462404,0.90925,60.0,120,99.82677041517736,100.005,thin
pov,POV,1059,40.13750980891451,57.790859007774166,0.79865,60.0,114,99.60360483315596,100.005,thin
random,Random,1059,26.677566121694703,26.677566121694703,1.0,56.0,93,99.738211,100.005,thin
twap,TWAP,1059,16.420178991050726,16.420178991050726,1.0,57.5,20,99.84079,100.005,thin
vwap,VWAP,1059,13.328633568321004,13.328633568321004,1.0,57.5,20,99.871707,100.005,thin
ac,Almgren-Chriss,1060,17.05079746012642,17.05079746012642,1.0,57.5,20,99.8344835,100.005,thin
heuristic,Heuristic,1060,17.738735704724178,19.70703490827552,0.901,60.0,120,99.82760377358493,100.005,thin
pov,POV,1060,20.242507915064017,28.050123988646824,0.7909,60.0,115,99.8025647995954,100.005,thin
random,Random,1060,12.468976551172798,12.468976551172798,1.0,56.5,86,99.880304,100.005,thin
twap,TWAP,1060,12.11329433528352,12.11329433528352,1.0,57.5,20,99.883861,100.005,thin
vwap,VWAP,1060,19.70966451677506,19.70966451677506,1.0,57.5,20,99.8078935,100.005,thin
ac,Almgren-Chriss,1061,34.13009349532444,34.13009349532444,1.0,57.5,20,99.663682,100.005,thin
heuristic,Heuristic,1061,15.61092565111568,17.05121459137486,0.9149,60.0,120,99.84888293802602,100.005,thin
pov,POV,1061,28.796382010087747,40.27240458964639,0.84245,60.0,116,99.71702178170813,100.005,thin
random,Random,1061,24.59384073049956,24.93660316984358,0.9798,60.0,93,99.75904929577464,100.005,thin
twap,TWAP,1061,16.644167791610858,16.644167791610858,1.0,57.5,20,99.83855,100.005,thin
vwap,VWAP,1061,18.57302134893252,18.57302134893252,1.0,57.5,20,99.8192605,100.005,thin
ac,Almgren-Chriss,1062,23.95900000000074,23.95900000000074,1.0,57.5,20,99.76041,100.0,thin
heuristic,Heuristic,1062,10.969213102203868,12.34946336876601,0.91435,60.0,120,99.89030786897796,100.0,thin
pov,POV,1062,16.76736441484354,27.93742456896689,0.7357,60.0,114,99.83232635585156,100.0,thin
random,Random,1062,17.815003178639017,18.86202530922856,0.9438,60.0,97,99.8218499682136,100.0,thin
twap,TWAP,1062,16.11134999999922,16.11134999999922,1.0,57.5,20,99.83888650000002,100.0,thin
vwap,VWAP,1062,11.810949999999137,11.810949999999137,1.0,57.5,20,99.8818905,100.0,thin
ac,Almgren-Chriss,1063,12.129417645587756,12.129417645587756,1.0,57.5,20,99.9036755,100.025,thin
heuristic,Heuristic,1063,15.42543712798448,17.26725080333063,0.90515,60.0,120,99.87070706512732,100.025,thin
pov,POV,1063,22.89542891870791,39.24462918087008,0.7547,60.0,117,99.79598847224062,100.025,thin
random,Random,1063,26.78900274931325,26.78900274931325,1.0,54.5,80,99.757043,100.025,thin
twap,TWAP,1063,17.995751062233584,17.995751062233584,1.0,57.5,20,99.8449975,100.025,thin
vwap,VWAP,1063,13.428892776805638,13.428892776805638,1.0,57.5,20,99.8906775,100.025,thin
ac,Almgren-Chriss,1064,29.20924184837,29.20924184837,1.0,57.5,20,99.687966,99.98,thin
heuristic,Heuristic,1064,18.42317994639628,20.632376200010288,0.8956,60.0,120,99.79580504689594,99.98,thin
pov,POV,1064,33.4433735716437,42.563470569571976,0.83195,60.0,115,99.64563315103072,99.98,thin
random,Random,1064,20.81006201240186,20.81006201240186,1.0,55.0,95,99.771941,99.98,thin
twap,TWAP,1064,14.794908981797084,14.794908981797084,1.0,57.5,20,99.8320805,99.98,thin
vwap,VWAP,1064,11.399429885977888,11.399429885977888,1.0,57.5,20,99.8660285,99.98,thin
ac,Almgren-Chriss,1065,50.169050000000425,50.169050000000425,1.0,57.5,20,99.4983095,100.0,thin
heuristic,Heuristic,1065,19.292598303778504,21.52109076393208,0.9079,60.0,120,99.80707401696222,100.0,thin
pov,POV,1065,17.816828849456215,22.99005135135121,0.78615,60.0,111,99.82183171150544,100.0,thin
random,Random,1065,18.61654647663454,21.70685206841699,0.88055,60.0,105,99.81383453523364,100.0,thin
twap,TWAP,1065,13.687250000000857,13.687250000000857,1.0,57.5,20,99.8631275,100.0,thin
vwap,VWAP,1065,24.10254999999961,24.10254999999961,1.0,57.5,20,99.7589745,100.0,thin
ac,Almgren-Chriss,1066,28.401060159024293,28.401060159024293,1.0,57.5,20,99.701032,99.985,thin
heuristic,Heuristic,1066,15.572997746917563,17.5389951774128,0.9036,60.0,120,99.82929338202744,99.985,thin
pov,POV,1066,21.85252306015185,29.913983169795067,0.83795,60.0,116,99.76650754818309,99.985,thin
random,Random,1066,14.714546116660957,16.903555533331154,0.84205,60.0,98,99.83787661065256,99.985,thin
twap,TWAP,1066,14.983247487122837,14.983247487122837,1.0,57.5,20,99.83519,99.985,thin
vwap,VWAP,1066,16.166624993748318,16.166624993748318,1.0,57.5,20,99.823358,99.985,thin
ac,Almgren-Chriss,1067,68.02620131006616,68.02620131006616,1.0,57.5,20,99.314772,99.995,thin
heuristic,Heuristic,1067,16.533951488101334,18.205284935778483,0.8951,60.0,120,99.82966875209472,99.995,thin
pov,POV,1067,25.59755278501915,36.10317171030943,0.8076,60.0,112,99.7390372709262,99.995,thin
random,Random,1067,20.708885444272905,20.708885444272905,1.0,57.0,96,99.7879215,99.995,thin
twap,TWAP,1067,13.257862893144669,13.257862893144669,1.0,57.5,20,99.862428,99.995,thin
vwap,VWAP,1067,9.213710685534975,9.213710685534975,1.0,57.5,20,99.9028675,99.995,thin
ac,Almgren-Chriss,1068,30.32358235823619,30.32358235823619,1.0,57.5,20,99.6867945,99.99,thin
heuristic,Heuristic,1068,13.236135143448069,15.195316548806035,0.902,60.0,120,99.85765188470066,99.99,thin
pov,POV,1068,21.51867766567264,35.26588135003914,0.7927,60.0,117,99.77483474202094,99.99,thin
random,Random,1068,20.911941194119414,20.911941194119414,1.0,57.5,98,99.7809015,99.99,thin
twap,TWAP,1068,20.73537353735361,20.73537353735361,1.0,57.5,20,99.782667,99.99,thin
vwap,VWAP,1068,5.883888388838392,5.883888388838392,1.0,57.5,20,99.931167,99.99,thin
ac,Almgren-Chriss,1069,32.68091595420183,32.68091595420183,1.0,57.5,20,99.6781745,100.005,thin
heuristic,Heuristic,1069,20.196605255705425,21.927322864626348,0.9015,60.0,120,99.80302384914032,100.005,thin
pov,POV,1069,22.67378575570528,34.23494544633311,0.76035,60.0,114,99.77825080555009,100.005,thin
random,Random,1069,17.66766661666949,17.66766661666949,1.0,52.0,91,99.8283145,100.005,thin
twap,TWAP,1069,10.41727913604246,10.41727913604246,1.0,57.5,20,99.900822,100.005,thin
vwap,VWAP,1069,11.337933103344673,11.337933103344673,1.0,57.5,20,99.891615,100.005,thin
ac,Almgren-Chriss,1070,36.519372094185655,36.519372094185655,1.0,57.5,20,99.6497515,100.015,thin
heuristic,Heuristic,1070,18.42346961381949,20.009660168622315,0.9042,60.0,120,99.8307376686574,100.015,thin
pov,POV,1070,31.288138444174702,41.34881388586897,0.8691,60.0,115,99.7020716833506,100.015,thin
random,Random,1070,16.86815673573027,17.668349747538148,0.9593,60.0,102,99.8462931304076,100.015,thin
twap,TWAP,1070,15.726940958857046,15.726940958857046,1.0,57.5,20,99.857707,100.015,thin
vwap,VWAP,1070,19.074438834175705,19.074438834175705,1.0,57.5,20,99.824227,100.015,thin
ac,Almgren-Chriss,1071,30.120993950301976,30.120993950301976,1.0,57.5,20,99.703775,100.005,thin
heuristic,Heuristic,1071,24.462186862804792,26.3078846057694,0.91555,60.0,120,99.76036590027852,100.005,thin
pov,POV,1071,26.68064486394976,30.252701407483567,0.90505,60.0,115,99.73818021103808,100.005,thin
random,Random,1071,18.360877248966453,20.23298835058103,0.9135,60.0,97,99.82138204707172,100.005,thin
twap,TWAP,1071,8.76196190190452,8.76196190190452,1.0,57.5,20,99.917376,100.005,thin
vwap,VWAP,1071,13.954452277385908,13.954452277385908,1.0,57.5,20,99.8654485,100.005,thin
ac,Almgren-Chriss,1072,37.83148314831465,37.83148314831465,1.0,57.5,20,99.611723,99.99,thin
heuristic,Heuristic,1072,14.717638960725774,16.14946941074045,0.89595,60.0,120,99.8428383280317,99.99,thin
pov,POV,1072,21.69044613164746,25.44530050019896,0.8445,60.0,114,99.77311722912964,99.99,thin
random,Random,1072,18.36685094150888,18.37388738873882,0.99955,60.0,99,99.80634985743586,99.99,thin
twap,TWAP,1072,23.72237223722307,23.72237223722307,1.0,57.5,20,99.7528,99.99,thin
vwap,VWAP,1072,13.57440744074495,13.57440744074495,1.0,57.5,20,99.8542695,99.99,thin
ac,Almgren-Chriss,1073,31.32900064990174,31.32900064990174,1.0,57.5,20,99.701663,100.015,thin
heuristic,Heuristic,1073,18.181583917225677,19.69309603559513,0.9153,60.0,120,99.83315688845188,100.015,thin
pov,POV,1073,40.021301069449066,50.868434264773775,0.83595,60.0,116,99.61472695735392,100.015,thin
random,Random,1073,18.41993700944775,18.41993700944775,1.0,59.0,96,99.830773,100.015,thin
twap,TWAP,1073,12.672049192621438,12.672049192621438,1.0,57.5,20,99.8882605,100.015,thin
vwap,VWAP,1073,13.504374343848635,13.504374343848635,1.0,57.5,20,99.879936,100.015,thin
ac,Almgren-Chriss,1074,34.877699999999095,34.877699999999095,1.0,57.5,20,99.65122300000002,100.0,thin
heuristic,Heuristic,1074,11.803320420585807,13.53617808315721,0.9035,60.0,120,99.88196679579414,100.0,thin
pov,POV,1074,49.8653373707366,61.76186664465058,0.87515,60.0,114,99.50134662629264,100.0,thin
random,Random,1074,15.478286384975943,17.658240478300286,0.852,60.0,98,99.84521713615024,100.0,thin
twap,TWAP,1074,20.51245000000017,20.51245000000017,1.0,57.5,20,99.7948755,100.0,thin
vwap,VWAP,1074,17.60950000000048,17.60950000000048,1.0,57.5,20,99.823905,100.0,thin
ac,Almgren-Chriss,1075,33.70070510576553,33.70070510576553,1.0,57.5,20,99.6480435,99.985,thin
heuristic,Heuristic,1075,16.208174432238582,18.312839616403267,0.9089,60.0,120,99.82294256793926,99.985,thin
pov,POV,1075,22.611690170657265,27.55600651831564,0.8592,60.0,116,99.75891701582869,99.985,thin
random,Random,1075,15.829888310126542,20.904262226890097,0.75035,60.0,95,99.8267248617312,99.985,thin
twap,TWAP,1075,4.503775566334854,4.503775566334854,1.0,57.5,20,99.939969,99.985,thin
vwap,VWAP,1075,19.35993210226562,19.50052507876241,0.996,60.0,20,99.7914297188755,99.985,thin
ac,Almgren-Chriss,1076,36.31140657802641,36.31140657802641,1.0,57.5,20,99.666777,100.03,thin
heuristic,Heuristic,1076,17.38081905605966,19.3187226657488,0.89785,60.0,120,99.85613966698224,100.03,thin
pov,POV,1076,23.897759222830256,33.84091451953769,0.85725,60.0,117,99.79095071449404,100.03,thin
random,Random,1076,21.62933092785273,23.755152658895515,0.8942,60.0,93,99.8136418027287,100.03,thin
twap,TWAP,1076,15.962411276616152,15.962411276616152,1.0,57.5,20,99.870328,100.03,thin
vwap,VWAP,1076,8.513895831249794,8.513895831249794,1.0,57.5,20,99.9448355,100.03,thin
ac,Almgren-Chriss,1077,13.46357317865938,13.46357317865938,1.0,57.5,20,99.860371,99.995,thin
heuristic,Heuristic,1077,14.124711504221429,15.625324693626151,0.91105,60.0,120,99.85375994731352,99.995,thin
pov,POV,1077,23.50806323886525,36.40106171975386,0.79125,60.0,115,99.75993112164296,99.995,thin
random,Random,1077,19.99874993749733,19.99874993749733,1.0,58.0,88,99.7950225,99.995,thin
twap,TWAP,1077,11.695434771738448,11.695434771738448,1.0,57.5,20,99.8780515,99.995,thin
vwap,VWAP,1077,5.9980999049944375,5.9980999049944375,1.0,57.5,20,99.935022,99.995,thin
ac,Almgren-Chriss,1078,23.30238607373335,23.30238607373335,1.0,57.5,20,99.722081,99.955,thin
heuristic,Heuristic,1078,21.095705682959803,23.26729856304396,0.90445,60.0,120,99.74413787384596,99.955,thin
pov,POV,1078,30.516126417471067,40.913522759251634,0.85625,60.0,118,99.64997605839416,99.955,thin
random,Random,1078,23.178183156186535,24.919163623631345,0.92055,60.0,96,99.72332247026236,99.955,thin
twap,TWAP,1078,24.2748736931624,24.2748736931624,1.0,57.5,20,99.7123605,99.955,thin
vwap,VWAP,1078,18.46736031213994,18.46736031213994,1.0,57.5,20,99.7704095,99.955,thin
ac,Almgren-Chriss,1079,39.74898765185269,39.74898765185269,1.0,57.5,20,99.6174505,100.015,thin
heuristic,Heuristic,1079,11.827885853488452,13.136263943896868,0.90745,60.0,120,99.89670339963634,100.015,thin
pov,POV,1079,24.137408403806464,34.5628058253387,0.75995,60.0,115,99.77358970984932,100.015,thin
random,Random,1079,14.546867969804154,14.546867969804154,1.0,58.5,97,99.8695095,100.015,thin
twap,TWAP,1079,28.306703994399975,28.306703994399975,1.0,57.5,20,99.7318905,100.015,thin
vwap,VWAP,1079,21.9185122231666,21.9185122231666,1.0,57.5,20,99.795782,100.015,thin
ac,Almgren-Chriss,1080,55.267463373168376,55.267463373168376,1.0,57.5,20,99.442353,99.995,thin
heuristic,Heuristic,1080,17.1808831974236,18.84464223211105,0.91085,60.0,120,99.82319975846735,99.995,thin
pov,POV,1080,18.77806063352426,22.3559007443463,0.9061,60.0,116,99.80722878269508,99.995,thin
random,Random,1080,21.535176758838706,21.535176758838706,1.0,53.0,88,99.779659,99.995,thin
twap,TWAP,1080,10.67868393419644,10.67868393419644,1.0,57.5,20,99.8882185,99.995,thin
vwap,VWAP,1080,11.372418620930588,11.372418620930588,1.0,57.5,20,99.8812815,99.995,thin
ac,Almgren-Chriss,1081,33.296085195739934,33.296085195739934,1.0,57.5,20,99.6720225,100.005,thin
heuristic,Heuristic,1081,13.278558282067422,14.992364921436138,0.9077,60.0,120,99.8722077779002,100.005,thin
pov,POV,1081,38.69998099210645,66.79311589976045,0.74635,60.0,115,99.61798084008844,100.005,thin
random,Random,1081,20.389024739041837,21.136693165341605,0.96175,60.0,98,99.80109955809722,100.005,thin
twap,TWAP,1081,18.1546422678861,18.1546422678861,1.0,57.5,20,99.8234445,100.005,thin
vwap,VWAP,1081,19.82415879206097,19.82415879206097,1.0,57.5,20,99.8067485,100.005,thin
ac,Almgren-Chriss,1082,25.64111794410343,25.64111794410343,1.0,57.5,20,99.748576,100.005,thin
heuristic,Heuristic,1082,22.208615421422444,24.283674238244654,0.89915,60.0,120,99.78290274147808,100.005,thin
pov,POV,1082,21.69374182561536,26.774258915920512,0.88335,60.0,114,99.78805173487294,100.005,thin
random,Random,1082,17.817159142042755,17.817159142042755,1.0,59.5,101,99.8268195,100.005,thin
twap,TWAP,1082,13.632818359081956,13.632818359081956,1.0,57.5,20,99.868665,100.005,thin
vwap,VWAP,1082,28.99615019249098,28.99615019249098,1.0,57.5,20,99.715024,100.005,thin
ac,Almgren-Chriss,1083,63.13231984797694,63.13231984797694,1.0,57.5,20,99.3537715,99.985,thin
heuristic,Heuristic,1083,16.2455769117743,18.42548080453052,0.9038,60.0,120,99.82256859924765,99.985,thin
pov,POV,1083,17.846551874180662,23.0078664471433,0.86325,60.0,116,99.806561251086,99.985,thin
random,Random,1083,15.41391823156553,15.888683302495492,0.9831,60.0,89,99.8308839385617,99.985,thin
twap,TWAP,1083,16.18692803920527,16.18692803920527,1.0,57.5,20,99.823155,99.985,thin
vwap,VWAP,1083,24.37624679846473,24.512776916536787,0.996,60.0,20,99.74127409638557,99.985,thin
ac,Almgren-Chriss,1084,9.195920611908027,9.195920611908027,1.0,57.5,20,99.923027,100.015,thin
heuristic,Heuristic,1084,18.731242203307573,20.305954106883256,0.91155,60.0,120,99.82765948110362,100.015,thin
pov,POV,1084,22.369264256309915,27.11150139559628,0.89535,60.0,117,99.79127380354052,100.015,thin
random,Random,1084,21.59582911236332,24.38447524538021,0.85345,60.0,90,99.79900931513272,100.015,thin
twap,TWAP,1084,19.334449832524907,19.334449832524907,1.0,57.5,20,99.8216265,100.015,thin
vwap,VWAP,1084,10.62070689396681,10.62070689396681,1.0,57.5,20,99.908777,100.015,thin
ac,Almgren-Chriss,1085,9.838024296355592,9.838024296355592,1.0,57.5,20,99.916605,100.015,thin
heuristic,Heuristic,1085,20.00847232605476,21.593261010848025,0.90425,60.0,120,99.81488526403096,100.015,thin
pov,POV,1085,27.41413917842072,37.14504699295098,0.81775,60.0,114,99.74081748700702,100.015,thin
random,Random,1085,22.1317302404647,22.1317302404647,1.0,58.5,95,99.7936495,100.015,thin
twap,TWAP,1085,11.67844823276578,11.67844823276578,1.0,57.5,20,99.898198,100.015,thin
vwap,VWAP,1085,13.631855221717464,13.631855221717464,1.0,57.5,20,99.878661,100.015,thin
ac,Almgren-Chriss,1086,34.34712850502347,34.34712850502347,1.0,57.5,20,99.6914085,100.035,thin
heuristic,Heuristic,1086,12.393965341468611,13.723046933572556,0.9135,60.0,120,99.91101696770662,100.035,thin
pov,POV,1086,20.59780887346362,30.30876134529451,0.7732,60.0,114,99.8289498189343,100.035,thin
random,Random,1086,15.168053390300267,16.92735269928188,0.9235,60.0,97,99.88326637791012,100.035,thin
twap,TWAP,1086,14.81136602189189,14.81136602189189,1.0,57.5,20,99.8868345,100.035,thin
vwap,VWAP,1086,27.523166891588804,27.523166891588804,1.0,57.5,20,99.759672,100.035,thin
ac,Almgren-Chriss,1087,31.40577028851528,31.40577028851528,1.0,57.5,20,99.680958,99.995,thin
heuristic,Heuristic,1087,16.705846681856134,18.89194459722948,0.89995,60.0,120,99.82794988610478,99.995,thin
pov,POV,1087,27.161253452528214,40.42310228187624,0.8221,60.0,115,99.72340104610144,99.995,thin
random,Random,1087,19.27581495437685,22.738092775312904,0.83145,60.0,92,99.80225148836372,99.995,thin
twap,TWAP,1087,18.048402420121587,18.048402420121587,1.0,57.5,20,99.814525,99.995,thin
vwap,VWAP,1087,17.538126906344722,17.538126906344722,1.0,57.5,20,99.8196275,99.995,thin
ac,Almgren-Chriss,1088,38.17572635895392,38.17572635895392,1.0,57.5,20,99.6033,99.985,thin
heuristic,Heuristic,1088,14.676974926739494,16.393187715270315,0.9046,60.0,120,99.838252266195,99.985,thin
pov,POV,1088,27.664769542427845,39.48013091931514,0.80345,60.0,113,99.70839380173004,99.985,thin
random,Random,1088,21.05691520814568,24.8777845108702,0.83385,60.0,98,99.77446243329136,99.985,thin
twap,TWAP,1088,14.35580337050468,14.35580337050468,1.0,57.5,20,99.84146350000002,99.985,thin
vwap,VWAP,1088,7.178726809020983,7.178726809020983,1.0,57.5,20,99.9132235,99.985,thin
ac,Almgren-Chriss,1089,8.581870906454709,8.581870906454709,1.0,57.5,20,99.919177,100.005,thin
heuristic,Heuristic,1089,17.275247470383583,19.16831581588829,0.9134,60.0,120,99.83223888767245,100.005,thin
pov,POV,1089,25.84859759944528,35.98303276557233,0.8184,60.0,115,99.74650109970676,100.005,thin
random,Random,1089,25.61236938153025,25.61236938153025,1.0,46.5,76,99.7488635,100.005,thin
twap,TWAP,1089,22.938603069846057,22.938603069846057,1.0,57.5,20,99.7756025,100.005,thin
vwap,VWAP,1089,23.774061296935752,23.774061296935752,1.0,57.5,20,99.7672475,100.005,thin
ac,Almgren-Chriss,1090,43.97820108994588,43.97820108994588,1.0,57.5,20,99.565196,100.005,thin
heuristic,Heuristic,1090,17.735121372673834,19.11419429028512,0.91035,60.0,120,99.82763991871258,100.005,thin
pov,POV,1090,19.54601378400584,23.10644083180473,0.8076,60.0,116,99.80953008915306,100.005,thin
random,Random,1090,24.10219057977532,24.558122093894845,0.9836,60.0,103,99.76396604310696,100.005,thin
twap,TWAP,1090,14.242237888105432,14.242237888105432,1.0,57.5,20,99.8625705,100.005,thin
vwap,VWAP,1090,7.003749812509483,7.003749812509483,1.0,57.5,20,99.934959,100.005,thin
ac,Almgren-Chriss,1091,20.38180999549772,20.38180999549772,1.0,57.5,20,99.741294,99.945,thin
heuristic,Heuristic,1091,15.426240722914594,16.925858120036708,0.9101,60.0,120,99.79082243709485,99.945,thin
pov,POV,1091,20.933076895624737,25.020807454738183,0.89595,60.0,117,99.73578436296668,99.945,thin
random,Random,1091,21.710399757970347,25.084899720863703,0.83065,60.0,89,99.72801540961896,99.945,thin
twap,TWAP,1091,12.27370053529368,12.27370053529368,1.0,57.5,20,99.8223305,99.945,thin
vwap,VWAP,1091,7.998349092000641,7.998349092000641,1.0,57.5,20,99.8650605,99.945,thin
ac,Almgren-Chriss,1092,37.37435641089759,37.37435641089759,1.0,57.5,20,99.651163,100.025,thin
heuristic,Heuristic,1092,27.499735643013025,29.71665719933633,0.9152,60.0,120,99.74993389423076,100.025,thin
pov,POV,1092,18.44979767339464,28.08549981148857,0.8061,60.0,115,99.84045589877188,100.025,thin
random,Random,1092,22.87702464627739,26.41298588396428,0.82,60.0,89,99.7961725609756,100.025,thin
twap,TWAP,1092,11.610847288178393,11.610847288178393,1.0,57.5,20,99.9088625,100.025,thin
vwap,VWAP,1092,8.869032741814692,8.869032741814692,1.0,57.5,20,99.9362875,100.025,thin
ac,Almgren-Chriss,1093,28.46892344617296,28.46892344617296,1.0,57.5,20,99.710325,99.995,thin
heuristic,Heuristic,1093,14.140289654064636,15.60275040320692,0.9009,60.0,120,99.85360417360418,99.995,thin
pov,POV,1093,21.98966357319794,30.36869931054081,0.8176,60.0,116,99.7751143590998,99.995,thin
random,Random,1093,17.764412657892443,20.852429045784596,0.8041,60.0,91,99.8173647556274,99.995,thin
twap,TWAP,1093,13.371668583428358,13.371668583428358,1.0,57.5,20,99.86129,99.995,thin
vwap,VWAP,1093,22.557827891393757,22.557827891393757,1.0,57.5,20,99.769433,99.995,thin
ac,Almgren-Chriss,1094,59.30771922807725,59.30771922807725,1.0,57.5,20,99.4168635,100.01,thin
heuristic,Heuristic,1094,12.949080036857636,14.371012898710884,0.9068,60.0,120,99.8804962505514,100.01,thin
pov,POV,1094,23.66627523073636,30.569690944574987,0.8438,60.0,116,99.7733135814174,100.01,thin
random,Random,1094,23.836066393359943,23.836066393359943,1.0,59.5,97,99.7716155,100.01,thin
twap,TWAP,1094,16.85211478852192,16.85211478852192,1.0,57.5,20,99.841462,100.01,thin
vwap,VWAP,1094,13.17303269672965,13.17303269672965,1.0,57.5,20,99.8782565,100.01,thin
ac,Almgren-Chriss,1095,41.443494349435504,41.443494349435504,1.0,57.5,20,99.5756065,99.99,thin
heuristic,Heuristic,1095,10.66009462474659,12.277206468587684,0.9121,60.0,120,99.88340971384716,99.99,thin
pov,POV,1095,18.2554924487302,26.90246819713126,0.78745,60.0,112,99.80746333100517,99.99,thin
random,Random,1095,27.692069206920696,27.692069206920696,1.0,57.5,96,99.713107,99.99,thin
twap,TWAP,1095,16.97074707470717,16.97074707470717,1.0,57.5,20,99.8203095,99.99,thin
vwap,VWAP,1095,17.081108110811613,17.081108110811613,1.0,57.5,20,99.819206,99.99,thin
ac,Almgren-Chriss,1096,55.46837025553801,55.46837025553801,1.0,57.5,20,99.4303995,99.985,thin
heuristic,Heuristic,1096,14.939368306437869,16.328599289894264,0.9058,60.0,120,99.83562872598807,99.985,thin
pov,POV,1096,18.859153441188745,23.532814144860808,0.84235,60.0,115,99.79643675431828,99.985,thin
random,Random,1096,18.88666882500134,19.21288193228897,0.98675,60.0,94,99.79616164175324,99.985,thin
twap,TWAP,1096,15.123968595288984,15.123968595288984,1.0,57.5,20,99.833783,99.985,thin
vwap,VWAP,1096,3.4144121618238312,3.4144121618238312,1.0,57.5,20,99.950861,99.985,thin
ac,Almgren-Chriss,1097,49.15132730090482,49.15132730090482,1.0,57.5,20,99.523413,100.015,thin
heuristic,Heuristic,1097,16.350755369541947,18.5274945351273,0.90945,60.0,120,99.85146792017152,100.015,thin
pov,POV,1097,17.591894181358793,22.898681019103435,0.88805,60.0,114,99.83905467034516,100.015,thin
random,Random,1097,22.60185802829372,24.765598608484808,0.886,60.0,87,99.78894751693002,100.015,thin
twap,TWAP,1097,11.770534419837569,11.770534419837569,1.0,57.5,20,99.897277,100.015,thin
vwap,VWAP,1097,14.06544018397216,14.06544018397216,1.0,57.5,20,99.8743245,100.015,thin
ac,Almgren-Chriss,1098,35.475668917229456,35.475668917229456,1.0,57.5,20,99.620332,99.975,thin
heuristic,Heuristic,1098,7.671911894913076,8.697574393598918,0.90415,60.0,120,99.8983000608306,99.975,thin
pov,POV,1098,31.31693595904865,42.11023098912048,0.83345,60.0,118,99.6619089327494,99.975,thin
random,Random,1098,18.957457801222866,19.1950487621902,0.9877,60.0,96,99.78547281563228,99.975,thin
twap,TWAP,1098,18.812153038259808,18.812153038259808,1.0,57.5,20,99.7869255,99.975,thin
vwap,VWAP,1098,22.95188797199276,22.95188797199276,1.0,57.5,20,99.7455385,99.975,thin
ac,Almgren-Chriss,1099,25.65160225966125,25.65160225966125,1.0,57.5,20,99.7584455,100.015,thin
heuristic,Heuristic,1099,16.51488445995686,18.39425498051487,0.89565,60.0,120,99.84982638307376,100.015,thin
pov,POV,1099,14.844525689211318,25.359297808736358,0.739,60.0,112,99.86653247631936,100.015,thin
random,Random,1099,29.768534719791266,29.768534719791266,1.0,56.0,93,99.71727,100.015,thin
twap,TWAP,1099,13.34429835524596,13.34429835524596,1.0,57.5,20,99.881537,100.015,thin
vwap,VWAP,1099,14.621606758985545,14.621606758985545,1.0,57.5,20,99.868762,100.015,thin
ac,Almgren-Chriss,1000,5.624343651547426,5.624343651547426,1.0,57.5,20,99.928765,99.985,volatile
heuristic,Heuristic,1000,4.60579086863097,4.60579086863097,1.0,52.5,105,99.938949,99.985,volatile
pov,POV,1000,11.636545481822086,11.636545481822086,1.0,17.0,33,99.868652,99.985,volatile
random,Random,1000,5.207781167175411,5.207781167175411,1.0,38.0,60,99.93293,99.985,volatile
twap,TWAP,1000,9.556633495024949,9.556633495024949,1.0,57.5,20,99.889448,99.985,volatile
vwap,VWAP,1000,8.928439265890676,8.928439265890676,1.0,57.5,20,99.895729,99.985,volatile
ac,Almgren-Chriss,1001,9.73790483806456,9.73790483806456,1.0,57.5,20,99.942582,100.04,volatile
heuristic,Heuristic,1001,10.581967213114488,10.581967213114488,1.0,51.0,102,99.934138,100.04,volatile
pov,POV,1001,9.119152339063564,9.119152339063564,1.0,16.5,32,99.948772,100.04,volatile
random,Random,1001,12.529288284685476,12.529288284685476,1.0,45.5,72,99.914657,100.04,volatile
twap,TWAP,1001,5.480407836864619,5.480407836864619,1.0,57.5,20,99.985174,100.04,volatile
vwap,VWAP,1001,6.642942822870682,6.642942822870682,1.0,57.5,20,99.973544,100.04,volatile
ac,Almgren-Chriss,1002,6.615807628855456,6.615807628855456,1.0,57.5,20,99.948832,100.015,volatile
heuristic,Heuristic,1002,3.347597860320201,3.347597860320201,1.0,52.0,104,99.981519,100.015,volatile
pov,POV,1002,9.00054991751167,9.00054991751167,1.0,18.5,36,99.924981,100.015,volatile
random,Random,1002,6.189771534269057,6.189771534269057,1.0,39.5,66,99.953093,100.015,volatile
twap,TWAP,1002,3.125331200319751,3.125331200319751,1.0,57.5,20,99.983742,100.015,volatile
vwap,VWAP,1002,6.604409338599582,6.604409338599582,1.0,57.5,20,99.948946,100.015,volatile
ac,Almgren-Chriss,1003,11.873693684684936,11.873693684684936,1.0,57.5,20,99.876269,99.995,volatile
heuristic,Heuristic,1003,6.477823891195433,6.477823891195433,1.0,57.0,114,99.930225,99.995,volatile
pov,POV,1003,13.72408620431098,13.72408620431098,1.0,17.0,33,99.857766,99.995,volatile
random,Random,1003,11.872593629680871,11.872593629680871,1.0,43.0,64,99.87628,99.995,volatile
twap,TWAP,1003,2.947047352368442,2.947047352368442,1.0,57.5,20,99.965531,99.995,volatile
vwap,VWAP,1003,1.9484974248705536,1.9484974248705536,1.0,57.5,20,99.975516,99.995,volatile
ac,Almgren-Chriss,1004,4.62560615907604,4.62560615907604,1.0,57.5,20,99.968737,100.015,volatile
heuristic,Heuristic,1004,6.462330650401875,6.462330650401875,1.0,51.0,102,99.950367,100.015,volatile
pov,POV,1004,6.6728990651400055,6.6728990651400055,1.0,16.0,31,99.948261,100.015,volatile
random,Random,1004,3.9196120581917486,3.9196120581917486,1.0,39.5,63,99.975798,100.015,volatile
twap,TWAP,1004,2.801479778033682,2.801479778033682,1.0,57.5,20,99.986981,100.015,volatile
vwap,VWAP,1004,-1.0232465130230843,-1.0232465130230843,1.0,57.5,20,100.025234,100.015,volatile
ac,Almgren-Chriss,1005,4.469882529367207,4.469882529367207,1.0,57.5,20,99.98029,100.025,volatile
heuristic,Heuristic,1005,9.454036490876405,9.454036490876405,1.0,45.5,91,99.930436,100.025,volatile
pov,POV,1005,7.097825543613651,7.097825543613651,1.0,16.0,31,99.954004,100.025,volatile
random,Random,1005,1.8842289427648296,1.8842289427648296,1.0,37.5,65,100.006153,100.025,volatile
twap,TWAP,1005,5.097325668582205,5.097325668582205,1.0,57.5,20,99.974014,100.025,volatile
vwap,VWAP,1005,10.385203699075657,10.385203699075657,1.0,57.5,20,99.921122,100.025,volatile
ac,Almgren-Chriss,1006,4.041281423360265,4.041281423360265,1.0,57.5,20,100.004569,100.045,volatile
heuristic,Heuristic,1006,8.382927682541965,8.382927682541965,1.0,56.0,112,99.96113300000002,100.045,volatile
pov,POV,1006,12.918186815933716,12.918186815933716,1.0,16.0,31,99.91576,100.045,volatile
random,Random,1006,12.730971063021114,12.730971063021114,1.0,36.5,61,99.917633,100.045,volatile
twap,TWAP,1006,8.427107801488713,8.427107801488713,1.0,57.5,20,99.960691,100.045,volatile
vwap,VWAP,1006,8.538957469138149,8.538957469138149,1.0,57.5,20,99.959572,100.045,volatile
ac,Almgren-Chriss,1007,2.353900000000067,2.353900000000067,1.0,57.5,20,99.976461,100.0,volatile
heuristic,Heuristic,1007,11.698099999999611,11.698099999999611,1.0,54.5,109,99.883019,100.0,volatile
pov,POV,1007,12.303099999999176,12.303099999999176,1.0,17.0,33,99.87696900000002,100.0,volatile
random,Random,1007,1.2639999999992144,1.2639999999992144,1.0,38.0,67,99.98736,100.0,volatile
twap,TWAP,1007,6.1684000000004735,6.1684000000004735,1.0,57.5,20,99.938316,100.0,volatile
vwap,VWAP,1007,2.0159999999996217,2.0159999999996217,1.0,57.5,20,99.97984,100.0,volatile
ac,Almgren-Chriss,1008,-4.0356089022264205,-4.0356089022264205,1.0,57.5,20,100.015346,99.975,volatile
heuristic,Heuristic,1008,8.641060265066189,8.641060265066189,1.0,50.5,101,99.888611,99.975,volatile
pov,POV,1008,-0.1499374843714362,-0.1499374843714362,1.0,18.0,35,99.976499,99.975,volatile
random,Random,1008,11.065983739722151,-9.910777694424567,1.0021,38.0,63,99.86436782756212,99.975,volatile
twap,TWAP,1008,1.218604651163245,1.218604651163245,1.0,57.5,20,99.962817,99.975,volatile
vwap,VWAP,1008,-4.071117779445682,-4.071117779445682,1.0,57.5,20,100.015701,99.975,volatile
ac,Almgren-Chriss,1009,-1.4636268186593115,-1.4636268186593115,1.0,57.5,20,100.019637,100.005,volatile
heuristic,Heuristic,1009,3.770211489424955,3.770211489424955,1.0,51.5,103,99.967296,100.005,volatile
pov,POV,1009,4.372581370930642,4.372581370930642,1.0,16.0,31,99.961272,100.005,volatile
random,Random,1009,8.430378481076037,8.430378481076037,1.0,41.0,68,99.920692,100.005,volatile
twap,TWAP,1009,10.242587870606156,10.242587870606156,1.0,57.5,20,99.902569,100.005,volatile
vwap,VWAP,1009,8.912154392280042,8.912154392280042,1.0,57.5,20,99.915874,100.005,volatile
ac,Almgren-Chriss,1010,6.848187953010999,6.848187953010999,1.0,57.5,20,99.956501,100.025,volatile
heuristic,Heuristic,1010,11.243289177705872,11.243289177705872,1.0,46.5,93,99.912539,100.025,volatile
pov,POV,1010,4.755211197200913,4.755211197200913,1.0,18.0,35,99.977436,100.025,volatile
random,Random,1010,7.728667833042516,7.728667833042516,1.0,38.5,62,99.947694,100.025,volatile
twap,TWAP,1010,10.212446888278077,10.212446888278077,1.0,57.5,20,99.92285,100.025,volatile
vwap,VWAP,1010,6.239940014996338,6.239940014996338,1.0,57.5,20,99.962585,100.025,volatile
ac,Almgren-Chriss,1011,8.631184032814872,8.631184032814872,1.0,57.5,20,99.868727,99.955,volatile
heuristic,Heuristic,1011,7.039767895552451,7.039767895552451,1.0,56.0,112,99.884634,99.955,volatile
pov,POV,1011,11.31989395227863,11.31989395227863,1.0,17.5,34,99.841852,99.955,volatile
random,Random,1011,10.347456355360263,10.347456355360263,1.0,42.0,70,99.851572,99.955,volatile
twap,TWAP,1011,4.187384322944918,4.187384322944918,1.0,57.5,20,99.913145,99.955,volatile
vwap,VWAP,1011,7.634535540993962,7.634535540993962,1.0,57.5,20,99.878689,99.955,volatile
ac,Almgren-Chriss,1012,8.634451051921062,8.634451051921062,1.0,57.5,20,99.968608,100.055,volatile
heuristic,Heuristic,1012,5.56244065763891,5.56244065763891,1.0,46.5,93,99.999345,100.055,volatile
pov,POV,1012,6.59597221528115,6.59597221528115,1.0,17.5,34,99.989004,100.055,volatile
random,Random,1012,8.91379741142389,8.91379741142389,1.0,39.0,63,99.965813,100.055,volatile
twap,TWAP,1012,5.347958622756939,5.347958622756939,1.0,57.5,20,100.001491,100.055,volatile
vwap,VWAP,1012,2.728399380341083,2.728399380341083,1.0,57.5,20,100.027701,100.055,volatile
ac,Almgren-Chriss,1013,6.582270886455406,6.582270886455406,1.0,57.5,20,99.939174,100.005,volatile
heuristic,Heuristic,1013,7.293435328233053,7.293435328233053,1.0,50.5,101,99.932062,100.005,volatile
pov,POV,1013,6.612969351533314,6.612969351533314,1.0,18.0,35,99.938867,100.005,volatile
random,Random,1013,9.045847707614591,9.045847707614591,1.0,36.5,66,99.914537,100.005,volatile
twap,TWAP,1013,-2.0250987450627878,-2.0250987450627878,1.0,57.5,20,100.025252,100.005,volatile
vwap,VWAP,1013,5.722513874305837,5.722513874305837,1.0,57.5,20,99.947772,100.005,volatile
ac,Almgren-Chriss,1014,-0.0514999999995779,-0.0514999999995779,1.0,57.5,20,100.000515,100.0,volatile
heuristic,Heuristic,1014,5.114199999999983,5.114199999999983,1.0,48.0,96,99.948858,100.0,volatile
pov,POV,1014,9.274900000000343,9.274900000000343,1.0,18.0,35,99.907251,100.0,volatile
random,Random,1014,4.887899999999717,4.887899999999717,1.0,44.0,66,99.951121,100.0,volatile
twap,TWAP,1014,10.861199999999371,10.861199999999371,1.0,57.5,20,99.891388,100.0,volatile
vwap,VWAP,1014,1.8948999999993248,1.8948999999993248,1.0,57.5,20,99.981051,100.0,volatile
ac,Almgren-Chriss,1015,6.116117417612828,6.116117417612828,1.0,57.5,20,99.923848,99.985,volatile
heuristic,Heuristic,1015,0.68610291543701,0.68610291543701,1.0,56.5,113,99.97814,99.985,volatile
pov,POV,1015,6.782217332599334,6.782217332599334,1.0,14.500000000000002,28,99.917188,99.985,volatile
random,Random,1015,5.287093063959349,5.287093063959349,1.0,37.0,62,99.932137,99.985,volatile
twap,TWAP,1015,-6.448567285092275,-6.448567285092275,1.0,57.5,20,100.049476,99.985,volatile
vwap,VWAP,1015,2.5697854678204872,2.5697854678204872,1.0,57.5,20,99.959306,99.985,volatile
ac,Almgren-Chriss,1016,-1.3342672737274517,-1.3342672737274517,1.0,57.5,20,99.948334,99.935,volatile
heuristic,Heuristic,1016,7.0901085705701,7.0901085705701,1.0,48.0,96,99.864145,99.935,volatile
pov,POV,1016,7.250913093510372,7.250913093510372,1.0,17.0,33,99.862538,99.935,volatile
random,Random,1016,4.361034672537729,4.361034672537729,1.0,43.0,69,99.891418,99.935,volatile
twap,TWAP,1016,6.8780707459856965,6.8780707459856965,1.0,57.5,20,99.866264,99.935,volatile
vwap,VWAP,1016,6.310701956271466,6.310701956271466,1.0,57.5,20,99.871934,99.935,volatile
ac,Almgren-Chriss,1017,1.025151257563626,1.025151257563626,1.0,57.5,20,99.984749,99.995,volatile
heuristic,Heuristic,1017,7.338166908344751,7.338166908344751,1.0,53.5,107,99.921622,99.995,volatile
pov,POV,1017,11.230561528075969,11.230561528075969,1.0,18.5,36,99.8827,99.995,volatile
random,Random,1017,3.047152357618361,3.047152357618361,1.0,42.0,71,99.96453,99.995,volatile
twap,TWAP,1017,9.233161658083382,9.233161658083382,1.0,57.5,20,99.902673,99.995,volatile
vwap,VWAP,1017,4.735936796839112,4.735936796839112,1.0,57.5,20,99.947643,99.995,volatile
ac,Almgren-Chriss,1018,11.45564556455628,11.45564556455628,1.0,57.5,20,99.875455,99.99,volatile
heuristic,Heuristic,1018,7.752975297530565,7.752975297530565,1.0,49.0,98,99.912478,99.99,volatile
pov,POV,1018,6.729072907290695,6.729072907290695,1.0,18.0,35,99.922716,99.99,volatile
random,Random,1018,10.039641685737676,-31.918191819182795,1.0042,39.5,65,99.88961362278432,99.99,volatile
twap,TWAP,1018,8.618061806181212,8.618061806181212,1.0,57.5,20,99.903828,99.99,volatile
vwap,VWAP,1018,4.911091109110161,4.911091109110161,1.0,57.5,20,99.940894,99.99,volatile
ac,Almgren-Chriss,1019,8.960567744514305,8.960567744514305,1.0,57.5,20,99.955354,100.045,volatile
heuristic,Heuristic,1019,2.9204857813984466,2.9204857813984466,1.0,48.0,96,100.015782,100.045,volatile
pov,POV,1019,14.485981308411503,14.485981308411503,1.0,16.0,31,99.900075,100.045,volatile
random,Random,1019,6.431405867360491,6.431405867360491,1.0,44.0,66,99.980657,100.045,volatile
twap,TWAP,1019,6.956769453745649,6.956769453745649,1.0,57.5,20,99.975401,100.045,volatile
vwap,VWAP,1019,0.6937877954926454,0.6937877954926454,1.0,57.5,20,100.038059,100.045,volatile
ac,Almgren-Chriss,1020,12.967748387419215,12.967748387419215,1.0,57.5,20,99.865329,99.995,volatile
heuristic,Heuristic,1020,5.895394769738216,5.895394769738216,1.0,54.0,108,99.936049,99.995,volatile
pov,POV,1020,3.396969848492864,3.396969848492864,1.0,17.0,33,99.961032,99.995,volatile
random,Random,1020,3.093054652732281,3.093054652732281,1.0,40.0,61,99.964071,99.995,volatile
twap,TWAP,1020,-4.887644382218727,-4.887644382218727,1.0,57.5,20,100.043874,99.995,volatile
vwap,VWAP,1020,1.788989449472031,1.788989449472031,1.0,57.5,20,99.977111,99.995,volatile
ac,Almgren-Chriss,1021,3.74159999999938,3.74159999999938,1.0,57.5,20,99.962584,100.0,volatile
heuristic,Heuristic,1021,7.153099999999541,7.153099999999541,1.0,52.0,104,99.928469,100.0,volatile
pov,POV,1021,8.302299999999377,8.302299999999377,1.0,18.0,35,99.916977,100.0,volatile
random,Random,1021,10.669700000000375,10.669700000000375,1.0,41.5,70,99.893303,100.0,volatile
twap,TWAP,1021,0.7029000000002271,0.7029000000002271,1.0,57.5,20,99.992971,100.0,volatile
vwap,VWAP,1021,6.791400000000067,6.791400000000067,1.0,57.5,20,99.932086,100.0,volatile
ac,Almgren-Chriss,1022,6.8031992001991295,6.8031992001991295,1.0,57.5,20,99.956951,100.025,volatile
heuristic,Heuristic,1022,8.22044488877766,8.22044488877766,1.0,45.0,90,99.942775,100.025,volatile
pov,POV,1022,8.699225193701496,8.699225193701496,1.0,18.0,35,99.937986,100.025,volatile
random,Random,1022,5.684778805298774,5.684778805298774,1.0,46.0,71,99.968138,100.025,volatile
twap,TWAP,1022,9.083829042739756,9.083829042739756,1.0,57.5,20,99.934139,100.025,volatile
vwap,VWAP,1022,6.9506623344165215,6.9506623344165215,1.0,57.5,20,99.955476,100.025,volatile
ac,Almgren-Chriss,1023,5.493902439024687,5.493902439024687,1.0,57.5,20,99.985039,100.04,volatile
heuristic,Heuristic,1023,7.228408636544846,7.228408636544846,1.0,48.5,97,99.967687,100.04,volatile
pov,POV,1023,10.014694122351594,10.014694122351594,1.0,16.5,32,99.939813,100.04,volatile
random,Random,1023,11.22970811675408,11.22970811675408,1.0,39.5,62,99.927658,100.04,volatile
twap,TWAP,1023,6.782187125150502,6.782187125150502,1.0,57.5,20,99.972151,100.04,volatile
vwap,VWAP,1023,6.990603758495984,6.990603758495984,1.0,57.5,20,99.970066,100.04,volatile
ac,Almgren-Chriss,1024,5.503075153757894,5.503075153757894,1.0,57.5,20,99.939972,99.995,volatile
heuristic,Heuristic,1024,9.14635731786542,9.14635731786542,1.0,50.5,101,99.903541,99.995,volatile
pov,POV,1024,9.686684334216809,9.686684334216809,1.0,15.500000000000002,30,99.898138,99.995,volatile
random,Random,1024,4.685234261712576,4.685234261712576,1.0,38.5,66,99.94815,99.995,volatile
twap,TWAP,1024,15.06695334766668,15.06695334766668,1.0,57.5,20,99.844338,99.995,volatile
vwap,VWAP,1024,4.0725036251810725,4.0725036251810725,1.0,57.5,20,99.954277,99.995,volatile
ac,Almgren-Chriss,1025,-1.031857964491376,-1.031857964491376,1.0,57.5,20,99.985316,99.975,volatile
heuristic,Heuristic,1025,7.44746186546547,7.44746186546547,1.0,50.0,100,99.900544,99.975,volatile
pov,POV,1025,9.460865216304716,9.460865216304716,1.0,15.500000000000002,30,99.880415,99.975,volatile
random,Random,1025,15.384846211552292,15.384846211552292,1.0,40.0,62,99.82119,99.975,volatile
twap,TWAP,1025,10.705076269067392,10.705076269067392,1.0,57.5,20,99.867976,99.975,volatile
vwap,VWAP,1025,7.74323580895192,7.74323580895192,1.0,57.5,20,99.897587,99.975,volatile
ac,Almgren-Chriss,1026,3.2166258190369104,3.2166258190369104,1.0,57.5,20,99.932845,99.965,volatile
heuristic,Heuristic,1026,6.887410593708017,6.887410593708017,1.0,51.0,102,99.89615,99.965,volatile
pov,POV,1026,12.656729855449148,12.656729855449148,1.0,14.500000000000002,28,99.838477,99.965,volatile
random,Random,1026,10.009303256140466,10.009303256140466,1.0,38.5,62,99.864942,99.965,volatile
twap,TWAP,1026,8.822587905766625,8.822587905766625,1.0,57.5,20,99.876805,99.965,volatile
vwap,VWAP,1026,6.5758015305361095,6.5758015305361095,1.0,57.5,20,99.899265,99.965,volatile
ac,Almgren-Chriss,1027,8.545418187272693,8.545418187272693,1.0,57.5,20,99.929533,100.015,volatile
heuristic,Heuristic,1027,4.62710593411009,4.62710593411009,1.0,52.5,105,99.968722,100.015,volatile
pov,POV,1027,11.64865270209513,11.64865270209513,1.0,15.500000000000002,30,99.898496,100.015,volatile
random,Random,1027,7.993900914862864,7.993900914862864,1.0,36.0,59,99.935049,100.015,volatile
twap,TWAP,1027,3.961805729140973,3.961805729140973,1.0,57.5,20,99.975376,100.015,volatile
vwap,VWAP,1027,7.425386192070767,7.425386192070767,1.0,57.5,20,99.940735,100.015,volatile
ac,Almgren-Chriss,1028,5.818154538634059,5.818154538634059,1.0,57.5,20,99.916833,99.975,volatile
heuristic,Heuristic,1028,1.6237180820224726,-70.3645911477867,1.0072,52.0,104,99.958766878475,99.975,volatile
pov,POV,1028,5.390947736934661,5.390947736934661,1.0,16.0,31,99.921104,99.975,volatile
random,Random,1028,6.741585396349576,6.741585396349576,1.0,35.0,57,99.907601,99.975,volatile
twap,TWAP,1028,7.276719179795292,7.276719179795292,1.0,57.5,20,99.902251,99.975,volatile
vwap,VWAP,1028,2.947436859215223,2.947436859215223,1.0,57.5,20,99.945533,99.975,volatile
ac,Almgren-Chriss,1029,5.401950487622755,5.401950487622755,1.0,57.5,20,99.920994,99.975,volatile
heuristic,Heuristic,1029,9.78434608652158,9.78434608652158,1.0,52.0,104,99.877181,99.975,volatile
pov,POV,1029,7.592498124530673,7.592498124530673,1.0,16.5,32,99.899094,99.975,volatile
random,Random,1029,7.361340335084251,7.361340335084251,1.0,41.5,65,99.901405,99.975,volatile
twap,TWAP,1029,14.28847211803007,14.28847211803007,1.0,57.5,20,99.832151,99.975,volatile
vwap,VWAP,1029,11.139684921229822,11.139684921229822,1.0,57.5,20,99.863631,99.975,volatile
ac,Almgren-Chriss,1030,11.126368955343604,11.126368955343604,1.0,57.5,20,99.873753,99.985,volatile
heuristic,Heuristic,1030,8.420663099465598,8.420663099465598,1.0,50.5,101,99.900806,99.985,volatile
pov,POV,1030,9.185777866680098,9.185777866680098,1.0,18.5,36,99.893156,99.985,volatile
random,Random,1030,9.50772615892294,9.50772615892294,1.0,36.0,64,99.88993700000002,99.985,volatile
twap,TWAP,1030,7.5065259788968435,7.5065259788968435,1.0,57.5,20,99.909946,99.985,volatile
vwap,VWAP,1030,6.499374906236337,6.499374906236337,1.0,57.5,20,99.920016,99.985,volatile
ac,Almgren-Chriss,1031,4.573443360840024,4.573443360840024,1.0,57.5,20,99.929277,99.975,volatile
heuristic,Heuristic,1031,2.130232558139037,2.130232558139037,1.0,45.0,90,99.953703,99.975,volatile
pov,POV,1031,7.692423105777055,7.692423105777055,1.0,17.5,34,99.898095,99.975,volatile
random,Random,1031,3.78364591147762,3.78364591147762,1.0,40.5,67,99.937173,99.975,volatile
twap,TWAP,1031,9.214903725932231,9.214903725932231,1.0,57.5,20,99.882874,99.975,volatile
vwap,VWAP,1031,9.1902975743937,9.1902975743937,1.0,57.5,20,99.88312,99.975,volatile
ac,Almgren-Chriss,1032,6.728909336400323,6.728909336400323,1.0,57.5,20,99.917721,99.985,volatile
heuristic,Heuristic,1032,9.49562434365073,9.49562434365073,1.0,52.5,105,99.890058,99.985,volatile
pov,POV,1032,6.04230634595196,6.04230634595196,1.0,18.0,35,99.924586,99.985,volatile
random,Random,1032,15.407511126668242,15.407511126668242,1.0,42.0,71,99.830948,99.985,volatile
twap,TWAP,1032,7.498224733710557,7.498224733710557,1.0,57.5,20,99.910029,99.985,volatile
vwap,VWAP,1032,2.420763114468052,2.420763114468052,1.0,57.5,20,99.960796,99.985,volatile
ac,Almgren-Chriss,1033,8.891533730059331,8.891533730059331,1.0,57.5,20,99.896098,99.985,volatile
heuristic,Heuristic,1033,2.5348802320345576,2.5348802320345576,1.0,52.0,104,99.959655,99.985,volatile
pov,POV,1033,9.172275841375372,9.172275841375372,1.0,15.000000000000002,29,99.893291,99.985,volatile
random,Random,1033,5.314397159573433,5.314397159573433,1.0,37.0,65,99.931864,99.985,volatile
twap,TWAP,1033,6.920238035705629,6.920238035705629,1.0,57.5,20,99.915808,99.985,volatile
vwap,VWAP,1033,2.7330099514920896,2.7330099514920896,1.0,57.5,20,99.957674,99.985,volatile
ac,Almgren-Chriss,1034,5.137615596100897,5.137615596100897,1.0,57.5,20,99.973611,100.025,volatile
heuristic,Heuristic,1034,9.487128217945193,9.487128217945193,1.0,58.0,116,99.930105,100.025,volatile
pov,POV,1034,12.35991002249375,12.35991002249375,1.0,15.000000000000002,29,99.90137,100.025,volatile
random,Random,1034,8.312321919519416,8.312321919519416,1.0,37.5,60,99.94185600000002,100.025,volatile
twap,TWAP,1034,3.915121219695446,3.915121219695446,1.0,57.5,20,99.985839,100.025,volatile
vwap,VWAP,1034,5.746563359159802,5.746563359159802,1.0,57.5,20,99.96752,100.025,volatile
ac,Almgren-Chriss,1035,6.901649175412241,6.901649175412241,1.0,57.5,20,99.980949,100.05,volatile
heuristic,Heuristic,1035,9.159120439779263,9.159120439779263,1.0,53.5,107,99.958363,100.05,volatile
pov,POV,1035,6.77461269365342,6.77461269365342,1.0,15.500000000000002,30,99.98222,100.05,volatile
random,Random,1035,6.858970514742608,6.858970514742608,1.0,44.5,71,99.981376,100.05,volatile
twap,TWAP,1035,10.054972513742618,10.054972513742618,1.0,57.5,20,99.9494,100.05,volatile
vwap,VWAP,1035,7.6074962518745455,7.6074962518745455,1.0,57.5,20,99.973887,100.05,volatile
ac,Almgren-Chriss,1036,4.013004551592874,4.013004551592874,1.0,57.5,20,99.924884,99.965,volatile
heuristic,Heuristic,1036,5.083879357774849,5.083879357774849,1.0,47.5,95,99.914179,99.965,volatile
pov,POV,1036,5.996498774570687,5.996498774570687,1.0,17.5,34,99.905056,99.965,volatile
random,Random,1036,7.161606562297567,7.161606562297567,1.0,41.5,66,99.893409,99.965,volatile
twap,TWAP,1036,5.73270644725661,5.73270644725661,1.0,57.5,20,99.907693,99.965,volatile
vwap,VWAP,1036,-4.213874856200014,-4.213874856200014,1.0,57.5,20,100.007124,99.965,volatile
ac,Almgren-Chriss,1037,0.8475271290699222,0.8475271290699222,1.0,57.5,20,99.976526,99.985,volatile
heuristic,Heuristic,1037,5.575036255437426,5.575036255437426,1.0,53.0,106,99.929258,99.985,volatile
pov,POV,1037,1.3598039705953622,1.3598039705953622,1.0,17.0,33,99.971404,99.985,volatile
random,Random,1037,8.265139770965567,8.265139770965567,1.0,45.0,70,99.902361,99.985,volatile
twap,TWAP,1037,14.19222883432495,14.19222883432495,1.0,57.5,20,99.843099,99.985,volatile
vwap,VWAP,1037,8.032404860728553,8.032404860728553,1.0,57.5,20,99.904688,99.985,volatile
ac,Almgren-Chriss,1038,1.8919945997305192,1.8919945997305192,1.0,57.5,20,99.976081,99.995,volatile
heuristic,Heuristic,1038,5.673483674182979,5.673483674182979,1.0,55.0,110,99.938268,99.995,volatile
pov,POV,1038,10.14280714035654,10.14280714035654,1.0,16.0,31,99.893577,99.995,volatile
random,Random,1038,2.708135406770877,2.708135406770877,1.0,41.5,65,99.96792,99.995,volatile
twap,TWAP,1038,-0.0859042952147985,-0.0859042952147985,1.0,57.5,20,99.995859,99.995,volatile
vwap,VWAP,1038,2.138106905346097,2.138106905346097,1.0,57.5,20,99.97362,99.995,volatile
ac,Almgren-Chriss,1039,6.077799999999115,6.077799999999115,1.0,57.5,20,99.93922200000002,100.0,volatile
heuristic,Heuristic,1039,8.967000000000553,8.967000000000553,1.0,57.5,115,99.91033,100.0,volatile
pov,POV,1039,8.279200000000856,8.279200000000856,1.0,16.5,32,99.917208,100.0,volatile
random,Random,1039,12.594999999999343,12.594999999999343,1.0,42.0,67,99.87405,100.0,volatile
twap,TWAP,1039,10.427299999999375,10.427299999999375,1.0,57.5,20,99.895727,100.0,volatile
vwap,VWAP,1039,9.387399999999616,9.387399999999616,1.0,57.5,20,99.906126,100.0,volatile
ac,Almgren-Chriss,1040,5.8526589364249935,5.8526589364249935,1.0,57.5,20,99.98145,100.04,volatile
heuristic,Heuristic,1040,4.980907636946103,4.980907636946103,1.0,53.5,107,99.990171,100.04,volatile
pov,POV,1040,9.922730907636929,9.922730907636929,1.0,15.500000000000002,30,99.940733,100.04,volatile
random,Random,1040,8.983906437424302,8.983906437424302,1.0,44.5,68,99.950125,100.04,volatile
twap,TWAP,1040,-0.6441423430619981,-0.6441423430619981,1.0,57.5,20,100.046444,100.04,volatile
vwap,VWAP,1040,5.758796481407152,5.758796481407152,1.0,57.5,20,99.982389,100.04,volatile
ac,Almgren-Chriss,1041,8.984146036509806,8.984146036509806,1.0,57.5,20,99.885181,99.975,volatile
heuristic,Heuristic,1041,4.865916479119865,4.865916479119865,1.0,54.0,108,99.926353,99.975,volatile
pov,POV,1041,10.508727181795964,10.508727181795964,1.0,16.0,31,99.869939,99.975,volatile
random,Random,1041,5.966791697924324,5.966791697924324,1.0,40.0,65,99.915347,99.975,volatile
twap,TWAP,1041,8.463415853964339,8.463415853964339,1.0,57.5,20,99.890387,99.975,volatile
vwap,VWAP,1041,2.1812453113286296,2.1812453113286296,1.0,57.5,20,99.953193,99.975,volatile
ac,Almgren-Chriss,1042,3.860383769737834,3.860383769737834,1.0,57.5,20,100.021373,100.06,volatile
heuristic,Heuristic,1042,3.186288227064268,3.186288227064268,1.0,55.0,110,100.028118,100.06,volatile
pov,POV,1042,3.817509494302723,3.817509494302723,1.0,18.0,35,100.021802,100.06,volatile
random,Random,1042,0.780831501099896,0.780831501099896,1.0,37.0,64,100.052187,100.06,volatile
twap,TWAP,1042,12.363781730961012,12.363781730961012,1.0,57.5,20,99.936288,100.06,volatile
vwap,VWAP,1042,2.776234259443469,2.776234259443469,1.0,57.5,20,100.032221,100.06,volatile
ac,Almgren-Chriss,1043,3.265536723163766,3.265536723163766,1.0,57.5,20,99.972343,100.005,volatile
heuristic,Heuristic,1043,2.3763811809412583,2.3763811809412583,1.0,49.5,99,99.981235,100.005,volatile
pov,POV,1043,12.164991750412746,12.164991750412746,1.0,14.500000000000002,28,99.883344,100.005,volatile
random,Random,1043,6.009199540023115,6.009199540023115,1.0,39.5,65,99.944905,100.005,volatile
twap,TWAP,1043,-0.2202889855515839,-0.2202889855515839,1.0,57.5,20,100.007203,100.005,volatile
vwap,VWAP,1043,2.0025998700055947,2.0025998700055947,1.0,57.5,20,99.984973,100.005,volatile
ac,Almgren-Chriss,1044,3.508624568771172,3.508624568771172,1.0,57.5,20,99.969912,100.005,volatile
heuristic,Heuristic,1044,2.653167341632863,2.653167341632863,1.0,48.5,97,99.978467,100.005,volatile
pov,POV,1044,7.730513474326758,7.730513474326758,1.0,18.0,35,99.927691,100.005,volatile
random,Random,1044,8.583070846458318,8.583070846458318,1.0,44.0,66,99.919165,100.005,volatile
twap,TWAP,1044,5.949602519873623,5.949602519873623,1.0,57.5,20,99.945501,100.005,volatile
vwap,VWAP,1044,6.132993350331992,6.132993350331992,1.0,57.5,20,99.943667,100.005,volatile
ac,Almgren-Chriss,1045,3.598739810972007,3.598739810972007,1.0,57.5,20,99.949018,99.985,volatile
heuristic,Heuristic,1045,5.86447967195138,5.86447967195138,1.0,53.5,107,99.926364,99.985,volatile
pov,POV,1045,8.699404910736224,8.699404910736224,1.0,19.0,37,99.898019,99.985,volatile
random,Random,1045,6.362654398159197,6.362654398159197,1.0,43.0,72,99.921383,99.985,volatile
twap,TWAP,1045,4.40626093914092,4.40626093914092,1.0,57.5,20,99.940944,99.985,volatile
vwap,VWAP,1045,3.728859328900008,3.728859328900008,1.0,57.5,20,99.947717,99.985,volatile
ac,Almgren-Chriss,1046,1.8231265310196567,1.8231265310196567,1.0,57.5,20,99.996766,100.015,volatile
heuristic,Heuristic,1046,6.030895365695804,6.030895365695804,1.0,52.5,105,99.954682,100.015,volatile
pov,POV,1046,3.098935159725192,3.098935159725192,1.0,17.0,33,99.984006,100.015,volatile
random,Random,1046,6.70049492576035,6.70049492576035,1.0,40.5,62,99.94798500000002,100.015,volatile
twap,TWAP,1046,-3.480577913313882,-3.480577913313882,1.0,57.5,20,100.049811,100.015,volatile
vwap,VWAP,1046,9.980902864571094,9.980902864571094,1.0,57.5,20,99.915176,100.015,volatile
ac,Almgren-Chriss,1047,5.989102179563567,5.989102179563567,1.0,57.5,20,99.960097,100.02,volatile
heuristic,Heuristic,1047,8.307738452309634,8.307738452309634,1.0,51.5,103,99.936906,100.02,volatile
pov,POV,1047,11.314137172565191,11.314137172565191,1.0,17.5,34,99.906836,100.02,volatile
random,Random,1047,3.5702859428113505,3.5702859428113505,1.0,43.0,68,99.98429,100.02,volatile
twap,TWAP,1047,8.371625674864317,8.371625674864317,1.0,57.5,20,99.93626700000002,100.02,volatile
vwap,VWAP,1047,0.7593481303740416,0.7593481303740416,1.0,57.5,20,100.012405,100.02,volatile
ac,Almgren-Chriss,1048,14.88716692496128,14.88716692496128,1.0,57.5,20,99.866106,100.015,volatile
heuristic,Heuristic,1048,6.382542618607121,6.382542618607121,1.0,54.0,108,99.951165,100.015,volatile
pov,POV,1048,9.656451532270314,9.656451532270314,1.0,17.0,33,99.918421,100.015,volatile
random,Random,1048,10.446433035045064,10.446433035045064,1.0,43.5,68,99.91052,100.015,volatile
twap,TWAP,1048,8.789681547767094,8.789681547767094,1.0,57.5,20,99.92709,100.015,volatile
vwap,VWAP,1048,8.589911513273762,8.589911513273762,1.0,57.5,20,99.929088,100.015,volatile
ac,Almgren-Chriss,1049,2.910563415487735,2.910563415487735,1.0,57.5,20,99.98589,100.015,volatile
heuristic,Heuristic,1049,9.824526321050955,9.824526321050955,1.0,53.5,107,99.91674,100.015,volatile
pov,POV,1049,10.484627305903487,10.484627305903487,1.0,15.500000000000002,30,99.910138,100.015,volatile
random,Random,1049,9.79353097035452,9.79353097035452,1.0,43.5,67,99.91705,100.015,volatile
twap,TWAP,1049,5.52067189921586,5.52067189921586,1.0,57.5,20,99.959785,100.015,volatile
vwap,VWAP,1049,10.89376593510916,10.89376593510916,1.0,57.5,20,99.906046,100.015,volatile
ac,Almgren-Chriss,1050,10.436590852287638,10.436590852287638,1.0,57.5,20,99.920608,100.025,volatile
heuristic,Heuristic,1050,5.482929267683154,5.482929267683154,1.0,53.0,106,99.970157,100.025,volatile
pov,POV,1050,8.166458385403416,8.166458385403416,1.0,16.5,32,99.943315,100.025,volatile
random,Random,1050,6.219345163709328,6.219345163709328,1.0,43.5,64,99.962791,100.025,volatile
twap,TWAP,1050,14.23314171457083,14.23314171457083,1.0,57.5,20,99.882633,100.025,volatile
vwap,VWAP,1050,5.48602849287676,5.48602849287676,1.0,57.5,20,99.970126,100.025,volatile
ac,Almgren-Chriss,1051,12.04118146833892,12.04118146833892,1.0,57.5,20,99.924534,100.045,volatile
heuristic,Heuristic,1051,5.157679044429861,5.157679044429861,1.0,56.5,113,99.9934,100.045,volatile
pov,POV,1051,11.240941576289856,11.240941576289856,1.0,15.500000000000002,30,99.93254000000002,100.045,volatile
random,Random,1051,2.426807936429198,2.426807936429198,1.0,45.0,66,100.020721,100.045,volatile
twap,TWAP,1051,8.772252486381372,8.772252486381372,1.0,57.5,20,99.957238,100.045,volatile
vwap,VWAP,1051,9.130891099005666,9.130891099005666,1.0,57.5,20,99.95365,100.045,volatile
ac,Almgren-Chriss,1052,-0.5090763614542327,-0.5090763614542327,1.0,57.5,20,99.99009,99.985,volatile
heuristic,Heuristic,1052,4.19735091411202,0.1990298544786956,1.0004,50.0,100,99.94303278688524,99.985,volatile
pov,POV,1052,4.876231434715309,4.876231434715309,1.0,16.0,31,99.936245,99.985,volatile
random,Random,1052,6.038505775866036,6.038505775866036,1.0,41.0,65,99.924624,99.985,volatile
twap,TWAP,1052,1.991398709805749,1.991398709805749,1.0,57.5,20,99.965089,99.985,volatile
vwap,VWAP,1052,4.755213281991397,4.755213281991397,1.0,57.5,20,99.937455,99.985,volatile
ac,Almgren-Chriss,1053,2.225043739064992,2.225043739064992,1.0,57.5,20,100.002744,100.025,volatile
heuristic,Heuristic,1053,4.811997000750319,4.811997000750319,1.0,54.5,109,99.976868,100.025,volatile
pov,POV,1053,6.407698075480478,6.407698075480478,1.0,17.0,33,99.960907,100.025,volatile
random,Random,1053,-1.3623594101471403,-1.3623594101471403,1.0,38.0,64,100.038627,100.025,volatile
twap,TWAP,1053,-2.0918770307418577,-2.0918770307418577,1.0,57.5,20,100.045924,100.025,volatile
vwap,VWAP,1053,3.887928017995423,3.887928017995423,1.0,57.5,20,99.986111,100.025,volatile
ac,Almgren-Chriss,1054,11.703762930387818,11.703762930387818,1.0,57.5,20,99.937898,100.055,volatile
heuristic,Heuristic,1054,4.021388236470384,4.021388236470384,1.0,51.5,103,100.014764,100.055,volatile
pov,POV,1054,9.577732247264544,9.577732247264544,1.0,15.500000000000002,30,99.95917,100.055,volatile
random,Random,1054,5.560441757033835,5.560441757033835,1.0,44.5,66,99.999365,100.055,volatile
twap,TWAP,1054,16.62595572435112,16.62595572435112,1.0,57.5,20,99.888649,100.055,volatile
vwap,VWAP,1054,6.903403128279094,6.903403128279094,1.0,57.5,20,99.985928,100.055,volatile
ac,Almgren-Chriss,1055,3.3624318784064635,3.3624318784064635,1.0,57.5,20,99.971374,100.005,volatile
heuristic,Heuristic,1055,5.780310984450828,5.780310984450828,1.0,53.5,107,99.947194,100.005,volatile
pov,POV,1055,8.425978701065233,8.425978701065233,1.0,17.5,34,99.920736,100.005,volatile
random,Random,1055,11.091445427729168,11.091445427729168,1.0,42.5,66,99.89408,100.005,volatile
twap,TWAP,1055,12.522073896304716,12.522073896304716,1.0,57.5,20,99.879773,100.005,volatile
vwap,VWAP,1055,7.057047147642307,7.057047147642307,1.0,57.5,20,99.934426,100.005,volatile
ac,Almgren-Chriss,1056,1.9662966296626083,1.9662966296626083,1.0,57.5,20,99.970339,99.99,volatile
heuristic,Heuristic,1056,1.6294629462951418,1.6294629462951418,1.0,59.0,118,99.973707,99.99,volatile
pov,POV,1056,6.202520252025225,6.202520252025225,1.0,16.5,32,99.927981,99.99,volatile
random,Random,1056,9.188018801879378,9.188018801879378,1.0,37.0,61,99.898129,99.99,volatile
twap,TWAP,1056,10.178317831782556,10.178317831782556,1.0,57.5,20,99.888227,99.99,volatile
vwap,VWAP,1056,7.808880888089004,7.808880888089004,1.0,57.5,20,99.911919,99.99,volatile
ac,Almgren-Chriss,1057,5.037796220378125,5.037796220378125,1.0,57.5,20,99.959617,100.01,volatile
heuristic,Heuristic,1057,9.031396860314729,9.031396860314729,1.0,53.5,107,99.919677,100.01,volatile
pov,POV,1057,7.39676032396673,7.39676032396673,1.0,17.0,33,99.936025,100.01,volatile
random,Random,1057,4.9536046395368825,4.9536046395368825,1.0,37.5,63,99.960459,100.01,volatile
twap,TWAP,1057,4.182381761824315,4.182381761824315,1.0,57.5,20,99.968172,100.01,volatile
vwap,VWAP,1057,-0.1786821317872113,-0.1786821317872113,1.0,57.5,20,100.011787,100.01,volatile
ac,Almgren-Chriss,1058,9.596640335965551,9.596640335965551,1.0,57.5,20,99.914024,100.01,volatile
heuristic,Heuristic,1058,0.7244275572445374,0.7244275572445374,1.0,45.0,90,100.002755,100.01,volatile
pov,POV,1058,9.899210078992144,9.899210078992144,1.0,17.5,34,99.910998,100.01,volatile
random,Random,1058,6.39336066393384,6.39336066393384,1.0,39.5,64,99.94606,100.01,volatile
twap,TWAP,1058,13.11198880112078,13.11198880112078,1.0,57.5,20,99.878867,100.01,volatile
vwap,VWAP,1058,2.5556444355558274,2.5556444355558274,1.0,57.5,20,99.984441,100.01,volatile
ac,Almgren-Chriss,1059,6.053591961206009,6.053591961206009,1.0,57.5,20,99.954455,100.015,volatile
heuristic,Heuristic,1059,10.328650702394972,10.328650702394972,1.0,52.0,104,99.911698,100.015,volatile
pov,POV,1059,4.508823676448649,4.508823676448649,1.0,18.5,36,99.969905,100.015,volatile
random,Random,1059,8.488126780983238,8.488126780983238,1.0,37.5,65,99.930106,100.015,volatile
twap,TWAP,1059,2.0343948407740413,2.0343948407740413,1.0,57.5,20,99.994653,100.015,volatile
vwap,VWAP,1059,12.605409188621374,12.605409188621374,1.0,57.5,20,99.888927,100.015,volatile
ac,Almgren-Chriss,1060,6.358717935895959,6.358717935895959,1.0,57.5,20,99.931416,99.995,volatile
heuristic,Heuristic,1060,17.495774788739126,17.495774788739126,1.0,54.0,108,99.820051,99.995,volatile
pov,POV,1060,3.4015700785045744,3.4015700785045744,1.0,18.0,35,99.960986,99.995,volatile
random,Random,1060,9.05575278763937,9.05575278763937,1.0,41.5,68,99.904447,99.995,volatile
twap,TWAP,1060,1.6077803890199285,1.6077803890199285,1.0,57.5,20,99.978923,99.995,volatile
vwap,VWAP,1060,8.55622781139066,8.55622781139066,1.0,57.5,20,99.909442,99.995,volatile
ac,Almgren-Chriss,1061,-0.9257759784081452,-0.9257759784081452,1.0,57.5,20,100.044261,100.035,volatile
heuristic,Heuristic,1061,0.0003998600497916,0.0003998600497916,1.0,51.0,102,100.034996,100.035,volatile
pov,POV,1061,5.138601489478909,5.138601489478909,1.0,17.0,33,99.983596,100.035,volatile
random,Random,1061,7.218173639226122,7.218173639226122,1.0,37.0,57,99.962793,100.035,volatile
twap,TWAP,1061,5.707102514120092,5.707102514120092,1.0,57.5,20,99.977909,100.035,volatile
vwap,VWAP,1061,-5.484480431848629,-5.484480431848629,1.0,57.5,20,100.089864,100.035,volatile
ac,Almgren-Chriss,1062,2.921485331601059,2.921485331601059,1.0,57.5,20,100.015772,100.045,volatile
heuristic,Heuristic,1062,10.139737118296695,10.139737118296695,1.0,57.5,115,99.943557,100.045,volatile
pov,POV,1062,12.524963766305213,12.524963766305213,1.0,18.5,36,99.919694,100.045,volatile
random,Random,1062,7.582887700535606,7.582887700535606,1.0,40.5,68,99.969137,100.045,volatile
twap,TWAP,1062,6.20000999550114,6.20000999550114,1.0,57.5,20,99.98297200000002,100.045,volatile
vwap,VWAP,1062,7.77000349842504,7.77000349842504,1.0,57.5,20,99.967265,100.045,volatile
ac,Almgren-Chriss,1063,5.15268817204366,5.15268817204366,1.0,57.5,20,99.923486,99.975,volatile
heuristic,Heuristic,1063,6.309177294323674,6.309177294323674,1.0,52.0,104,99.911924,99.975,volatile
pov,POV,1063,10.08892223055778,10.08892223055778,1.0,18.5,36,99.874136,99.975,volatile
random,Random,1063,6.1966491622913935,6.1966491622913935,1.0,40.5,56,99.913049,99.975,volatile
twap,TWAP,1063,5.977994498625325,5.977994498625325,1.0,57.5,20,99.915235,99.975,volatile
vwap,VWAP,1063,5.349637409351992,5.349637409351992,1.0,57.5,20,99.921517,99.975,volatile
ac,Almgren-Chriss,1064,2.179437196981752,2.179437196981752,1.0,57.5,20,100.013198,100.035,volatile
heuristic,Heuristic,1064,8.145049232768466,8.145049232768466,1.0,49.5,99,99.953521,100.035,volatile
pov,POV,1064,8.371170090469244,8.371170090469244,1.0,17.0,33,99.951259,100.035,volatile
random,Random,1064,3.0293397310937618,3.0293397310937618,1.0,39.0,65,100.004696,100.035,volatile
twap,TWAP,1064,1.5916429249753972,1.5916429249753972,1.0,57.5,20,100.019078,100.035,volatile
vwap,VWAP,1064,1.6219323236862004,1.6219323236862004,1.0,57.5,20,100.018775,100.035,volatile
ac,Almgren-Chriss,1065,2.9641374481076874,2.9641374481076874,1.0,57.5,20,99.935369,99.965,volatile
heuristic,Heuristic,1065,6.609313259640845,6.609313259640845,1.0,52.0,104,99.89893,99.965,volatile
pov,POV,1065,3.89826439253712,3.89826439253712,1.0,17.0,33,99.926031,99.965,volatile
random,Random,1065,4.239083679288135,4.239083679288135,1.0,34.5,61,99.922624,99.965,volatile
twap,TWAP,1065,8.293102585904526,8.293102585904526,1.0,57.5,20,99.882098,99.965,volatile
vwap,VWAP,1065,5.892462361826866,5.892462361826866,1.0,57.5,20,99.906096,99.965,volatile
ac,Almgren-Chriss,1066,13.758139534883224,13.758139534883224,1.0,57.5,20,99.837453,99.975,volatile
heuristic,Heuristic,1066,8.068617154288681,8.068617154288681,1.0,52.5,105,99.894334,99.975,volatile
pov,POV,1066,16.94623655913888,16.94623655913888,1.0,17.0,33,99.80558,99.975,volatile
random,Random,1066,10.043910977744504,10.043910977744504,1.0,43.0,69,99.874586,99.975,volatile
twap,TWAP,1066,9.24481120280099,9.24481120280099,1.0,57.5,20,99.882575,99.975,volatile
vwap,VWAP,1066,10.735483870967512,10.735483870967512,1.0,57.5,20,99.867672,99.975,volatile
ac,Almgren-Chriss,1067,6.458914728682203,6.458914728682203,1.0,57.5,20,99.910427,99.975,volatile
heuristic,Heuristic,1067,2.7977994498622385,2.7977994498622385,1.0,48.0,96,99.947029,99.975,volatile
pov,POV,1067,6.472118029506824,6.472118029506824,1.0,17.5,34,99.910295,99.975,volatile
random,Random,1067,5.266416604151568,5.266416604151568,1.0,38.5,64,99.922349,99.975,volatile
twap,TWAP,1067,10.279969992498977,10.279969992498977,1.0,57.5,20,99.872226,99.975,volatile
vwap,VWAP,1067,4.841810452612693,4.841810452612693,1.0,57.5,20,99.926594,99.975,volatile
ac,Almgren-Chriss,1068,10.134033508376598,10.134033508376598,1.0,57.5,20,99.873685,99.975,volatile
heuristic,Heuristic,1068,2.554638659665004,2.554638659665004,1.0,52.0,104,99.94946,99.975,volatile
pov,POV,1068,5.644911227807083,5.644911227807083,1.0,15.500000000000002,30,99.918565,99.975,volatile
random,Random,1068,6.0731182795692,6.0731182795692,1.0,36.5,62,99.914284,99.975,volatile
twap,TWAP,1068,11.311027756938724,11.311027756938724,1.0,57.5,20,99.861918,99.975,volatile
vwap,VWAP,1068,6.687271817955193,6.687271817955193,1.0,57.5,20,99.908144,99.975,volatile
ac,Almgren-Chriss,1069,-0.5146169606717557,-0.5146169606717557,1.0,57.5,20,100.060149,100.055,volatile
heuristic,Heuristic,1069,-1.072110339314,-1.072110339314,1.0,56.0,112,100.065727,100.055,volatile
pov,POV,1069,8.705312078357142,8.705312078357142,1.0,16.0,31,99.967899,100.055,volatile
random,Random,1069,8.989555744341311,8.989555744341311,1.0,33.5,58,99.965055,100.055,volatile
twap,TWAP,1069,7.814801858978179,7.814801858978179,1.0,57.5,20,99.976809,100.055,volatile
vwap,VWAP,1069,9.29948528309378,9.29948528309378,1.0,57.5,20,99.961954,100.055,volatile
ac,Almgren-Chriss,1070,3.74171622769692,3.74171622769692,1.0,57.5,20,100.007566,100.045,volatile
heuristic,Heuristic,1070,8.631515817881162,8.631515817881162,1.0,55.0,110,99.95864600000002,100.045,volatile
pov,POV,1070,5.181268429207154,5.181268429207154,1.0,17.5,34,99.993164,100.045,volatile
random,Random,1070,6.684092158527853,6.684092158527853,1.0,36.0,62,99.978129,100.045,volatile
twap,TWAP,1070,8.34434504472912,8.34434504472912,1.0,57.5,20,99.961519,100.045,volatile
vwap,VWAP,1070,6.422010095457024,6.422010095457024,1.0,57.5,20,99.980751,100.045,volatile
ac,Almgren-Chriss,1071,6.851214878511808,6.851214878511808,1.0,57.5,20,99.941481,100.01,volatile
heuristic,Heuristic,1071,2.6551344865509896,2.6551344865509896,1.0,51.0,102,99.983446,100.01,volatile
pov,POV,1071,1.4006599340060348,1.4006599340060348,1.0,18.5,36,99.995992,100.01,volatile
random,Random,1071,8.349965003499813,8.349965003499813,1.0,44.5,69,99.926492,100.01,volatile
twap,TWAP,1071,7.938006199379964,7.938006199379964,1.0,57.5,20,99.930612,100.01,volatile
vwap,VWAP,1071,-2.130986901309677,-2.130986901309677,1.0,57.5,20,100.031312,100.01,volatile
ac,Almgren-Chriss,1072,5.910577644411865,5.910577644411865,1.0,57.5,20,99.915909,99.975,volatile
heuristic,Heuristic,1072,0.7470867716930193,0.7470867716930193,1.0,50.5,101,99.967531,99.975,volatile
pov,POV,1072,6.364891222806592,6.364891222806592,1.0,16.0,31,99.911367,99.975,volatile
random,Random,1072,9.608502125532262,9.608502125532262,1.0,40.0,69,99.878939,99.975,volatile
twap,TWAP,1072,5.219504876218397,5.219504876218397,1.0,57.5,20,99.922818,99.975,volatile
vwap,VWAP,1072,9.201600400100247,9.201600400100247,1.0,57.5,20,99.883007,99.975,volatile
ac,Almgren-Chriss,1073,7.481929517620568,7.481929517620568,1.0,57.5,20,99.950162,100.025,volatile
heuristic,Heuristic,1073,3.560709822545272,3.560709822545272,1.0,49.0,98,99.989384,100.025,volatile
pov,POV,1073,7.394051487127747,7.394051487127747,1.0,17.0,33,99.951041,100.025,volatile
random,Random,1073,6.575656085979338,6.575656085979338,1.0,37.0,62,99.959227,100.025,volatile
twap,TWAP,1073,2.8933766558355667,2.8933766558355667,1.0,57.5,20,99.996059,100.025,volatile
vwap,VWAP,1073,5.949812546863913,5.949812546863913,1.0,57.5,20,99.965487,100.025,volatile
ac,Almgren-Chriss,1074,8.394421115776778,8.394421115776778,1.0,57.5,20,99.936039,100.02,volatile
heuristic,Heuristic,1074,5.833833233352457,5.833833233352457,1.0,47.0,94,99.96165,100.02,volatile
pov,POV,1074,10.93111377724515,10.93111377724515,1.0,18.0,35,99.910667,100.02,volatile
random,Random,1074,11.484803039392403,11.484803039392403,1.0,40.0,65,99.905129,100.02,volatile
twap,TWAP,1074,8.968206358727599,8.968206358727599,1.0,57.5,20,99.9303,100.02,volatile
vwap,VWAP,1074,6.743151369726752,6.743151369726752,1.0,57.5,20,99.952555,100.02,volatile
ac,Almgren-Chriss,1075,4.526226311315406,4.526226311315406,1.0,57.5,20,99.94974,99.995,volatile
heuristic,Heuristic,1075,5.687284364218109,5.687284364218109,1.0,49.5,99,99.93813,99.995,volatile
pov,POV,1075,5.922596129806668,5.922596129806668,1.0,17.5,34,99.935777,99.995,volatile
random,Random,1075,3.43687184359238,3.43687184359238,1.0,48.0,76,99.960633,99.995,volatile
twap,TWAP,1075,9.602180109004705,9.602180109004705,1.0,57.5,20,99.89898300000002,99.995,volatile
vwap,VWAP,1075,5.60258012900692,5.60258012900692,1.0,57.5,20,99.938977,99.995,volatile
ac,Almgren-Chriss,1076,3.6616169191539,3.6616169191539,1.0,57.5,20,99.968382,100.005,volatile
heuristic,Heuristic,1076,7.645317734112419,7.645317734112419,1.0,49.0,98,99.928543,100.005,volatile
pov,POV,1076,9.440927953602024,9.440927953602024,1.0,16.5,32,99.910586,100.005,volatile
random,Random,1076,9.205739713014886,9.205739713014886,1.0,46.5,72,99.912938,100.005,volatile
twap,TWAP,1076,6.600569971500881,6.600569971500881,1.0,57.5,20,99.938991,100.005,volatile
vwap,VWAP,1076,10.704164791760642,10.704164791760642,1.0,57.5,20,99.897953,100.005,volatile
ac,Almgren-Chriss,1077,3.650125062532011,3.650125062532011,1.0,57.5,20,99.913517,99.95,volatile
heuristic,Heuristic,1077,3.527763881940811,3.527763881940811,1.0,48.0,96,99.91474,99.95,volatile
pov,POV,1077,11.226213106553836,11.226213106553836,1.0,16.5,32,99.837794,99.95,volatile
random,Random,1077,5.238619309655614,5.238619309655614,1.0,41.5,63,99.89764,99.95,volatile
twap,TWAP,1077,5.091145572785526,5.091145572785526,1.0,57.5,20,99.899114,99.95,volatile
vwap,VWAP,1077,4.601700850424362,4.601700850424362,1.0,57.5,20,99.904006,99.95,volatile
ac,Almgren-Chriss,1078,4.9681000000000495,4.9681000000000495,1.0,57.5,20,99.950319,100.0,volatile
heuristic,Heuristic,1078,7.1229000000003,7.1229000000003,1.0,53.5,107,99.928771,100.0,volatile
pov,POV,1078,5.808000000000902,5.808000000000902,1.0,17.5,34,99.94192,100.0,volatile
random,Random,1078,6.782900000000154,6.782900000000154,1.0,40.5,62,99.932171,100.0,volatile
twap,TWAP,1078,3.291300000000774,3.291300000000774,1.0,57.5,20,99.967087,100.0,volatile
vwap,VWAP,1078,12.685999999999694,12.685999999999694,1.0,57.5,20,99.87314,100.0,volatile
ac,Almgren-Chriss,1079,5.538077153707842,5.538077153707842,1.0,57.5,20,100.004586,100.06,volatile
heuristic,Heuristic,1079,8.280831501098994,8.280831501098994,1.0,51.5,103,99.977142,100.06,volatile
pov,POV,1079,11.097741355187056,11.097741355187056,1.0,20.5,40,99.948956,100.06,volatile
random,Random,1079,7.191984809114142,7.191984809114142,1.0,39.0,63,99.988037,100.06,volatile
twap,TWAP,1079,1.72556466120324,1.72556466120324,1.0,57.5,20,100.042734,100.06,volatile
vwap,VWAP,1079,1.635918448930156,1.635918448930156,1.0,57.5,20,100.043631,100.06,volatile
ac,Almgren-Chriss,1080,7.367721297546357,7.367721297546357,1.0,57.5,20,99.961297,100.035,volatile
heuristic,Heuristic,1080,3.16239316239373,3.16239316239373,1.0,52.0,104,100.003365,100.035,volatile
pov,POV,1080,7.175288648972338,7.175288648972338,1.0,16.5,32,99.963222,100.035,volatile
random,Random,1080,3.733493277353104,3.733493277353104,1.0,38.5,63,99.997652,100.035,volatile
twap,TWAP,1080,10.514919778077097,10.514919778077097,1.0,57.5,20,99.929814,100.035,volatile
vwap,VWAP,1080,4.919078322586966,4.919078322586966,1.0,57.5,20,99.985792,100.035,volatile
ac,Almgren-Chriss,1081,6.141864533867372,6.141864533867372,1.0,57.5,20,99.963566,100.025,volatile
heuristic,Heuristic,1081,6.636040989751876,6.636040989751876,1.0,50.5,101,99.958623,100.025,volatile
pov,POV,1081,10.172756810798088,10.172756810798088,1.0,17.0,33,99.923247,100.025,volatile
random,Random,1081,10.951662084479413,10.951662084479413,1.0,41.0,70,99.915456,100.025,volatile
twap,TWAP,1081,-4.551462134467276,-4.551462134467276,1.0,57.5,20,100.07052600000002,100.025,volatile
vwap,VWAP,1081,13.880129967507328,13.880129967507328,1.0,57.5,20,99.886164,100.025,volatile
ac,Almgren-Chriss,1082,3.539753975397199,3.539753975397199,1.0,57.5,20,99.954606,99.99,volatile
heuristic,Heuristic,1082,-1.450745074507573,-1.450745074507573,1.0,54.5,109,100.004506,99.99,volatile
pov,POV,1082,7.735773577358318,7.735773577358318,1.0,16.5,32,99.91265,99.99,volatile
random,Random,1082,7.745174517451332,7.745174517451332,1.0,40.5,66,99.912556,99.99,volatile
twap,TWAP,1082,0.590459045903726,0.590459045903726,1.0,57.5,20,99.984096,99.99,volatile
vwap,VWAP,1082,2.783978397839737,2.783978397839737,1.0,57.5,20,99.962163,99.99,volatile
ac,Almgren-Chriss,1083,6.190009500475836,6.190009500475836,1.0,57.5,20,99.933103,99.995,volatile
heuristic,Heuristic,1083,1.2204610230513069,1.2204610230513069,1.0,53.0,106,99.982796,99.995,volatile
pov,POV,1083,10.104205210260176,10.104205210260176,1.0,17.0,33,99.893963,99.995,volatile
random,Random,1083,5.294164708235988,5.294164708235988,1.0,38.5,61,99.942061,99.995,volatile
twap,TWAP,1083,9.467073353667429,9.467073353667429,1.0,57.5,20,99.900334,99.995,volatile
vwap,VWAP,1083,-0.8967448372411897,-0.8967448372411897,1.0,57.5,20,100.003967,99.995,volatile
ac,Almgren-Chriss,1084,1.8375568551008568,1.8375568551008568,1.0,57.5,20,100.016618,100.035,volatile
heuristic,Heuristic,1084,-0.1738391562950726,-0.1738391562950726,1.0,60.0,120,100.036739,100.035,volatile
pov,POV,1084,8.991253061428086,8.991253061428086,1.0,16.0,31,99.945056,100.035,volatile
random,Random,1084,8.179637127006348,8.179637127006348,1.0,46.0,69,99.953175,100.035,volatile
twap,TWAP,1084,8.407857249962168,8.407857249962168,1.0,57.5,20,99.950892,100.035,volatile
vwap,VWAP,1084,-1.0458339581153406,-1.0458339581153406,1.0,57.5,20,100.045462,100.035,volatile
ac,Almgren-Chriss,1085,3.121131830225865,3.121131830225865,1.0,57.5,20,99.983784,100.015,volatile
heuristic,Heuristic,1085,4.807078938159774,4.807078938159774,1.0,51.5,103,99.966922,100.015,volatile
pov,POV,1085,1.7066440033987131,1.7066440033987131,1.0,17.5,34,99.997931,100.015,volatile
random,Random,1085,8.208968654701327,8.208968654701327,1.0,34.0,57,99.932898,100.015,volatile
twap,TWAP,1085,1.2505124231370357,1.2505124231370357,1.0,57.5,20,100.002493,100.015,volatile
vwap,VWAP,1085,5.724341348798449,5.724341348798449,1.0,57.5,20,99.957748,100.015,volatile
ac,Almgren-Chriss,1086,11.383954011497346,11.383954011497346,1.0,57.5,20,99.911132,100.025,volatile
heuristic,Heuristic,1086,6.310822294427101,6.310822294427101,1.0,52.0,104,99.961876,100.025,volatile
pov,POV,1086,6.567958010498095,6.567958010498095,1.0,18.0,35,99.959304,100.025,volatile
random,Random,1086,6.217745563609755,6.217745563609755,1.0,40.5,66,99.962807,100.025,volatile
twap,TWAP,1086,3.874731317171213,3.874731317171213,1.0,57.5,20,99.986243,100.025,volatile
vwap,VWAP,1086,4.24893776555861,4.24893776555861,1.0,57.5,20,99.9825,100.025,volatile
ac,Almgren-Chriss,1087,0.1505849415066991,0.1505849415066991,1.0,57.5,20,100.008494,100.01,volatile
heuristic,Heuristic,1087,6.566843315667632,6.566843315667632,1.0,54.5,109,99.944325,100.01,volatile
pov,POV,1087,8.77052294770486,8.77052294770486,1.0,15.500000000000002,30,99.922286,100.01,volatile
random,Random,1087,6.306069393059876,6.306069393059876,1.0,42.5,64,99.94693300000002,100.01,volatile
twap,TWAP,1087,4.543845615438023,4.543845615438023,1.0,57.5,20,99.964557,100.01,volatile
vwap,VWAP,1087,7.555644435555929,7.555644435555929,1.0,57.5,20,99.934436,100.01,volatile
ac,Almgren-Chriss,1088,9.811133896863288,9.811133896863288,1.0,57.5,20,99.866923,99.965,volatile
heuristic,Heuristic,1088,3.6081628570006288,3.6081628570006288,1.0,47.0,94,99.928931,99.965,volatile
pov,POV,1088,16.87240534186974,16.87240534186974,1.0,15.000000000000002,29,99.796335,99.965,volatile
random,Random,1088,10.68604011404031,10.68604011404031,1.0,40.0,66,99.858177,99.965,volatile
twap,TWAP,1088,8.63872355324436,8.63872355324436,1.0,57.5,20,99.878643,99.965,volatile
vwap,VWAP,1088,-4.0843295153297925,-4.0843295153297925,1.0,57.5,20,100.005829,99.965,volatile
ac,Almgren-Chriss,1089,9.412635686058982,9.412635686058982,1.0,57.5,20,99.860916,99.955,volatile
heuristic,Heuristic,1089,4.206292831774832,4.206292831774832,1.0,45.5,91,99.912956,99.955,volatile
pov,POV,1089,13.965884648091777,13.965884648091777,1.0,16.5,32,99.815404,99.955,volatile
random,Random,1089,0.2196988644893752,0.2196988644893752,1.0,37.5,60,99.952804,99.955,volatile
twap,TWAP,1089,6.776249312190119,6.776249312190119,1.0,57.5,20,99.887268,99.955,volatile
vwap,VWAP,1089,1.8427292281521097,1.8427292281521097,1.0,57.5,20,99.936581,99.955,volatile
ac,Almgren-Chriss,1090,9.110400319855744,9.110400319855744,1.0,57.5,20,99.953855,100.045,volatile
heuristic,Heuristic,1090,3.961062108547584,-8.034184616922447,1.0012,58.5,117,100.00537155413504,100.045,volatile
pov,POV,1090,7.700734669398899,7.700734669398899,1.0,16.0,31,99.967958,100.045,volatile
random,Random,1090,3.659453246038634,3.659453246038634,1.0,35.5,60,100.008389,100.045,volatile
twap,TWAP,1090,-3.346693987705893,-3.346693987705893,1.0,57.5,20,100.078482,100.045,volatile
vwap,VWAP,1090,4.791943625367747,4.791943625367747,1.0,57.5,20,99.997059,100.045,volatile
ac,Almgren-Chriss,1091,6.926661000850059,6.926661000850059,1.0,57.5,20,99.945723,100.015,volatile
heuristic,Heuristic,1091,10.849955226205738,-35.100134979753406,1.0046,53.0,106,99.90648417280512,100.015,volatile
pov,POV,1091,13.668249762535387,13.668249762535387,1.0,16.5,32,99.878297,100.015,volatile
random,Random,1091,7.698745188221383,7.698745188221383,1.0,45.0,66,99.938001,100.015,volatile
twap,TWAP,1091,9.604659301105713,9.604659301105713,1.0,57.5,20,99.918939,100.015,volatile
vwap,VWAP,1091,8.352447132929722,8.352447132929722,1.0,57.5,20,99.931463,100.015,volatile
ac,Almgren-Chriss,1092,-0.9792551862029109,-0.9792551862029109,1.0,57.5,20,100.034795,100.025,volatile
heuristic,Heuristic,1092,6.115071232191332,6.115071232191332,1.0,52.0,104,99.963834,100.025,volatile
pov,POV,1092,5.25728567857956,5.25728567857956,1.0,16.5,32,99.972414,100.025,volatile
random,Random,1092,4.29992501874479,4.29992501874479,1.0,46.5,70,99.98199,100.025,volatile
twap,TWAP,1092,0.4418895276171935,0.4418895276171935,1.0,57.5,20,100.02058,100.025,volatile
vwap,VWAP,1092,4.343114221444185,4.343114221444185,1.0,57.5,20,99.981558,100.025,volatile
ac,Almgren-Chriss,1093,8.652228279897802,8.652228279897802,1.0,57.5,20,99.878508,99.965,volatile
heuristic,Heuristic,1093,3.967588656030365,3.967588656030365,1.0,47.5,95,99.925338,99.965,volatile
pov,POV,1093,8.13454709148193,8.13454709148193,1.0,15.500000000000002,30,99.883683,99.965,volatile
random,Random,1093,2.05872055219417,2.05872055219417,1.0,44.5,67,99.94442,99.965,volatile
twap,TWAP,1093,5.202420847296676,5.202420847296676,1.0,57.5,20,99.912994,99.965,volatile
vwap,VWAP,1093,7.106087130496043,7.106087130496043,1.0,57.5,20,99.893964,99.965,volatile
ac,Almgren-Chriss,1094,7.215760788038538,7.215760788038538,1.0,57.5,20,99.922846,99.995,volatile
heuristic,Heuristic,1094,11.210460523025986,11.210460523025986,1.0,55.0,110,99.882901,99.995,volatile
pov,POV,1094,8.343917195860652,8.343917195860652,1.0,18.5,36,99.911565,99.995,volatile
random,Random,1094,9.86329316465902,9.86329316465902,1.0,37.0,58,99.896372,99.995,volatile
twap,TWAP,1094,5.921496074804421,5.921496074804421,1.0,57.5,20,99.935788,99.995,volatile
vwap,VWAP,1094,2.802640132006382,2.802640132006382,1.0,57.5,20,99.966975,99.995,volatile
ac,Almgren-Chriss,1095,5.35989601559693,5.35989601559693,1.0,57.5,20,99.96139300000002,100.015,volatile
heuristic,Heuristic,1095,6.022496625506212,6.022496625506212,1.0,52.5,105,99.954766,100.015,volatile
pov,POV,1095,7.2197170424427775,7.2197170424427775,1.0,19.5,38,99.942792,100.015,volatile
random,Random,1095,3.9165125231221047,3.9165125231221047,1.0,40.0,66,99.975829,100.015,volatile
twap,TWAP,1095,6.616307553866807,6.616307553866807,1.0,57.5,20,99.948827,100.015,volatile
vwap,VWAP,1095,5.64125381192733,5.64125381192733,1.0,57.5,20,99.958579,100.015,volatile
ac,Almgren-Chriss,1096,1.7165724576058674,1.7165724576058674,1.0,57.5,20,99.937842,99.955,volatile
heuristic,Heuristic,1096,2.944925216347872,2.944925216347872,1.0,48.5,97,99.925564,99.955,volatile
pov,POV,1096,3.869941473663946,3.869941473663946,1.0,16.0,31,99.916318,99.955,volatile
random,Random,1096,8.343357488536641,-66.59406733029823,1.0075,38.5,61,99.87160397022332,99.955,volatile
twap,TWAP,1096,9.025461457655576,9.025461457655576,1.0,57.5,20,99.864786,99.955,volatile
vwap,VWAP,1096,1.3326997148713196,1.3326997148713196,1.0,57.5,20,99.941679,99.955,volatile
ac,Almgren-Chriss,1097,0.0490975451229242,0.0490975451229242,1.0,57.5,20,100.004509,100.005,volatile
heuristic,Heuristic,1097,10.82056630728248,4.82705864706666,1.0006,49.5,99,99.89678892664402,100.005,volatile
pov,POV,1097,17.761211939402948,17.761211939402948,1.0,14.000000000000002,27,99.827379,100.005,volatile
random,Random,1097,8.780160991950453,8.780160991950453,1.0,41.5,62,99.917194,100.005,volatile
twap,TWAP,1097,3.27073646317637,3.27073646317637,1.0,57.5,20,99.972291,100.005,volatile
vwap,VWAP,1097,6.303684815759299,6.303684815759299,1.0,57.5,20,99.94196,100.005,volatile
ac,Almgren-Chriss,1098,11.998900054997147,11.998900054997147,1.0,57.5,20,99.885005,100.005,volatile
heuristic,Heuristic,1098,1.4189290535471917,1.4189290535471917,1.0,52.0,104,99.99081,100.005,volatile
pov,POV,1098,15.035048247587271,15.035048247587271,1.0,14.500000000000002,28,99.854642,100.005,volatile
random,Random,1098,12.614669266536152,12.614669266536152,1.0,40.0,64,99.878847,100.005,volatile
twap,TWAP,1098,1.622318884055995,1.622318884055995,1.0,57.5,20,99.988776,100.005,volatile
vwap,VWAP,1098,9.860106994650245,9.860106994650245,1.0,57.5,20,99.906394,100.005,volatile
ac,Almgren-Chriss,1099,8.406742359825985,8.406742359825985,1.0,57.5,20,99.880962,99.965,volatile
heuristic,Heuristic,1099,4.045816035613143,4.045816035613143,1.0,51.5,103,99.924556,99.965,volatile
pov,POV,1099,12.884109438303616,12.884109438303616,1.0,18.5,36,99.836204,99.965,volatile
random,Random,1099,7.424398539488897,7.424398539488897,1.0,35.0,59,99.890782,99.965,volatile
twap,TWAP,1099,4.865502926023281,4.865502926023281,1.0,57.5,20,99.916362,99.965,volatile
vwap,VWAP,1099,2.1749612364322246,2.1749612364322246,1.0,57.5,20,99.943258,99.965,volatile
ac,Almgren-Chriss,1000,1.4926253687322588,1.4926253687322588,1.0,57.5,20,99.990073,100.005,high_latency
heuristic,Heuristic,1000,2.957382386371974,3.357932103394297,0.8924,60.0,120,99.97542469744508,100.005,high_latency
pov,POV,1000,4.705764711764543,4.705764711764543,1.0,54.5,107,99.95794,100.005,high_latency
random,Random,1000,4.739163041848294,4.739163041848294,1.0,46.5,73,99.957606,100.005,high_latency
twap,TWAP,1000,4.031498425078292,4.031498425078292,1.0,57.5,20,99.964683,100.005,high_latency
vwap,VWAP,1000,4.290885455727583,4.290885455727583,1.0,57.5,20,99.962089,100.005,high_latency
ac,Almgren-Chriss,1001,2.680634031701978,2.680634031701978,1.0,57.5,20,99.968195,99.995,high_latency
heuristic,Heuristic,1001,4.0910533590348725,4.510825541278495,0.9048,60.0,120,99.95409151193633,99.995,high_latency
pov,POV,1001,6.356917845891457,6.356917845891457,1.0,54.5,106,99.931434,99.995,high_latency
random,Random,1001,4.076927268290868,4.202910145507098,0.9632,60.0,95,99.95423276578072,99.995,high_latency
twap,TWAP,1001,4.556427821391969,4.556427821391969,1.0,57.5,20,99.949438,99.995,high_latency
vwap,VWAP,1001,4.089104455223411,4.089104455223411,1.0,57.5,20,99.954111,99.995,high_latency
ac,Almgren-Chriss,1002,4.701564921754643,4.701564921754643,1.0,57.5,20,99.957982,100.005,high_latency
heuristic,Heuristic,1002,2.543654889533714,2.870556472175879,0.9159,60.0,120,99.97956217927722,100.005,high_latency
pov,POV,1002,3.6305184740760015,3.6305184740760015,1.0,59.5,117,99.968693,100.005,high_latency
random,Random,1002,4.740262986850541,4.740262986850541,1.0,51.0,84,99.957595,100.005,high_latency
twap,TWAP,1002,4.245987700614559,4.245987700614559,1.0,57.5,20,99.962538,100.005,high_latency
vwap,VWAP,1002,5.187440627969006,5.187440627969006,1.0,57.5,20,99.953123,100.005,high_latency
ac,Almgren-Chriss,1003,2.9202460122999807,2.9202460122999807,1.0,57.5,20,99.965799,99.995,high_latency
heuristic,Heuristic,1003,3.031842521576712,3.4131706585333923,0.893,60.0,120,99.96468309070548,99.995,high_latency
pov,POV,1003,2.456122806140438,2.456122806140438,1.0,55.5,110,99.97044,99.995,high_latency
random,Random,1003,5.25666283314187,5.25666283314187,1.0,57.5,89,99.942436,99.995,high_latency
twap,TWAP,1003,1.7434871743581009,1.7434871743581009,1.0,57.5,20,99.977566,99.995,high_latency
vwap,VWAP,1003,0.7334366718327563,0.7334366718327563,1.0,57.5,20,99.987666,99.995,high_latency
ac,Almgren-Chriss,1004,2.503775566334552,2.503775566334552,1.0,57.5,20,99.959966,99.985,high_latency
heuristic,Heuristic,1004,2.5148176558615467,2.808521278191924,0.9141,60.0,120,99.95985559566788,99.985,high_latency
pov,POV,1004,4.415162274341923,4.415162274341923,1.0,55.0,106,99.940855,99.985,high_latency
random,Random,1004,5.479011715838663,5.683752562884223,0.9491,60.0,90,99.9302181013592,99.985,high_latency
twap,TWAP,1004,2.9857478621796067,2.9857478621796067,1.0,57.5,20,99.955147,99.985,high_latency
vwap,VWAP,1004,1.490023503524906,1.490023503524906,1.0,57.5,20,99.970102,99.985,high_latency
ac,Almgren-Chriss,1005,2.087104355217295,2.087104355217295,1.0,57.5,20,99.97413,99.995,high_latency
heuristic,Heuristic,1005,4.347950876516995,4.841742087104806,0.9155,60.0,120,99.95152266521028,99.995,high_latency
pov,POV,1005,4.731236561827858,4.731236561827858,1.0,59.0,112,99.94769,99.995,high_latency
random,Random,1005,4.484424221211844,4.484424221211844,1.0,59.5,96,99.950158,99.995,high_latency
twap,TWAP,1005,2.583729186459256,2.583729186459256,1.0,57.5,20,99.969164,99.995,high_latency
vwap,VWAP,1005,2.2877143857189424,2.2877143857189424,1.0,57.5,20,99.972124,99.995,high_latency
ac,Almgren-Chriss,1006,3.4223711185568124,3.4223711185568124,1.0,57.5,20,99.960778,99.995,high_latency
heuristic,Heuristic,1006,2.335842819537936,2.627131356568236,0.9125,60.0,120,99.97164273972604,99.995,high_latency
pov,POV,1006,5.060553027650571,5.060553027650571,1.0,60.0,117,99.944397,99.995,high_latency
random,Random,1006,3.876993849692487,3.876993849692487,1.0,56.0,88,99.956232,99.995,high_latency
twap,TWAP,1006,1.9134956747831948,1.9134956747831948,1.0,57.5,20,99.975866,99.995,high_latency
vwap,VWAP,1006,2.729636481823553,2.729636481823553,1.0,57.5,20,99.967705,99.995,high_latency
ac,Almgren-Chriss,1007,3.045747712613534,3.045747712613534,1.0,57.5,20,99.97454100000002,100.005,high_latency
heuristic,Heuristic,1007,3.108545013278328,3.557522123893191,0.908,60.0,120,99.97391299559472,100.005,high_latency
pov,POV,1007,4.231588420578538,4.231588420578538,1.0,57.5,110,99.962682,100.005,high_latency
random,Random,1007,5.222738863056804,5.222738863056804,1.0,54.0,92,99.95277,100.005,high_latency
twap,TWAP,1007,3.646817659117888,3.646817659117888,1.0,57.5,20,99.96853,100.005,high_latency
vwap,VWAP,1007,2.523673816310032,2.523673816310032,1.0,57.5,20,99.979762,100.005,high_latency
ac,Almgren-Chriss,1008,3.2760638031907066,3.2760638031907066,1.0,57.5,20,99.962241,99.995,high_latency
heuristic,Heuristic,1008,1.9004693079215165,2.1807090354514584,0.9084,60.0,120,99.97599625715544,99.995,high_latency
pov,POV,1008,2.399219960998594,2.399219960998594,1.0,57.5,111,99.971009,99.995,high_latency
random,Random,1008,4.335916795839426,4.335916795839426,1.0,49.5,82,99.951643,99.995,high_latency
twap,TWAP,1008,4.112605630281494,4.112605630281494,1.0,57.5,20,99.953876,99.995,high_latency
vwap,VWAP,1008,2.002900145007457,2.002900145007457,1.0,57.5,20,99.974972,99.995,high_latency
ac,Almgren-Chriss,1009,3.206839658017434,3.206839658017434,1.0,57.5,20,99.97293,100.005,high_latency
heuristic,Heuristic,1009,3.5116652236671926,3.919904004799126,0.9121,60.0,120,99.96988159193072,100.005,high_latency
pov,POV,1009,2.879356032197488,2.879356032197488,1.0,53.0,104,99.976205,100.005,high_latency
random,Random,1009,5.253837308134701,5.253837308134701,1.0,57.0,98,99.952459,100.005,high_latency
twap,TWAP,1009,3.511724413778825,3.511724413778825,1.0,57.5,20,99.969881,100.005,high_latency
vwap,VWAP,1009,3.5576221188945527,3.5576221188945527,1.0,57.5,20,99.969422,100.005,high_latency
ac,Almgren-Chriss,1010,6.351517575877947,6.351517575877947,1.0,57.5,20,99.93148800000002,99.995,high_latency
heuristic,Heuristic,1010,4.355450136264564,4.75553777688956,0.8973,60.0,120,99.95144767636242,99.995,high_latency
pov,POV,1010,4.158207910394967,4.158207910394967,1.0,60.0,117,99.95342,99.995,high_latency
random,Random,1010,4.244012200610223,4.244012200610223,1.0,57.0,95,99.952562,99.995,high_latency
twap,TWAP,1010,5.66148307415417,5.66148307415417,1.0,57.5,20,99.938388,99.995,high_latency
vwap,VWAP,1010,4.544727236361789,4.544727236361789,1.0,57.5,20,99.949555,99.995,high_latency
ac,Almgren-Chriss,1011,2.1229184377662675,2.1229184377662675,1.0,57.5,20,99.963774,99.985,high_latency
heuristic,Heuristic,1011,1.7005006382166483,1.9175876381448809,0.8959,60.0,120,99.9679975443688,99.985,high_latency
pov,POV,1011,2.5821873280991445,2.5821873280991445,1.0,59.5,116,99.959182,99.985,high_latency
random,Random,1011,5.181677251587121,5.181677251587121,1.0,58.0,94,99.933191,99.985,high_latency
twap,TWAP,1011,5.976196429464481,5.976196429464481,1.0,57.5,20,99.925247,99.985,high_latency
vwap,VWAP,1011,2.6948042206334093,2.6948042206334093,1.0,57.5,20,99.958056,99.985,high_latency
ac,Almgren-Chriss,1012,4.219189040547923,4.219189040547923,1.0,57.5,20,99.962806,100.005,high_latency
heuristic,Heuristic,1012,1.5857848138838555,1.855607219639088,0.9154,60.0,120,99.98914135896877,100.005,high_latency
pov,POV,1012,4.684765761711406,4.684765761711406,1.0,58.5,113,99.95815,100.005,high_latency
random,Random,1012,1.9295035248232408,1.9295035248232408,1.0,57.5,93,99.985704,100.005,high_latency
twap,TWAP,1012,2.948052597370856,2.948052597370856,1.0,57.5,20,99.975518,100.005,high_latency
vwap,VWAP,1012,1.4236288185584434,1.4236288185584434,1.0,57.5,20,99.99076300000002,100.005,high_latency
ac,Almgren-Chriss,1013,0.9823491174555412,0.9823491174555412,1.0,57.5,20,99.985177,99.995,high_latency
heuristic,Heuristic,1013,3.1836322619315323,3.494074703734672,0.9064,60.0,120,99.96316526919682,99.995,high_latency
pov,POV,1013,3.1419570978543137,3.1419570978543137,1.0,53.0,101,99.963582,99.995,high_latency
random,Random,1013,3.673783689184538,3.673783689184538,1.0,50.0,90,99.958264,99.995,high_latency
twap,TWAP,1013,3.44897244862255,3.44897244862255,1.0,57.5,20,99.960512,99.995,high_latency
vwap,VWAP,1013,4.402820141006488,4.402820141006488,1.0,57.5,20,99.950974,99.995,high_latency
ac,Almgren-Chriss,1014,5.588179408970894,5.588179408970894,1.0,57.5,20,99.939121,99.995,high_latency
heuristic,Heuristic,1014,3.706067656323351,3.9959997999906,0.8976,60.0,120,99.9579411764706,99.995,high_latency
pov,POV,1014,4.8520426021304734,4.8520426021304734,1.0,56.0,109,99.946482,99.995,high_latency
random,Random,1014,6.358244804649756,6.500525026251718,0.9657,60.0,93,99.9314207310759,99.995,high_latency
twap,TWAP,1014,4.358417920896624,4.358417920896624,1.0,57.5,20,99.951418,99.995,high_latency
vwap,VWAP,1014,3.900695034751476,3.900695034751476,1.0,57.5,20,99.955995,99.995,high_latency
ac,Almgren-Chriss,1015,2.5314734263289367,2.5314734263289367,1.0,57.5,20,99.979684,100.005,high_latency
heuristic,Heuristic,1015,1.3440062554461445,1.6434178291086754,0.8985,60.0,120,99.99155926544242,100.005,high_latency
pov,POV,1015,5.252337383130646,5.252337383130646,1.0,57.0,111,99.952474,100.005,high_latency
random,Random,1015,2.325683715814736,2.325683715814736,1.0,51.0,85,99.981742,100.005,high_latency
twap,TWAP,1015,2.6496675166234005,2.6496675166234005,1.0,57.5,20,99.978502,100.005,high_latency
vwap,VWAP,1015,3.515124243786925,3.515124243786925,1.0,57.5,20,99.96984700000002,100.005,high_latency
ac,Almgren-Chriss,1016,4.62216889155562,4.62216889155562,1.0,57.5,20,99.958776,100.005,high_latency
heuristic,Heuristic,1016,3.425437681375074,3.590520473976953,0.9114,60.0,120,99.9707439104674,100.005,high_latency
pov,POV,1016,5.09484525773757,5.09484525773757,1.0,58.5,115,99.954049,100.005,high_latency
random,Random,1016,4.179709047334733,4.2833858307091255,0.976,60.0,97,99.96320081967212,100.005,high_latency
twap,TWAP,1016,3.788910554472239,3.788910554472239,1.0,57.5,20,99.967109,100.005,high_latency
vwap,VWAP,1016,3.2838358082092403,3.2838358082092403,1.0,57.5,20,99.97216,100.005,high_latency
ac,Almgren-Chriss,1017,2.611191678752194,2.611191678752194,1.0,57.5,20,99.958892,99.985,high_latency
heuristic,Heuristic,1017,4.785222629110949,5.255988398259343,0.8977,60.0,120,99.93715495154284,99.985,high_latency
pov,POV,1017,3.61944291643695,3.61944291643695,1.0,55.0,109,99.948811,99.985,high_latency
random,Random,1017,1.8437150954704216,1.9782967445108328,0.9632,60.0,94,99.96656561461792,99.985,high_latency
twap,TWAP,1017,4.311746762015108,4.311746762015108,1.0,57.5,20,99.941889,99.985,high_latency
vwap,VWAP,1017,1.7351602740405765,1.7351602740405765,1.0,57.5,20,99.967651,99.985,high_latency
ac,Almgren-Chriss,1018,3.0237511875598204,3.0237511875598204,1.0,57.5,20,99.964764,99.995,high_latency
heuristic,Heuristic,1018,2.5394214564484714,3.0274513725683696,0.8958,60.0,120,99.96960705514624,99.995,high_latency
pov,POV,1018,3.9992999649991576,3.9992999649991576,1.0,56.5,111,99.955009,99.995,high_latency
random,Random,1018,4.569228461422576,4.569228461422576,1.0,47.0,79,99.94931,99.995,high_latency
twap,TWAP,1018,3.022951147558021,3.022951147558021,1.0,57.5,20,99.964772,99.995,high_latency
vwap,VWAP,1018,3.1484574228718887,3.1484574228718887,1.0,57.5,20,99.963517,99.995,high_latency
ac,Almgren-Chriss,1019,3.869693484674933,3.869693484674933,1.0,57.5,20,99.956305,99.995,high_latency
heuristic,Heuristic,1019,3.5435288063275,3.9374968748433377,0.8927,60.0,120,99.95956648370112,99.995,high_latency
pov,POV,1019,2.362518125906275,2.362518125906275,1.0,60.0,116,99.971376,99.995,high_latency
random,Random,1019,4.628062019042955,5.036851842591582,0.8832,60.0,88,99.94872169384058,99.995,high_latency
twap,TWAP,1019,3.876193809690688,3.876193809690688,1.0,57.5,20,99.95624,99.995,high_latency
vwap,VWAP,1019,3.83619180958981,3.83619180958981,1.0,57.5,20,99.95664,99.995,high_latency
ac,Almgren-Chriss,1020,3.8092904645236247,3.8092904645236247,1.0,57.5,20,99.956909,99.995,high_latency
heuristic,Heuristic,1020,3.949577990117402,4.348217410870499,0.8959,60.0,120,99.95550619488782,99.995,high_latency
pov,POV,1020,3.580979048952174,3.580979048952174,1.0,59.0,114,99.959192,99.995,high_latency
random,Random,1020,4.53392669633477,4.53392669633477,1.0,51.0,81,99.949663,99.995,high_latency
twap,TWAP,1020,4.732936646832819,4.732936646832819,1.0,57.5,20,99.947673,99.995,high_latency
vwap,VWAP,1020,5.1273563678180905,5.1273563678180905,1.0,57.5,20,99.943729,99.995,high_latency
ac,Almgren-Chriss,1021,5.333966698334142,5.333966698334142,1.0,57.5,20,99.941663,99.995,high_latency
heuristic,Heuristic,1021,3.604237437758096,4.119805990299507,0.8947,60.0,120,99.95895942774114,99.995,high_latency
pov,POV,1021,3.641682084103929,3.641682084103929,1.0,55.5,108,99.958585,99.995,high_latency
random,Random,1021,5.208860443022084,5.208860443022084,1.0,60.0,99,99.942914,99.995,high_latency
twap,TWAP,1021,5.542977148857411,5.542977148857411,1.0,57.5,20,99.939573,99.995,high_latency
vwap,VWAP,1021,5.1995599779991215,5.1995599779991215,1.0,57.5,20,99.943007,99.995,high_latency
ac,Almgren-Chriss,1022,3.723030757690287,3.723030757690287,1.0,57.5,20,99.937779,99.975,high_latency
heuristic,Heuristic,1022,3.391877869800246,3.782345586396448,0.903,60.0,120,99.94108970099668,99.975,high_latency
pov,POV,1022,3.702225556389726,3.702225556389726,1.0,60.0,117,99.937987,99.975,high_latency
random,Random,1022,4.182891751118879,4.271867966991984,0.9794,60.0,93,99.9331815397182,99.975,high_latency
twap,TWAP,1022,2.909527381844707,2.909527381844707,1.0,57.5,20,99.945912,99.975,high_latency
vwap,VWAP,1022,3.1203800950237475,3.1203800950237475,1.0,57.5,20,99.943804,99.975,high_latency
ac,Almgren-Chriss,1023,4.321783910804577,4.321783910804577,1.0,57.5,20,99.96178,100.005,high_latency
heuristic,Heuristic,1023,4.912512348116782,5.154342282885702,0.9061,60.0,120,99.95587242026266,100.005,high_latency
pov,POV,1023,3.100344982751328,3.100344982751328,1.0,60.0,118,99.973995,100.005,high_latency
random,Random,1023,5.130143492825368,5.130143492825368,1.0,53.0,82,99.953696,100.005,high_latency
twap,TWAP,1023,4.859057047147719,4.859057047147719,1.0,57.5,20,99.956407,100.005,high_latency
vwap,VWAP,1023,4.4690765461733495,4.4690765461733495,1.0,57.5,20,99.960307,100.005,high_latency
ac,Almgren-Chriss,1024,3.821791089553785,3.821791089553785,1.0,57.5,20,99.956784,99.995,high_latency
heuristic,Heuristic,1024,3.5872570749736843,4.075603780188727,0.8969,60.0,120,99.9591292228788,99.995,high_latency
pov,POV,1024,5.693584679234779,5.693584679234779,1.0,50.5,99,99.938067,99.995,high_latency
random,Random,1024,4.217910895544017,4.217910895544017,1.0,53.5,90,99.952823,99.995,high_latency
twap,TWAP,1024,3.563678183909399,3.563678183909399,1.0,57.5,20,99.959365,99.995,high_latency
vwap,VWAP,1024,3.819690984548835,3.819690984548835,1.0,57.5,20,99.956805,99.995,high_latency
ac,Almgren-Chriss,1025,5.057752887645182,5.057752887645182,1.0,57.5,20,99.944425,99.995,high_latency
heuristic,Heuristic,1025,2.017448259325627,2.2398119905996143,0.9108,60.0,120,99.97482652613088,99.995,high_latency
pov,POV,1025,5.620281014051503,5.620281014051503,1.0,56.0,111,99.9388,99.995,high_latency
random,Random,1025,3.7538876943840176,3.7538876943840176,1.0,50.0,80,99.957463,99.995,high_latency
twap,TWAP,1025,4.880144007200267,4.880144007200267,1.0,57.5,20,99.946201,99.995,high_latency
vwap,VWAP,1025,3.892694634731664,3.892694634731664,1.0,57.5,20,99.956075,99.995,high_latency
ac,Almgren-Chriss,1026,2.755637781888396,2.755637781888396,1.0,57.5,20,99.967445,99.995,high_latency
heuristic,Heuristic,1026,3.46388062005003,3.918095904795612,0.8955,60.0,120,99.96036292573982,99.995,high_latency
pov,POV,1026,2.8182409120460155,2.8182409120460155,1.0,56.0,109,99.966819,99.995,high_latency
random,Random,1026,3.9366968348415385,3.9366968348415385,1.0,47.0,75,99.955635,99.995,high_latency
twap,TWAP,1026,2.777838891945147,2.777838891945147,1.0,57.5,20,99.967223,99.995,high_latency
vwap,VWAP,1026,3.468073403669828,3.468073403669828,1.0,57.5,20,99.960321,99.995,high_latency
ac,Almgren-Chriss,1027,3.0062496875158367,3.0062496875158367,1.0,57.5,20,99.974936,100.005,high_latency
heuristic,Heuristic,1027,3.366875346630291,3.837808109594258,0.9018,60.0,120,99.97132956309602,100.005,high_latency
pov,POV,1027,4.33118344082708,4.33118344082708,1.0,51.0,99,99.961686,100.005,high_latency
random,Random,1027,4.010697285570997,2.0114994250285654,1.0002,44.5,75,99.96489102179564,100.005,high_latency
twap,TWAP,1027,4.009599520023813,4.009599520023813,1.0,57.5,20,99.964902,100.005,high_latency
vwap,VWAP,1027,4.100394980250746,4.100394980250746,1.0,57.5,20,99.963994,100.005,high_latency
ac,Almgren-Chriss,1028,4.032398380081453,4.032398380081453,1.0,57.5,20,99.964674,100.005,high_latency
heuristic,Heuristic,1028,3.004312078014516,3.261436928153409,0.8964,60.0,120,99.97495537706382,100.005,high_latency
pov,POV,1028,3.4073296335176693,3.4073296335176693,1.0,60.0,114,99.970925,100.005,high_latency
random,Random,1028,4.753732152600736,-8.240087995600103,1.0013,54.5,89,99.95746030160792,100.005,high_latency
twap,TWAP,1028,4.302084895754589,4.302084895754589,1.0,57.5,20,99.961977,100.005,high_latency
vwap,VWAP,1028,5.8020098995044025,5.8020098995044025,1.0,57.5,20,99.946977,100.005,high_latency
ac,Almgren-Chriss,1029,4.121681747738744,4.121681747738744,1.0,57.5,20,99.973777,100.015,high_latency
heuristic,Heuristic,1029,3.462896543480109,3.826226066090817,0.9075,60.0,120,99.9803658402204,100.015,high_latency
pov,POV,1029,2.706194070888892,2.706194070888892,1.0,53.5,106,99.987934,100.015,high_latency
random,Random,1029,4.547517872318422,4.547517872318422,1.0,59.5,94,99.969518,100.015,high_latency
twap,TWAP,1029,2.3065540168970524,2.3065540168970524,1.0,57.5,20,99.991931,100.015,high_latency
vwap,VWAP,1029,1.503374493825932,1.503374493825932,1.0,57.5,20,99.999964,100.015,high_latency
ac,Almgren-Chriss,1030,2.619469026548664,2.619469026548664,1.0,57.5,20,99.978804,100.005,high_latency
heuristic,Heuristic,1030,2.709629237416561,3.0685465726711745,0.9053,60.0,120,99.9779023528112,100.005,high_latency
pov,POV,1030,2.927253637318623,2.927253637318623,1.0,57.5,113,99.975726,100.005,high_latency
random,Random,1030,5.079146042698397,5.079146042698397,1.0,52.0,89,99.954206,100.005,high_latency
twap,TWAP,1030,3.531523423828354,3.531523423828354,1.0,57.5,20,99.969683,100.005,high_latency
vwap,VWAP,1030,3.9891005449720263,3.9891005449720263,1.0,57.5,20,99.965107,100.005,high_latency
ac,Almgren-Chriss,1031,5.950897544877367,5.950897544877367,1.0,57.5,20,99.935494,99.995,high_latency
heuristic,Heuristic,1031,3.245980600112187,3.680884044203008,0.9147,60.0,120,99.9625418169892,99.995,high_latency
pov,POV,1031,5.082854142706864,5.082854142706864,1.0,56.0,110,99.944174,99.995,high_latency
random,Random,1031,4.433750623184317,4.492524626231198,0.9884,60.0,96,99.95066471064348,99.995,high_latency
twap,TWAP,1031,3.909295464774001,3.909295464774001,1.0,57.5,20,99.955909,99.995,high_latency
vwap,VWAP,1031,2.600030001499327,2.600030001499327,1.0,57.5,20,99.969001,99.995,high_latency
ac,Almgren-Chriss,1032,4.878531779767172,4.878531779767172,1.0,57.5,20,99.936222,99.985,high_latency
heuristic,Heuristic,1032,3.50712045724905,3.954493173976527,0.8947,60.0,120,99.9499340561082,99.985,high_latency
pov,POV,1032,4.141221183178108,4.141221183178108,1.0,57.0,113,99.943594,99.985,high_latency
random,Random,1032,3.6328449267383154,3.6328449267383154,1.0,57.0,96,99.948677,99.985,high_latency
twap,TWAP,1032,5.195279291893391,5.195279291893391,1.0,57.5,20,99.933055,99.985,high_latency
vwap,VWAP,1032,3.538330749612503,3.538330749612503,1.0,57.5,20,99.949622,99.985,high_latency
ac,Almgren-Chriss,1033,3.5824626306059475,3.5824626306059475,1.0,57.5,20,99.97917,100.015,high_latency
heuristic,Heuristic,1033,3.2470333329221845,3.560365945108636,0.9074,60.0,120,99.9825247961208,100.015,high_latency
pov,POV,1033,4.093885917111677,4.093885917111677,1.0,56.5,111,99.974055,100.015,high_latency
random,Random,1033,3.6246563015551714,3.6246563015551714,1.0,54.0,90,99.978748,100.015,high_latency
twap,TWAP,1033,2.849672549117289,2.849672549117289,1.0,57.5,20,99.986499,100.015,high_latency
vwap,VWAP,1033,3.9079138129276094,3.9079138129276094,1.0,57.5,20,99.975915,100.015,high_latency
ac,Almgren-Chriss,1034,5.258237088145506,5.258237088145506,1.0,57.5,20,99.952415,100.005,high_latency
heuristic,Heuristic,1034,3.707524826483815,4.126093695315135,0.9027,60.0,120,99.96792289797276,100.005,high_latency
pov,POV,1034,4.448277586121116,4.448277586121116,1.0,48.0,93,99.960515,100.005,high_latency
random,Random,1034,4.739463026848742,4.739463026848742,1.0,53.0,83,99.957603,100.005,high_latency
twap,TWAP,1034,4.04199790010486,4.04199790010486,1.0,57.5,20,99.964578,100.005,high_latency
vwap,VWAP,1034,2.489075546222672,2.489075546222672,1.0,57.5,20,99.980108,100.005,high_latency
ac,Almgren-Chriss,1035,3.702814859256557,3.702814859256557,1.0,57.5,20,99.96797,100.005,high_latency
heuristic,Heuristic,1035,4.387541355742633,4.857357132142758,0.9061,60.0,120,99.9611223926719,100.005,high_latency
pov,POV,1035,5.327633618319311,5.327633618319311,1.0,51.0,100,99.951721,100.005,high_latency
random,Random,1035,4.493075346232779,4.493075346232779,1.0,59.0,95,99.960067,100.005,high_latency
twap,TWAP,1035,4.294585270736131,4.294585270736131,1.0,57.5,20,99.962052,100.005,high_latency
vwap,VWAP,1035,3.456627168641498,3.456627168641498,1.0,57.5,20,99.970432,100.005,high_latency
ac,Almgren-Chriss,1036,2.2687134356712075,2.2687134356712075,1.0,57.5,20,99.972314,99.995,high_latency
heuristic,Heuristic,1036,3.717682047224994,4.061303065154064,0.9122,60.0,120,99.95782503836878,99.995,high_latency
pov,POV,1036,4.739936996849927,4.739936996849927,1.0,56.0,110,99.947603,99.995,high_latency
random,Random,1036,2.652812324869842,2.795939796989721,0.9628,60.0,94,99.96847320315749,99.995,high_latency
twap,TWAP,1036,4.119505975299059,4.119505975299059,1.0,57.5,20,99.953807,99.995,high_latency
vwap,VWAP,1036,3.8958947947388607,3.8958947947388607,1.0,57.5,20,99.956043,99.995,high_latency
ac,Almgren-Chriss,1037,3.5602780139012973,3.5602780139012973,1.0,57.5,20,99.959399,99.995,high_latency
heuristic,Heuristic,1037,3.045637306451337,3.586879343967035,0.8948,60.0,120,99.96454514975414,99.995,high_latency
pov,POV,1037,6.701235061752907,6.701235061752907,1.0,53.0,101,99.927991,99.995,high_latency
random,Random,1037,2.7267363368168027,2.7267363368168027,1.0,56.5,92,99.967734,99.995,high_latency
twap,TWAP,1037,5.660283014150562,5.660283014150562,1.0,57.5,20,99.9384,99.995,high_latency
vwap,VWAP,1037,4.356217810890311,4.356217810890311,1.0,57.5,20,99.95144,99.995,high_latency
ac,Almgren-Chriss,1038,4.25238738063077,4.25238738063077,1.0,57.5,20,99.962474,100.005,high_latency
heuristic,Heuristic,1038,2.541819402479235,2.9057547122641334,0.9083,60.0,120,99.97958053506552,100.005,high_latency
pov,POV,1038,3.2252387380624508,3.2252387380624508,1.0,57.0,113,99.972746,100.005,high_latency
random,Random,1038,5.548038688755257,5.959902004899286,0.9086,60.0,96,99.9495168390931,100.005,high_latency
twap,TWAP,1038,3.989600519973379,3.989600519973379,1.0,57.5,20,99.965102,100.005,high_latency
vwap,VWAP,1038,2.9037548122587262,2.9037548122587262,1.0,57.5,20,99.975961,100.005,high_latency
ac,Almgren-Chriss,1039,4.301515075752961,4.301515075752961,1.0,57.5,20,99.95198700000002,99.995,high_latency
heuristic,Heuristic,1039,2.0863914263497176,2.4047202360116464,0.9028,60.0,120,99.9741371289322,99.995,high_latency
pov,POV,1039,3.675583779189041,3.675583779189041,1.0,60.0,117,99.958246,99.995,high_latency
random,Random,1039,4.417320866043876,4.417320866043876,1.0,57.5,94,99.950829,99.995,high_latency
twap,TWAP,1039,2.7516375818793994,2.7516375818793994,1.0,57.5,20,99.967485,99.995,high_latency
vwap,VWAP,1039,3.821091054553348,3.821091054553348,1.0,57.5,20,99.956791,99.995,high_latency
ac,Almgren-Chriss,1040,1.8875943797197137,1.8875943797197137,1.0,57.5,20,99.976125,99.995,high_latency
heuristic,Heuristic,1040,3.3650450614447003,3.7246862343119775,0.9051,60.0,120,99.96135123190808,99.995,high_latency
pov,POV,1040,4.01020051002572,4.01020051002572,1.0,53.5,103,99.9549,99.995,high_latency
random,Random,1040,4.456959559968741,4.575028751437895,0.9708,60.0,90,99.9504326328801,99.995,high_latency
twap,TWAP,1040,5.202460123005872,5.202460123005872,1.0,57.5,20,99.942978,99.995,high_latency
vwap,VWAP,1040,2.128806440321315,2.128806440321315,1.0,57.5,20,99.973713,99.995,high_latency
ac,Almgren-Chriss,1041,4.0598970051503445,4.0598970051503445,1.0,57.5,20,99.964399,100.005,high_latency
heuristic,Heuristic,1041,4.450865013335905,5.019749012549809,0.9057,60.0,120,99.96048912443412,100.005,high_latency
pov,POV,1041,3.284735763212401,3.284735763212401,1.0,52.5,104,99.972151,100.005,high_latency
random,Random,1041,5.545722713864584,5.545722713864584,1.0,53.5,91,99.94954,100.005,high_latency
twap,TWAP,1041,3.3479326033690806,3.3479326033690806,1.0,57.5,20,99.971519,100.005,high_latency
vwap,VWAP,1041,4.8999550022499285,4.8999550022499285,1.0,57.5,20,99.955998,100.005,high_latency
ac,Almgren-Chriss,1042,3.116055802790832,3.116055802790832,1.0,57.5,20,99.963841,99.995,high_latency
heuristic,Heuristic,1042,3.2797170584782003,3.6986849342471344,0.895,60.0,120,99.96220446927374,99.995,high_latency
pov,POV,1042,0.7900395019759718,0.7900395019759718,1.0,54.0,105,99.9871,99.995,high_latency
random,Random,1042,3.613180659032326,3.613180659032326,1.0,51.5,87,99.95887,99.995,high_latency
twap,TWAP,1042,3.532476623831951,3.532476623831951,1.0,57.5,20,99.959677,99.995,high_latency
vwap,VWAP,1042,5.262663133156274,5.262663133156274,1.0,57.5,20,99.942376,99.995,high_latency
ac,Almgren-Chriss,1043,0.487451254873785,0.487451254873785,1.0,57.5,20,100.005125,100.01,high_latency
heuristic,Heuristic,1043,2.909504834162705,3.316068393160388,0.9157,60.0,120,99.98090204215356,100.01,high_latency
pov,POV,1043,4.647535246474581,4.647535246474581,1.0,52.5,102,99.96352000000002,100.01,high_latency
random,Random,1043,4.234776522346933,4.234776522346933,1.0,55.0,89,99.967648,100.01,high_latency
twap,TWAP,1043,6.094690530947767,6.094690530947767,1.0,57.5,20,99.949047,100.01,high_latency
vwap,VWAP,1043,3.447955204479569,3.447955204479569,1.0,57.5,20,99.975517,100.01,high_latency
ac,Almgren-Chriss,1044,3.525776288815291,3.525776288815291,1.0,57.5,20,99.959744,99.995,high_latency
heuristic,Heuristic,1044,3.740840993003506,4.122306115306266,0.9175,60.0,120,99.95759346049046,99.995,high_latency
pov,POV,1044,4.642232111605406,4.642232111605406,1.0,52.0,101,99.94858,99.995,high_latency
random,Random,1044,4.147107355367501,4.147107355367501,1.0,60.0,93,99.953531,99.995,high_latency
twap,TWAP,1044,3.131156557827295,3.131156557827295,1.0,57.5,20,99.96369,99.995,high_latency
vwap,VWAP,1044,3.823591179558288,3.823591179558288,1.0,57.5,20,99.95676600000002,99.995,high_latency
ac,Almgren-Chriss,1045,2.7708614569277943,2.7708614569277943,1.0,57.5,20,99.97729,100.005,high_latency
heuristic,Heuristic,1045,2.7522131437711463,3.1110444477769827,0.9146,60.0,120,99.97747649245572,100.005,high_latency
pov,POV,1045,4.739463026848742,4.739463026848742,1.0,53.5,104,99.957603,100.005,high_latency
random,Random,1045,3.5698215089242624,3.5698215089242624,1.0,53.5,88,99.9693,100.005,high_latency
twap,TWAP,1045,5.656217189139685,5.656217189139685,1.0,57.5,20,99.94843500000002,100.005,high_latency
vwap,VWAP,1045,3.773811309433961,3.773811309433961,1.0,57.5,20,99.96726,100.005,high_latency
ac,Almgren-Chriss,1046,2.5869293464664533,2.5869293464664533,1.0,57.5,20,99.96913200000002,99.995,high_latency
heuristic,Heuristic,1046,3.861397083231735,4.164408220410276,0.897,60.0,120,99.95638795986622,99.995,high_latency
pov,POV,1046,3.8998949947496766,3.8998949947496766,1.0,54.0,106,99.956003,99.995,high_latency
random,Random,1046,5.3424671233553065,5.3424671233553065,1.0,52.5,82,99.941578,99.995,high_latency
twap,TWAP,1046,3.493374668734234,3.493374668734234,1.0,57.5,20,99.960068,99.995,high_latency
vwap,VWAP,1046,4.2893144657232485,4.2893144657232485,1.0,57.5,20,99.952109,99.995,high_latency
ac,Almgren-Chriss,1047,2.797239861992873,2.797239861992873,1.0,57.5,20,99.967029,99.995,high_latency
heuristic,Heuristic,1047,3.893377736506073,4.234611730585898,0.9095,60.0,120,99.9560681693238,99.995,high_latency
pov,POV,1047,3.9022951147550735,3.9022951147550735,1.0,59.0,113,99.955979,99.995,high_latency
random,Random,1047,3.0479523976201603,3.0479523976201603,1.0,58.0,90,99.964522,99.995,high_latency
twap,TWAP,1047,4.211510575529624,4.211510575529624,1.0,57.5,20,99.952887,99.995,high_latency
vwap,VWAP,1047,1.9409970498520936,1.9409970498520936,1.0,57.5,20,99.975591,99.995,high_latency
ac,Almgren-Chriss,1048,3.3241337933105557,3.3241337933105557,1.0,57.5,20,99.971757,100.005,high_latency
heuristic,Heuristic,1048,4.526963984127221,4.7882605869712185,0.8937,60.0,120,99.95972809667674,100.005,high_latency
pov,POV,1048,5.178041097944684,5.178041097944684,1.0,57.5,113,99.953217,100.005,high_latency
random,Random,1048,3.4876256187198527,3.4876256187198527,1.0,57.5,94,99.970122,100.005,high_latency
twap,TWAP,1048,6.615569221539616,6.615569221539616,1.0,57.5,20,99.938841,100.005,high_latency
vwap,VWAP,1048,2.6444677766107967,2.6444677766107967,1.0,57.5,20,99.978554,100.005,high_latency
ac,Almgren-Chriss,1049,3.624018799060248,3.624018799060248,1.0,57.5,20,99.968758,100.005,high_latency
heuristic,Heuristic,1049,1.8500920385145585,2.0061996900146,0.8941,60.0,120,99.98649815456884,100.005,high_latency
pov,POV,1049,5.270736463177481,5.270736463177481,1.0,55.5,108,99.95229,100.005,high_latency
random,Random,1049,5.603044838819586,6.651667416629212,0.8391,60.0,89,99.94896675008938,100.005,high_latency
twap,TWAP,1049,3.4401279936005262,3.4401279936005262,1.0,57.5,20,99.970597,100.005,high_latency
vwap,VWAP,1049,4.225088745562783,4.225088745562783,1.0,57.5,20,99.962747,100.005,high_latency
ac,Almgren-Chriss,1050,3.465426728663107,3.465426728663107,1.0,57.5,20,99.970344,100.005,high_latency
heuristic,Heuristic,1050,4.071303464704231,4.504074796260699,0.9104,60.0,120,99.96428492970122,100.005,high_latency
pov,POV,1050,4.151492425379077,4.151492425379077,1.0,60.0,116,99.963483,100.005,high_latency
random,Random,1050,5.134243287835725,5.134243287835725,1.0,57.5,83,99.953655,100.005,high_latency
twap,TWAP,1050,4.463876806158926,4.463876806158926,1.0,57.5,20,99.960359,100.005,high_latency
vwap,VWAP,1050,3.494525273735597,3.494525273735597,1.0,57.5,20,99.970053,100.005,high_latency
ac,Almgren-Chriss,1051,1.06214689265567,1.06214689265567,1.0,57.5,20,99.994378,100.005,high_latency
heuristic,Heuristic,1051,4.294458347708846,4.529373531323279,0.9161,60.0,120,99.96205326929372,100.005,high_latency
pov,POV,1051,2.8908554572267606,2.8908554572267606,1.0,60.0,118,99.97609,100.005,high_latency
random,Random,1051,4.205185203646199,4.29618519073973,0.9786,60.0,87,99.96294604537094,100.005,high_latency
twap,TWAP,1051,3.9504024798761286,3.9504024798761286,1.0,57.5,20,99.965494,100.005,high_latency
vwap,VWAP,1051,4.562071896404775,4.562071896404775,1.0,57.5,20,99.959377,100.005,high_latency
ac,Almgren-Chriss,1052,3.5871793589674827,3.5871793589674827,1.0,57.5,20,99.95913,99.995,high_latency
heuristic,Heuristic,1052,3.933518887044301,4.319215960797545,0.8991,60.0,120,99.955666777889,99.995,high_latency
pov,POV,1052,1.7833891694576172,1.7833891694576172,1.0,60.0,118,99.977167,99.995,high_latency
random,Random,1052,5.849892494624286,5.849892494624286,1.0,56.5,91,99.936504,99.995,high_latency
twap,TWAP,1052,5.30046502325084,5.30046502325084,1.0,57.5,20,99.941998,99.995,high_latency
vwap,VWAP,1052,4.086904345217098,4.086904345217098,1.0,57.5,20,99.954133,99.995,high_latency
ac,Almgren-Chriss,1053,3.3531323433835034,3.3531323433835034,1.0,57.5,20,99.971467,100.005,high_latency
heuristic,Heuristic,1053,2.764473066132228,3.0155492225387976,0.9017,60.0,120,99.97735388710214,100.005,high_latency
pov,POV,1053,3.2508374581272976,3.2508374581272976,1.0,58.0,113,99.97249,100.005,high_latency
random,Random,1053,4.336398935679769,4.370781460926139,0.9952,60.0,102,99.96163384244372,100.005,high_latency
twap,TWAP,1053,4.433378331083743,4.433378331083743,1.0,57.5,20,99.960664,100.005,high_latency
vwap,VWAP,1053,4.265186740663194,4.265186740663194,1.0,57.5,20,99.962346,100.005,high_latency
ac,Almgren-Chriss,1054,3.146742662866589,3.146742662866589,1.0,57.5,20,99.973531,100.005,high_latency
heuristic,Heuristic,1054,2.740025226076047,3.038748062596428,0.9123,60.0,120,99.97759837772662,100.005,high_latency
pov,POV,1054,3.397930103495165,3.397930103495165,1.0,57.0,113,99.971019,100.005,high_latency
random,Random,1054,3.406809656719307,4.71196440177985,0.7149,60.0,89,99.97093020002798,100.005,high_latency
twap,TWAP,1054,5.827008649568355,5.827008649568355,1.0,57.5,20,99.946727,100.005,high_latency
vwap,VWAP,1054,3.5332233388333147,3.5332233388333147,1.0,57.5,20,99.969666,100.005,high_latency
ac,Almgren-Chriss,1055,3.1767588379425877,3.1767588379425877,1.0,57.5,20,99.963234,99.995,high_latency
heuristic,Heuristic,1055,3.923433597553472,4.370518525926794,0.9106,60.0,120,99.95576762574126,99.995,high_latency
pov,POV,1055,3.0884544227205715,3.0884544227205715,1.0,58.5,116,99.964117,99.995,high_latency
random,Random,1055,6.612430621531359,6.612430621531359,1.0,54.5,86,99.928879,99.995,high_latency
twap,TWAP,1055,3.5310765538274382,3.5310765538274382,1.0,57.5,20,99.959691,99.995,high_latency
vwap,VWAP,1055,4.040702035100911,4.040702035100911,1.0,57.5,20,99.954595,99.995,high_latency
ac,Almgren-Chriss,1056,5.872719092136986,5.872719092136986,1.0,57.5,20,99.956264,100.015,high_latency
heuristic,Heuristic,1056,5.196246789250984,5.6558516222562085,0.9113,60.0,120,99.96302973773732,100.015,high_latency
pov,POV,1056,4.99935009748467,4.99935009748467,1.0,57.0,112,99.964999,100.015,high_latency
random,Random,1056,5.64715292706017,5.64715292706017,1.0,45.0,74,99.95852,100.015,high_latency
twap,TWAP,1056,6.771984202368873,6.771984202368873,1.0,57.5,20,99.94727,100.015,high_latency
vwap,VWAP,1056,5.613857921311888,5.613857921311888,1.0,57.5,20,99.958853,100.015,high_latency
ac,Almgren-Chriss,1057,5.783489174458575,5.783489174458575,1.0,57.5,20,99.937168,99.995,high_latency
heuristic,Heuristic,1057,4.324791200919804,4.718135906794985,0.9058,60.0,120,99.9517542503864,99.995,high_latency
pov,POV,1057,4.273913695684519,4.273913695684519,1.0,56.0,109,99.952263,99.995,high_latency
random,Random,1057,4.653932696635586,4.653932696635586,1.0,52.5,90,99.948463,99.995,high_latency
twap,TWAP,1057,6.120706035301556,6.120706035301556,1.0,57.5,20,99.933796,99.995,high_latency
vwap,VWAP,1057,4.703435171758512,4.703435171758512,1.0,57.5,20,99.947968,99.995,high_latency
ac,Almgren-Chriss,1058,2.9090454522729714,2.9090454522729714,1.0,57.5,20,99.965911,99.995,high_latency
heuristic,Heuristic,1058,3.7714235607117312,4.2044102205111535,0.9077,60.0,120,99.95728765010466,99.995,high_latency
pov,POV,1058,3.467973398670285,3.467973398670285,1.0,50.5,99,99.960322,99.995,high_latency
random,Random,1058,4.421421071054233,4.421421071054233,1.0,45.5,75,99.950788,99.995,high_latency
twap,TWAP,1058,2.363218160908532,2.363218160908532,1.0,57.5,20,99.971369,99.995,high_latency
vwap,VWAP,1058,4.680634031700866,4.680634031700866,1.0,57.5,20,99.948196,99.995,high_latency
ac,Almgren-Chriss,1059,4.7858607069640025,4.7858607069640025,1.0,57.5,20,99.957139,100.005,high_latency
heuristic,Heuristic,1059,3.3528184096454776,3.612119394030985,0.9176,60.0,120,99.97147013949434,100.005,high_latency
pov,POV,1059,2.9794510274492008,2.9794510274492008,1.0,51.5,99,99.975204,100.005,high_latency
random,Random,1059,5.867806609669203,5.867806609669203,1.0,50.5,85,99.946319,100.005,high_latency
twap,TWAP,1059,5.986000699965485,5.986000699965485,1.0,57.5,20,99.945137,100.005,high_latency
vwap,VWAP,1059,4.984850757462002,4.984850757462002,1.0,57.5,20,99.955149,100.005,high_latency
ac,Almgren-Chriss,1060,4.618530926546417,4.618530926546417,1.0,57.5,20,99.948817,99.995,high_latency
heuristic,Heuristic,1060,3.6065959198981834,3.911795589778941,0.9134,60.0,120,99.95893584409896,99.995,high_latency
pov,POV,1060,2.697334866743858,2.697334866743858,1.0,52.5,102,99.968028,99.995,high_latency
random,Random,1060,4.159007950396766,4.159007950396766,1.0,51.5,80,99.953412,99.995,high_latency
twap,TWAP,1060,5.279763988199964,5.279763988199964,1.0,57.5,20,99.942205,99.995,high_latency
vwap,VWAP,1060,2.6762338116911724,2.6762338116911724,1.0,57.5,20,99.968239,99.995,high_latency
ac,Almgren-Chriss,1061,4.047597620119273,4.047597620119273,1.0,57.5,20,99.964522,100.005,high_latency
heuristic,Heuristic,1061,4.588632739092089,4.873856307185549,0.9149,60.0,120,99.95911137829272,100.005,high_latency
pov,POV,1061,5.911804409779066,5.911804409779066,1.0,58.5,113,99.945879,100.005,high_latency
random,Random,1061,3.8715064246784574,3.8715064246784574,1.0,56.5,87,99.966283,100.005,high_latency
twap,TWAP,1061,3.626218689064741,3.626218689064741,1.0,57.5,20,99.968736,100.005,high_latency
vwap,VWAP,1061,5.96300184990694,5.96300184990694,1.0,57.5,20,99.945367,100.005,high_latency
ac,Almgren-Chriss,1062,2.9546477323864444,2.9546477323864444,1.0,57.5,20,99.965455,99.995,high_latency
heuristic,Heuristic,1062,4.649360148861224,5.002650132506023,0.8999,60.0,120,99.94850872319148,99.995,high_latency
pov,POV,1062,3.158557927896651,3.158557927896651,1.0,56.5,112,99.963416,99.995,high_latency
random,Random,1062,5.186586407068855,5.294364718235073,0.9698,60.0,97,99.94313672922252,99.995,high_latency
twap,TWAP,1062,4.536626831342434,4.536626831342434,1.0,57.5,20,99.949636,99.995,high_latency
vwap,VWAP,1062,4.1855092754629615,4.1855092754629615,1.0,57.5,20,99.95314700000002,99.995,high_latency
ac,Almgren-Chriss,1063,4.672566371681696,4.672566371681696,1.0,57.5,20,99.958272,100.005,high_latency
heuristic,Heuristic,1063,4.509132832127756,5.095545222738008,0.8976,60.0,120,99.95990641711232,100.005,high_latency
pov,POV,1063,2.7914604269791226,2.7914604269791226,1.0,53.5,105,99.977084,100.005,high_latency
random,Random,1063,4.765861706915388,4.765861706915388,1.0,48.5,70,99.957339,100.005,high_latency
twap,TWAP,1063,4.7767611619419466,4.7767611619419466,1.0,57.5,20,99.95723,100.005,high_latency
vwap,VWAP,1063,6.933153342332068,6.933153342332068,1.0,57.5,20,99.935665,100.005,high_latency
ac,Almgren-Chriss,1064,5.365641410351864,5.365641410351864,1.0,57.5,20,99.921357,99.975,high_latency
heuristic,Heuristic,1064,1.6492391254240344,2.109727431858748,0.895,60.0,120,99.95851173184356,99.975,high_latency
pov,POV,1064,4.785596399100235,4.785596399100235,1.0,57.0,111,99.927156,99.975,high_latency
random,Random,1064,3.988350881582381,0.9895473868459868,1.0003,52.5,90,99.93512646206138,99.975,high_latency
twap,TWAP,1064,3.622405601399637,3.622405601399637,1.0,57.5,20,99.938785,99.975,high_latency
vwap,VWAP,1064,3.432858214554337,3.432858214554337,1.0,57.5,20,99.94068,99.975,high_latency
ac,Almgren-Chriss,1065,3.762511874405593,3.762511874405593,1.0,57.5,20,99.967373,100.005,high_latency
heuristic,Heuristic,1065,3.3000322802807114,3.655917204141763,0.9124,60.0,120,99.97199802718106,100.005,high_latency
pov,POV,1065,4.525473726313827,4.525473726313827,1.0,57.5,112,99.959743,100.005,high_latency
random,Random,1065,5.241737913104534,5.241737913104534,1.0,58.0,101,99.95258,100.005,high_latency
twap,TWAP,1065,4.866756662167081,4.866756662167081,1.0,57.5,20,99.95633,100.005,high_latency
vwap,VWAP,1065,3.59462026898731,3.59462026898731,1.0,57.5,20,99.969052,100.005,high_latency
ac,Almgren-Chriss,1066,4.360918045901564,4.360918045901564,1.0,57.5,20,99.951393,99.995,high_latency
heuristic,Heuristic,1066,2.5867391497819523,2.869643482172988,0.9029,60.0,120,99.96913390187176,99.995,high_latency
pov,POV,1066,3.16685834291691,3.16685834291691,1.0,54.0,106,99.963333,99.995,high_latency
random,Random,1066,4.003038579875693,4.4108205410263,0.916,60.0,98,99.95497161572054,99.995,high_latency
twap,TWAP,1066,3.919795989798753,3.919795989798753,1.0,57.5,20,99.955804,99.995,high_latency
vwap,VWAP,1066,2.2022101105059533,2.2022101105059533,1.0,57.5,20,99.972979,99.995,high_latency
ac,Almgren-Chriss,1067,3.2823358832051848,3.2823358832051848,1.0,57.5,20,99.972175,100.005,high_latency
heuristic,Heuristic,1067,2.66735542146574,2.934853257334805,0.892,60.0,120,99.97832511210764,100.005,high_latency
pov,POV,1067,4.603169841507889,4.603169841507889,1.0,60.0,118,99.958966,100.005,high_latency
random,Random,1067,4.875256237188243,4.875256237188243,1.0,56.0,94,99.956245,100.005,high_latency
twap,TWAP,1067,3.3304334783254053,3.3304334783254053,1.0,57.5,20,99.971694,100.005,high_latency
vwap,VWAP,1067,3.932603369832006,3.932603369832006,1.0,57.5,20,99.965672,100.005,high_latency
ac,Almgren-Chriss,1068,0.8096595170239421,0.8096595170239421,1.0,57.5,20,99.996903,100.005,high_latency
heuristic,Heuristic,1068,5.1797098895616696,5.613419329033429,0.8996,60.0,120,99.95320031124945,100.005,high_latency
pov,POV,1068,4.065696715163843,4.065696715163843,1.0,60.0,116,99.964341,100.005,high_latency
random,Random,1068,4.713464326783906,4.713464326783906,1.0,50.0,85,99.957863,100.005,high_latency
twap,TWAP,1068,5.506824658767781,5.506824658767781,1.0,57.5,20,99.949929,100.005,high_latency
vwap,VWAP,1068,5.9974001299933954,5.9974001299933954,1.0,57.5,20,99.945023,100.005,high_latency
ac,Almgren-Chriss,1069,2.645003249512,2.645003249512,1.0,57.5,20,99.988546,100.015,high_latency
heuristic,Heuristic,1069,2.832579390814754,3.156326551018005,0.9117,60.0,120,99.98666995722276,100.015,high_latency
pov,POV,1069,4.092786082087434,4.092786082087434,1.0,56.0,107,99.974066,100.015,high_latency
random,Random,1069,6.10548417737397,6.10548417737397,1.0,46.5,81,99.953936,100.015,high_latency
twap,TWAP,1069,4.924461330800057,4.924461330800057,1.0,57.5,20,99.965748,100.015,high_latency
vwap,VWAP,1069,6.0028995650656505,6.0028995650656505,1.0,57.5,20,99.954962,100.015,high_latency
ac,Almgren-Chriss,1070,4.425321266063687,4.425321266063687,1.0,57.5,20,99.950749,99.995,high_latency
heuristic,Heuristic,1070,4.514918631481749,5.0516525826294165,0.9052,60.0,120,99.9498530711445,99.995,high_latency
pov,POV,1070,5.083554177709121,5.083554177709121,1.0,56.5,110,99.944167,99.995,high_latency
random,Random,1070,5.484474223711968,5.484474223711968,1.0,59.0,101,99.940158,99.995,high_latency
twap,TWAP,1070,3.574278713935513,3.574278713935513,1.0,57.5,20,99.959259,99.995,high_latency
vwap,VWAP,1070,3.071053552678254,3.071053552678254,1.0,57.5,20,99.964291,99.995,high_latency
ac,Almgren-Chriss,1071,4.949152542372395,4.949152542372395,1.0,57.5,20,99.955506,100.005,high_latency
heuristic,Heuristic,1071,2.677703469606942,2.9557522123902187,0.8952,60.0,120,99.9782216264522,100.005,high_latency
pov,POV,1071,1.7564121793905356,1.7564121793905356,1.0,57.0,111,99.987435,100.005,high_latency
random,Random,1071,4.561371931404338,4.561371931404338,1.0,59.5,96,99.959384,100.005,high_latency
twap,TWAP,1071,5.418929053547596,5.418929053547596,1.0,57.5,20,99.950808,100.005,high_latency
vwap,VWAP,1071,5.775411229438671,5.775411229438671,1.0,57.5,20,99.947243,100.005,high_latency
ac,Almgren-Chriss,1072,2.8419737039439514,2.8419737039439514,1.0,57.5,20,99.986576,100.015,high_latency
heuristic,Heuristic,1072,3.953127137217946,4.296255561665118,0.9032,60.0,120,99.97546279893712,100.015,high_latency
pov,POV,1072,5.736339549067216,5.736339549067216,1.0,55.5,108,99.957628,100.015,high_latency
random,Random,1072,4.964855271708784,4.964855271708784,1.0,58.0,96,99.965344,100.015,high_latency
twap,TWAP,1072,4.029895515673405,4.029895515673405,1.0,57.5,20,99.974695,100.015,high_latency
vwap,VWAP,1072,3.4254861770729157,3.4254861770729157,1.0,57.5,20,99.98074,100.015,high_latency
ac,Almgren-Chriss,1073,4.433621681083946,4.433621681083946,1.0,57.5,20,99.950666,99.995,high_latency
heuristic,Heuristic,1073,2.665100919192348,2.913745687286044,0.9123,60.0,120,99.96835032335854,99.995,high_latency
pov,POV,1073,1.082854142707269,1.082854142707269,1.0,54.0,106,99.984172,99.995,high_latency
random,Random,1073,3.085554277713822,3.085554277713822,1.0,57.0,93,99.964146,99.995,high_latency
twap,TWAP,1073,5.314665733285961,5.314665733285961,1.0,57.5,20,99.94185600000002,99.995,high_latency
vwap,VWAP,1073,3.1164558227908223,3.1164558227908223,1.0,57.5,20,99.963837,99.995,high_latency
ac,Almgren-Chriss,1074,3.3143657182866244,3.3143657182866244,1.0,57.5,20,99.961858,99.995,high_latency
heuristic,Heuristic,1074,5.931740225772554,6.311815590779336,0.9102,60.0,120,99.9356855636124,99.995,high_latency
pov,POV,1074,3.997999899994188,3.997999899994188,1.0,50.0,99,99.955022,99.995,high_latency
random,Random,1074,4.3767454363196086,4.549927496374394,0.9662,60.0,98,99.95123473400952,99.995,high_latency
twap,TWAP,1074,5.311665583279668,5.311665583279668,1.0,57.5,20,99.941886,99.995,high_latency
vwap,VWAP,1074,3.5942797139859524,3.5942797139859524,1.0,57.5,20,99.959059,99.995,high_latency
ac,Almgren-Chriss,1075,5.001650247536222,5.001650247536222,1.0,57.5,20,99.934991,99.985,high_latency
heuristic,Heuristic,1075,4.600427309553141,4.987648147221961,0.9134,60.0,120,99.93900262754543,99.985,high_latency
pov,POV,1075,4.7126068910338965,4.7126068910338965,1.0,59.5,118,99.937881,99.985,high_latency
random,Random,1075,1.85701171883981,2.502175326298948,0.802,60.0,95,99.96643266832918,99.985,high_latency
twap,TWAP,1075,4.373055958393957,4.373055958393957,1.0,57.5,20,99.941276,99.985,high_latency
vwap,VWAP,1075,3.275491323698191,3.275491323698191,1.0,57.5,20,99.95225,99.985,high_latency
ac,Almgren-Chriss,1076,3.2758362081894306,3.2758362081894306,1.0,57.5,20,99.97224,100.005,high_latency
heuristic,Heuristic,1076,5.452665967992552,5.778111094444515,0.9137,60.0,120,99.9504706139871,100.005,high_latency
pov,POV,1076,1.6952152392374442,1.6952152392374442,1.0,57.5,112,99.988047,100.005,high_latency
random,Random,1076,4.857851156546866,5.037948102595741,0.9612,60.0,93,99.95641905950896,100.005,high_latency
twap,TWAP,1076,4.431878406079687,4.431878406079687,1.0,57.5,20,99.960679,100.005,high_latency
vwap,VWAP,1076,3.071346432678381,3.071346432678381,1.0,57.5,20,99.974285,100.005,high_latency
ac,Almgren-Chriss,1077,3.535723213840073,3.535723213840073,1.0,57.5,20,99.969641,100.005,high_latency
heuristic,Heuristic,1077,4.80847317669897,5.398630068496715,0.8963,60.0,120,99.95691286399642,100.005,high_latency
pov,POV,1077,4.338383080845091,4.338383080845091,1.0,56.5,109,99.961614,100.005,high_latency
random,Random,1077,3.255437228139006,3.255437228139006,1.0,56.0,85,99.972444,100.005,high_latency
twap,TWAP,1077,2.388180590970978,2.388180590970978,1.0,57.5,20,99.981117,100.005,high_latency
vwap,VWAP,1077,4.002199890004897,4.002199890004897,1.0,57.5,20,99.964976,100.005,high_latency
ac,Almgren-Chriss,1078,4.822141107056177,4.822141107056177,1.0,57.5,20,99.946781,99.995,high_latency
heuristic,Heuristic,1078,2.9863082926245563,3.419470973548244,0.8995,60.0,120,99.96513841022792,99.995,high_latency
pov,POV,1078,3.246362318115496,3.246362318115496,1.0,51.5,102,99.962538,99.995,high_latency
random,Random,1078,4.786739336967008,4.786739336967008,1.0,55.5,88,99.947135,99.995,high_latency
twap,TWAP,1078,4.628131406569827,4.628131406569827,1.0,57.5,20,99.948721,99.995,high_latency
vwap,VWAP,1078,5.628081404070411,5.628081404070411,1.0,57.5,20,99.938722,99.995,high_latency
ac,Almgren-Chriss,1079,4.084704235212604,4.084704235212604,1.0,57.5,20,99.954155,99.995,high_latency
heuristic,Heuristic,1079,4.8008900389932725,5.198459922996874,0.9077,60.0,120,99.94699350005509,99.995,high_latency
pov,POV,1079,6.334316715836534,6.334316715836534,1.0,58.5,112,99.93166,99.995,high_latency
random,Random,1079,4.902245112255656,4.902245112255656,1.0,54.5,90,99.94598,99.995,high_latency
twap,TWAP,1079,5.467173358667375,5.467173358667375,1.0,57.5,20,99.940331,99.995,high_latency
vwap,VWAP,1079,5.253862693134662,5.253862693134662,1.0,57.5,20,99.942464,99.995,high_latency
ac,Almgren-Chriss,1080,5.857792889644554,5.857792889644554,1.0,57.5,20,99.936425,99.995,high_latency
heuristic,Heuristic,1080,4.184872780415518,4.710935546776972,0.8946,60.0,120,99.95315336463224,99.995,high_latency
pov,POV,1080,3.538476923846355,3.538476923846355,1.0,57.0,109,99.959617,99.995,high_latency
random,Random,1080,3.689684484224619,3.689684484224619,1.0,53.0,88,99.958105,99.995,high_latency
twap,TWAP,1080,3.471673583678835,3.471673583678835,1.0,57.5,20,99.960285,99.995,high_latency
vwap,VWAP,1080,1.856592829641351,1.856592829641351,1.0,57.5,20,99.976435,99.995,high_latency
ac,Almgren-Chriss,1081,3.56747837391931,3.56747837391931,1.0,57.5,20,99.959327,99.995,high_latency
heuristic,Heuristic,1081,4.207705410696931,4.588429421471216,0.9046,60.0,120,99.95292504974574,99.995,high_latency
pov,POV,1081,4.206410320516561,4.206410320516561,1.0,54.5,107,99.952938,99.995,high_latency
random,Random,1081,4.403020151007394,4.403020151007394,1.0,54.5,91,99.950972,99.995,high_latency
twap,TWAP,1081,4.375418770938952,4.375418770938952,1.0,57.5,20,99.951248,99.995,high_latency
vwap,VWAP,1081,5.435371768589032,5.435371768589032,1.0,57.5,20,99.940649,99.995,high_latency
ac,Almgren-Chriss,1082,5.101134829775193,5.101134829775193,1.0,57.5,20,99.963981,100.015,high_latency
heuristic,Heuristic,1082,2.9114065659524684,3.452982052691718,0.8984,60.0,120,99.98588156723063,100.015,high_latency
pov,POV,1082,5.160025996100239,5.160025996100239,1.0,60.0,118,99.963392,100.015,high_latency
random,Random,1082,4.33594960755941,4.33594960755941,1.0,49.5,84,99.971634,100.015,high_latency
twap,TWAP,1082,4.017897315402821,4.017897315402821,1.0,57.5,20,99.974815,100.015,high_latency
vwap,VWAP,1082,3.4932760085989023,3.4932760085989023,1.0,57.5,20,99.980062,100.015,high_latency
ac,Almgren-Chriss,1083,2.5481274063710027,2.5481274063710027,1.0,57.5,20,99.96952,99.995,high_latency
heuristic,Heuristic,1083,2.7296958824519173,3.13805690284486,0.8965,60.0,120,99.96770440602344,99.995,high_latency
pov,POV,1083,3.573878693935524,3.573878693935524,1.0,59.0,117,99.959263,99.995,high_latency
random,Random,1083,3.495774788739632,3.495774788739632,1.0,52.5,82,99.960044,99.995,high_latency
twap,TWAP,1083,0.1331066553318702,0.1331066553318702,1.0,57.5,20,99.993669,99.995,high_latency
vwap,VWAP,1083,2.636831841591189,2.636831841591189,1.0,57.5,20,99.968633,99.995,high_latency
ac,Almgren-Chriss,1084,4.179308965447652,4.179308965447652,1.0,57.5,20,99.95320900000002,99.995,high_latency
heuristic,Heuristic,1084,3.410134760536561,3.801090054502908,0.8952,60.0,120,99.96090035746202,99.995,high_latency
pov,POV,1084,3.1513575678786383,3.1513575678786383,1.0,57.0,112,99.963488,99.995,high_latency
random,Random,1084,3.165747600028082,3.476973848692801,0.9282,60.0,90,99.96334410687352,99.995,high_latency
twap,TWAP,1084,3.413570678533383,3.413570678533383,1.0,57.5,20,99.960866,99.995,high_latency
vwap,VWAP,1084,2.347617380868898,2.347617380868898,1.0,57.5,20,99.971525,99.995,high_latency
ac,Almgren-Chriss,1085,1.9079769942479072,1.9079769942479072,1.0,57.5,20,99.955925,99.975,high_latency
heuristic,Heuristic,1085,1.98735911260448,2.205051262815529,0.9134,60.0,120,99.95513137727174,99.975,high_latency
pov,POV,1085,5.093273318330135,5.093273318330135,1.0,57.0,112,99.92408,99.975,high_latency
random,Random,1085,1.815853963490372,1.815853963490372,1.0,54.0,89,99.956846,99.975,high_latency
twap,TWAP,1085,3.04546136534171,3.04546136534171,1.0,57.5,20,99.944553,99.975,high_latency
vwap,VWAP,1085,3.181295323831351,3.181295323831351,1.0,57.5,20,99.943195,99.975,high_latency
ac,Almgren-Chriss,1086,3.570921453926509,3.570921453926509,1.0,57.5,20,99.969289,100.005,high_latency
heuristic,Heuristic,1086,4.207543993038383,4.5116744162787,0.8924,60.0,120,99.96292245629762,100.005,high_latency
pov,POV,1086,4.191290435479041,4.191290435479041,1.0,60.0,118,99.963085,100.005,high_latency
random,Random,1086,2.5004847318615355,2.54847257637126,0.984,60.0,97,99.97999390243902,100.005,high_latency
twap,TWAP,1086,4.525973701315179,4.525973701315179,1.0,57.5,20,99.959738,100.005,high_latency
vwap,VWAP,1086,3.240137993099824,3.240137993099824,1.0,57.5,20,99.972597,100.005,high_latency
ac,Almgren-Chriss,1087,3.777966695005104,3.777966695005104,1.0,57.5,20,99.947226,99.985,high_latency
heuristic,Heuristic,1087,3.153610793906961,3.531329699455372,0.9067,60.0,120,99.95346862247712,99.985,high_latency
pov,POV,1087,2.007401110167244,2.007401110167244,1.0,60.0,118,99.964929,99.985,high_latency
random,Random,1087,4.083912546833571,4.089213382006434,0.9988,60.0,92,99.94416700040048,99.985,high_latency
twap,TWAP,1087,3.102965444817596,3.102965444817596,1.0,57.5,20,99.953975,99.985,high_latency
vwap,VWAP,1087,4.287743161473776,4.287743161473776,1.0,57.5,20,99.942129,99.985,high_latency
ac,Almgren-Chriss,1088,5.1785589279459785,5.1785589279459785,1.0,57.5,20,99.943217,99.995,high_latency
heuristic,Heuristic,1088,3.006846280843489,3.190059502974546,0.911,60.0,120,99.96493304061472,99.995,high_latency
pov,POV,1088,6.548027401369237,6.548027401369237,1.0,56.0,108,99.92952300000002,99.995,high_latency
random,Random,1088,2.860468192327896,3.0618530926548333,0.9472,60.0,98,99.9663967483108,99.995,high_latency
twap,TWAP,1088,0.884044202210125,0.884044202210125,1.0,57.5,20,99.98616,99.995,high_latency
vwap,VWAP,1088,5.092454622730275,5.092454622730275,1.0,57.5,20,99.944078,99.995,high_latency
ac,Almgren-Chriss,1089,4.8457422871138025,4.8457422871138025,1.0,57.5,20,99.946545,99.995,high_latency
heuristic,Heuristic,1089,3.877329067972594,4.115505775288243,0.8957,60.0,120,99.95622864798482,99.995,high_latency
pov,POV,1089,2.950047502374735,2.950047502374735,1.0,55.0,105,99.965501,99.995,high_latency
random,Random,1089,4.220711035551225,4.220711035551225,1.0,43.5,71,99.952795,99.995,high_latency
twap,TWAP,1089,2.8782439121955137,2.8782439121955137,1.0,57.5,20,99.966219,99.995,high_latency
vwap,VWAP,1089,4.512125606279827,4.512125606279827,1.0,57.5,20,99.949881,99.995,high_latency
ac,Almgren-Chriss,1090,3.064846757662626,3.064846757662626,1.0,57.5,20,99.97435,100.005,high_latency
heuristic,Heuristic,1090,3.712961327255798,4.063696815158436,0.9158,60.0,120,99.96786853024678,100.005,high_latency
pov,POV,1090,3.6648167591629153,3.6648167591629153,1.0,57.5,113,99.96835,100.005,high_latency
random,Random,1090,4.06429678516115,4.06429678516115,1.0,57.5,98,99.964355,100.005,high_latency
twap,TWAP,1090,3.75521223938804,3.75521223938804,1.0,57.5,20,99.967446,100.005,high_latency
vwap,VWAP,1090,2.501874906255095,2.501874906255095,1.0,57.5,20,99.97998,100.005,high_latency
ac,Almgren-Chriss,1091,3.276391458719355,3.276391458719355,1.0,57.5,20,99.952241,99.985,high_latency
heuristic,Heuristic,1091,3.557030100091024,3.846977046557341,0.8974,60.0,120,99.94943503454424,99.985,high_latency
pov,POV,1091,3.5369305395818045,3.5369305395818045,1.0,57.5,112,99.949636,99.985,high_latency
random,Random,1091,3.6812020601541007,3.8879831974792376,0.9571,60.0,89,99.94819350120156,99.985,high_latency
twap,TWAP,1091,5.131069660449783,5.131069660449783,1.0,57.5,20,99.933697,99.985,high_latency
vwap,VWAP,1091,3.681252187828972,3.681252187828972,1.0,57.5,20,99.948193,99.985,high_latency
ac,Almgren-Chriss,1092,2.8539426971356305,2.8539426971356305,1.0,57.5,20,99.966462,99.995,high_latency
heuristic,Heuristic,1092,4.823234061758484,5.175758787938771,0.9155,60.0,120,99.94677007099943,99.995,high_latency
pov,POV,1092,4.707035351767519,4.707035351767519,1.0,59.5,117,99.947932,99.995,high_latency
random,Random,1092,4.854615527318886,5.432671633581368,0.8793,60.0,89,99.94645627203458,99.995,high_latency
twap,TWAP,1092,4.023201160057232,4.023201160057232,1.0,57.5,20,99.95477,99.995,high_latency
vwap,VWAP,1092,0.1063053152652277,0.1063053152652277,1.0,57.5,20,99.993937,99.995,high_latency
ac,Almgren-Chriss,1093,4.639268036597486,4.639268036597486,1.0,57.5,20,99.958605,100.005,high_latency
heuristic,Heuristic,1093,2.8893163998937776,3.340332983349261,0.9033,60.0,120,99.97610539134288,100.005,high_latency
pov,POV,1093,2.8682565871700243,2.8682565871700243,1.0,60.0,119,99.976316,100.005,high_latency
random,Random,1093,3.4122294362668155,4.262386880655988,0.8379,60.0,91,99.97087599952262,100.005,high_latency
twap,TWAP,1093,5.693215339232442,5.693215339232442,1.0,57.5,20,99.948065,100.005,high_latency
vwap,VWAP,1093,4.744762761862707,4.744762761862707,1.0,57.5,20,99.95755,100.005,high_latency
ac,Almgren-Chriss,1094,4.93454672733717,4.93454672733717,1.0,57.5,20,99.945657,99.995,high_latency
heuristic,Heuristic,1094,3.1986518376710924,3.607980399019721,0.9018,60.0,120,99.9630150809492,99.995,high_latency
pov,POV,1094,2.798539926996024,2.798539926996024,1.0,58.5,114,99.967016,99.995,high_latency
random,Random,1094,6.1527076353826216,6.1527076353826216,1.0,54.0,88,99.933476,99.995,high_latency
twap,TWAP,1094,4.175908795439551,4.175908795439551,1.0,57.5,20,99.953243,99.995,high_latency
vwap,VWAP,1094,3.4125706285306783,3.4125706285306783,1.0,57.5,20,99.960876,99.995,high_latency
ac,Almgren-Chriss,1095,3.3799069860477124,3.3799069860477124,1.0,57.5,20,99.951206,99.985,high_latency
heuristic,Heuristic,1095,2.268686414681641,2.5989898484766223,0.913,60.0,120,99.9623165388828,99.985,high_latency
pov,POV,1095,3.979996999550101,3.979996999550101,1.0,55.5,108,99.945206,99.985,high_latency
random,Random,1095,2.0839125868879664,2.0839125868879664,1.0,56.0,94,99.964164,99.985,high_latency
twap,TWAP,1095,2.92413862079249,2.92413862079249,1.0,57.5,20,99.955763,99.985,high_latency
vwap,VWAP,1095,4.791518727809844,4.791518727809844,1.0,57.5,20,99.937092,99.985,high_latency
ac,Almgren-Chriss,1096,1.2323616180805723,1.2323616180805723,1.0,57.5,20,99.982677,99.995,high_latency
heuristic,Heuristic,1096,2.5925167509609715,2.979948997449032,0.9103,60.0,120,99.96907612874875,99.995,high_latency
pov,POV,1096,2.300615030750912,2.300615030750912,1.0,56.0,110,99.971995,99.995,high_latency
random,Random,1096,2.596929846491673,2.596929846491673,1.0,56.0,88,99.969032,99.995,high_latency
twap,TWAP,1096,5.064453222661843,5.064453222661843,1.0,57.5,20,99.944358,99.995,high_latency
vwap,VWAP,1096,2.985549277463445,2.985549277463445,1.0,57.5,20,99.965146,99.995,high_latency
ac,Almgren-Chriss,1097,2.122106105304654,2.122106105304654,1.0,57.5,20,99.97378,99.995,high_latency
heuristic,Heuristic,1097,3.455857663071787,3.828091404570456,0.8936,60.0,120,99.96044315129812,99.995,high_latency
pov,POV,1097,2.83804190209555,2.83804190209555,1.0,57.0,111,99.966621,99.995,high_latency
random,Random,1097,4.652386030179382,4.848742437123733,0.9543,60.0,87,99.94847846589124,99.995,high_latency
twap,TWAP,1097,4.095604780239166,4.095604780239166,1.0,57.5,20,99.954046,99.995,high_latency
vwap,VWAP,1097,7.000250012501332,7.000250012501332,1.0,57.5,20,99.925001,99.995,high_latency
ac,Almgren-Chriss,1098,4.68123406170358,4.68123406170358,1.0,57.5,20,99.94819,99.995,high_latency
heuristic,Heuristic,1098,3.632797331797868,3.973398669933857,0.9011,60.0,120,99.95867384308067,99.995,high_latency
pov,POV,1098,3.792889644482192,3.792889644482192,1.0,60.0,117,99.957073,99.995,high_latency
random,Random,1098,4.885144257211967,4.885144257211967,1.0,52.0,84,99.946151,99.995,high_latency
twap,TWAP,1098,5.4218710935543495,5.4218710935543495,1.0,57.5,20,99.940784,99.995,high_latency
vwap,VWAP,1098,3.3087654382722107,3.3087654382722107,1.0,57.5,20,99.961914,99.995,high_latency
ac,Almgren-Chriss,1099,4.090313547032503,4.090313547032503,1.0,57.5,20,99.944103,99.985,high_latency
heuristic,Heuristic,1099,2.067145014684676,2.291443716557853,0.9112,60.0,120,99.96433165057068,99.985,high_latency
pov,POV,1099,5.133870080511181,5.133870080511181,1.0,57.0,112,99.933669,99.985,high_latency
random,Random,1099,3.51212681902267,3.51212681902267,1.0,49.5,83,99.949884,99.985,high_latency
twap,TWAP,1099,4.686002900434254,4.686002900434254,1.0,57.5,20,99.938147,99.985,high_latency
vwap,VWAP,1099,2.731409711456485,2.731409711456485,1.0,57.5,20,99.95769,99.985,high_latency
ac,Almgren-Chriss,1000,5.900390039003132,5.900390039003132,1.0,57.5,20,99.931002,99.99,stressed
heuristic,Heuristic,1000,5.584146367495329,6.300130013000471,0.9164,60.0,120,99.93416412047142,99.99,stressed
pov,POV,1000,4.870387038703559,4.870387038703559,1.0,25.5,50,99.941301,99.99,stressed
random,Random,1000,8.149114911491894,8.149114911491894,1.0,37.5,59,99.908517,99.99,stressed
twap,TWAP,1000,7.823482348235446,7.823482348235446,1.0,57.5,20,99.911773,99.99,stressed
vwap,VWAP,1000,8.657265726572506,8.657265726572506,1.0,57.5,20,99.903436,99.99,stressed
ac,Almgren-Chriss,1001,10.928507149284554,10.928507149284554,1.0,57.5,20,99.900704,100.01,stressed
heuristic,Heuristic,1001,4.377162283771425,4.377162283771425,1.0,58.5,117,99.966224,100.01,stressed
pov,POV,1001,7.161183881610989,7.161183881610989,1.0,24.5,48,99.938381,100.01,stressed
random,Random,1001,1.9368063193679612,1.9368063193679612,1.0,45.0,71,99.99063,100.01,stressed
twap,TWAP,1001,1.8317168283163912,1.8317168283163912,1.0,57.5,20,99.991681,100.01,stressed
vwap,VWAP,1001,3.4580541945800705,3.4580541945800705,1.0,57.5,20,99.975416,100.01,stressed
ac,Almgren-Chriss,1002,6.118982152676788,6.118982152676788,1.0,57.5,20,99.953801,100.015,stressed
heuristic,Heuristic,1002,5.812025042293282,6.069189621557587,0.9607,60.0,120,99.9568710315395,100.015,stressed
pov,POV,1002,7.87741838724192,7.87741838724192,1.0,24.0,47,99.936214,100.015,stressed
random,Random,1002,3.754636804478932,3.754636804478932,1.0,39.5,66,99.977448,100.015,stressed
twap,TWAP,1002,5.59686047092962,5.59686047092962,1.0,57.5,20,99.959023,100.015,stressed
vwap,VWAP,1002,6.411638254261518,6.411638254261518,1.0,57.5,20,99.950874,100.015,stressed
ac,Almgren-Chriss,1003,2.3359832008404005,2.3359832008404005,1.0,57.5,20,99.981639,100.005,stressed
heuristic,Heuristic,1003,6.063882230448969,6.569571521424345,0.8974,60.0,120,99.9443581457544,100.005,stressed
pov,POV,1003,12.26848657567074,12.26848657567074,1.0,26.0,51,99.882309,100.005,stressed
random,Random,1003,11.54402279885932,11.54402279885932,1.0,44.5,67,99.889554,100.005,stressed
twap,TWAP,1003,5.828008599569239,5.828008599569239,1.0,57.5,20,99.946717,100.005,stressed
vwap,VWAP,1003,10.937053147341926,10.937053147341926,1.0,57.5,20,99.895624,100.005,stressed
ac,Almgren-Chriss,1004,11.164441777911978,11.164441777911978,1.0,57.5,20,99.89335,100.005,stressed
heuristic,Heuristic,1004,4.112994350282264,4.112994350282264,1.0,55.0,110,99.963868,100.005,stressed
pov,POV,1004,6.92775361231856,6.92775361231856,1.0,23.5,46,99.935719,100.005,stressed
random,Random,1004,8.935153242338588,8.935153242338588,1.0,41.0,66,99.915644,100.005,stressed
twap,TWAP,1004,5.915304234788528,5.915304234788528,1.0,57.5,20,99.945844,100.005,stressed
vwap,VWAP,1004,11.070746462676476,11.070746462676476,1.0,57.5,20,99.894287,100.005,stressed
ac,Almgren-Chriss,1005,9.69595439315858,9.69595439315858,1.0,57.5,20,99.888055,99.985,stressed
heuristic,Heuristic,1005,8.062656426887605,8.308146221932876,0.9675,60.0,120,99.90438552971575,99.985,stressed
pov,POV,1005,6.612391858778593,6.612391858778593,1.0,26.0,51,99.918886,99.985,stressed
random,Random,1005,7.471620743110914,7.471620743110914,1.0,35.5,63,99.910295,99.985,stressed
twap,TWAP,1005,3.161274191128323,3.161274191128323,1.0,57.5,20,99.953392,99.985,stressed
vwap,VWAP,1005,13.939390908635891,13.939390908635891,1.0,57.5,20,99.845627,99.985,stressed
ac,Almgren-Chriss,1006,3.4516999999996187,3.4516999999996187,1.0,57.5,20,99.965483,100.0,stressed
heuristic,Heuristic,1006,1.1384959046918084,1.4927000000006956,0.9401,60.0,120,99.98861504095308,100.0,stressed
pov,POV,1006,7.069600000000719,7.069600000000719,1.0,25.5,50,99.929304,100.0,stressed
random,Random,1006,0.1825000000008003,0.1825000000008003,1.0,43.0,67,99.998175,100.0,stressed
twap,TWAP,1006,3.879000000000815,3.879000000000815,1.0,57.5,20,99.96121,100.0,stressed
vwap,VWAP,1006,0.7073999999993249,0.7073999999993249,1.0,57.5,20,99.992926,100.0,stressed
ac,Almgren-Chriss,1007,3.622581129056651,3.622581129056651,1.0,57.5,20,99.958776,99.995,stressed
heuristic,Heuristic,1007,2.550927546378209,2.550927546378209,1.0,59.5,119,99.969492,99.995,stressed
pov,POV,1007,4.513625681283884,4.513625681283884,1.0,22.5,44,99.949866,99.995,stressed
random,Random,1007,5.057552877644278,5.057552877644278,1.0,40.5,70,99.944427,99.995,stressed
twap,TWAP,1007,4.368618430920929,4.368618430920929,1.0,57.5,20,99.951316,99.995,stressed
vwap,VWAP,1007,3.4186709335464447,3.4186709335464447,1.0,57.5,20,99.960815,99.995,stressed
ac,Almgren-Chriss,1008,9.116720819795647,9.116720819795647,1.0,57.5,20,99.93381,100.025,stressed
heuristic,Heuristic,1008,11.142017284957165,12.083679080229778,0.9178,60.0,120,99.9135519721072,100.025,stressed
pov,POV,1008,12.91817045738492,12.91817045738492,1.0,25.5,50,99.89578600000002,100.025,stressed
random,Random,1008,9.617295676080264,9.617295676080264,1.0,41.5,69,99.92880300000002,100.025,stressed
twap,TWAP,1008,9.64618845288722,9.64618845288722,1.0,57.5,20,99.928514,100.025,stressed
vwap,VWAP,1008,7.589902524369057,7.589902524369057,1.0,57.5,20,99.949082,100.025,stressed
ac,Almgren-Chriss,1009,7.041439640090047,7.041439640090047,1.0,57.5,20,99.954568,100.025,stressed
heuristic,Heuristic,1009,4.925468632841771,4.925468632841771,1.0,58.5,117,99.975733,100.025,stressed
pov,POV,1009,9.504823794051498,9.504823794051498,1.0,23.0,45,99.929928,100.025,stressed
random,Random,1009,7.464533866532706,7.464533866532706,1.0,42.0,70,99.950336,100.025,stressed
twap,TWAP,1009,8.296325918520044,8.296325918520044,1.0,57.5,20,99.942016,100.025,stressed
vwap,VWAP,1009,6.655936015996458,6.655936015996458,1.0,57.5,20,99.958424,100.025,stressed
ac,Almgren-Chriss,1010,1.8583787568129893,1.8583787568129893,1.0,57.5,20,99.966419,99.985,stressed
heuristic,Heuristic,1010,9.661948340675854,10.11891783767483,0.9458,60.0,120,99.88839500951576,99.985,stressed
pov,POV,1010,13.112266840026283,13.112266840026283,1.0,24.5,48,99.853897,99.985,stressed
random,Random,1010,5.4943241486227885,5.4943241486227885,1.0,43.0,71,99.930065,99.985,stressed
twap,TWAP,1010,3.948892333850095,3.948892333850095,1.0,57.5,20,99.945517,99.985,stressed
vwap,VWAP,1010,9.386908036205751,9.386908036205751,1.0,57.5,20,99.891145,99.985,stressed
ac,Almgren-Chriss,1011,8.125981102835388,8.125981102835388,1.0,57.5,20,99.933728,100.015,stressed
heuristic,Heuristic,1011,3.671670864495052,4.23826426036123,0.9151,60.0,120,99.97827778384875,100.015,stressed
pov,POV,1011,8.906963955405834,8.906963955405834,1.0,24.0,47,99.925917,100.015,stressed
random,Random,1011,12.316252562116096,12.316252562116096,1.0,37.5,64,99.891819,100.015,stressed
twap,TWAP,1011,6.180972854071476,6.180972854071476,1.0,57.5,20,99.953181,100.015,stressed
vwap,VWAP,1011,1.305004249363291,1.305004249363291,1.0,57.5,20,100.001948,100.015,stressed
ac,Almgren-Chriss,1012,10.011701755263912,10.011701755263912,1.0,57.5,20,99.884898,99.985,stressed
heuristic,Heuristic,1012,3.5182277341604555,3.5182277341604555,1.0,56.5,113,99.949823,99.985,stressed
pov,POV,1012,14.533179976997408,14.533179976997408,1.0,23.5,46,99.83969,99.985,stressed
random,Random,1012,4.614492173825248,4.614492173825248,1.0,44.0,71,99.938862,99.985,stressed
twap,TWAP,1012,5.649147372106562,5.649147372106562,1.0,57.5,20,99.928517,99.985,stressed
vwap,VWAP,1012,6.762314347152192,6.762314347152192,1.0,57.5,20,99.917387,99.985,stressed
ac,Almgren-Chriss,1013,2.607108933660024,2.607108933660024,1.0,57.5,20,99.988925,100.015,stressed
heuristic,Heuristic,1013,3.617246844195634,3.6750487426890825,0.9916,60.0,120,99.97882210568778,100.015,stressed
pov,POV,1013,8.775683647452926,8.775683647452926,1.0,25.0,49,99.92723,100.015,stressed
random,Random,1013,6.9110633404984805,6.9110633404984805,1.0,39.0,71,99.945879,100.015,stressed
twap,TWAP,1013,7.115232715092419,7.115232715092419,1.0,57.5,20,99.943837,100.015,stressed
vwap,VWAP,1013,2.96745488176738,2.96745488176738,1.0,57.5,20,99.985321,100.015,stressed
ac,Almgren-Chriss,1014,2.93186022096725,2.93186022096725,1.0,57.5,20,99.985677,100.015,stressed
heuristic,Heuristic,1014,9.106653393971538,9.18972154176874,0.9901,60.0,120,99.9239198060802,100.015,stressed
pov,POV,1014,5.182422636603998,5.182422636603998,1.0,24.5,48,99.963168,100.015,stressed
random,Random,1014,4.819077138428541,4.819077138428541,1.0,45.0,68,99.96680200000002,100.015,stressed
twap,TWAP,1014,8.718792181173281,8.718792181173281,1.0,57.5,20,99.927799,100.015,stressed
vwap,VWAP,1014,7.414187871819798,7.414187871819798,1.0,57.5,20,99.940847,100.015,stressed
ac,Almgren-Chriss,1015,8.07381107166026,8.07381107166026,1.0,57.5,20,99.904274,99.985,stressed
heuristic,Heuristic,1015,5.740087046478773,6.770215532330487,0.9096,60.0,120,99.9276077396658,99.985,stressed
pov,POV,1015,8.05730859628923,8.05730859628923,1.0,25.0,49,99.904439,99.985,stressed
random,Random,1015,6.17202580387015,6.17202580387015,1.0,34.0,58,99.923289,99.985,stressed
twap,TWAP,1015,9.304695704355234,9.304695704355234,1.0,57.5,20,99.891967,99.985,stressed
vwap,VWAP,1015,9.004350652598502,9.004350652598502,1.0,57.5,20,99.89497,99.985,stressed
ac,Almgren-Chriss,1016,4.079019754938254,4.079019754938254,1.0,57.5,20,99.93422,99.975,stressed
heuristic,Heuristic,1016,4.8114028507125735,4.8114028507125735,1.0,57.0,114,99.926898,99.975,stressed
pov,POV,1016,8.920530132532496,8.920530132532496,1.0,24.5,48,99.885817,99.975,stressed
random,Random,1016,10.609352338084795,10.609352338084795,1.0,42.5,68,99.868933,99.975,stressed
twap,TWAP,1016,8.734983745936255,8.734983745936255,1.0,57.5,20,99.887672,99.975,stressed
vwap,VWAP,1016,5.3519379844958825,5.3519379844958825,1.0,57.5,20,99.921494,99.975,stressed
ac,Almgren-Chriss,1017,9.597120143991948,9.597120143991948,1.0,57.5,20,99.90902400000002,100.005,stressed
heuristic,Heuristic,1017,4.9173894850138335,5.235138243087418,0.9549,60.0,120,99.95582364645512,100.005,stressed
pov,POV,1017,9.93960301984881,9.93960301984881,1.0,24.5,48,99.905599,100.005,stressed
random,Random,1017,6.432778361082141,6.432778361082141,1.0,42.0,71,99.940669,100.005,stressed
twap,TWAP,1017,4.520273986301223,4.520273986301223,1.0,57.5,20,99.959795,100.005,stressed
vwap,VWAP,1017,9.216239188041454,9.216239188041454,1.0,57.5,20,99.912833,100.005,stressed
ac,Almgren-Chriss,1018,6.3233161658086114,6.3233161658086114,1.0,57.5,20,99.93177,99.995,stressed
heuristic,Heuristic,1018,8.714082968155202,9.466573328666074,0.9174,60.0,120,99.90786352735994,99.995,stressed
pov,POV,1018,5.105555277763149,5.105555277763149,1.0,26.5,52,99.943947,99.995,stressed
random,Random,1018,7.315065753288477,7.315065753288477,1.0,39.5,65,99.921853,99.995,stressed
twap,TWAP,1018,-0.9629481474078156,-0.9629481474078156,1.0,57.5,20,100.004629,99.995,stressed
vwap,VWAP,1018,7.555277763887373,7.555277763887373,1.0,57.5,20,99.919451,99.995,stressed
ac,Almgren-Chriss,1019,6.734863256836325,6.734863256836325,1.0,57.5,20,99.937648,100.005,stressed
heuristic,Heuristic,1019,8.495595441804966,9.211139443028392,0.9297,60.0,120,99.92003979778424,100.005,stressed
pov,POV,1019,9.76841157942015,9.76841157942015,1.0,27.0,53,99.907311,100.005,stressed
random,Random,1019,9.384430778460183,9.384430778460183,1.0,51.5,78,99.91115100000002,100.005,stressed
twap,TWAP,1019,1.6721163941811756,1.6721163941811756,1.0,57.5,20,99.988278,100.005,stressed
vwap,VWAP,1019,5.64971751412393,5.64971751412393,1.0,57.5,20,99.9485,100.005,stressed
ac,Almgren-Chriss,1020,5.870100000000093,5.870100000000093,1.0,57.5,20,99.941299,100.0,stressed
heuristic,Heuristic,1020,6.384400000000824,6.384400000000824,1.0,58.5,117,99.936156,100.0,stressed
pov,POV,1020,4.454999999999927,4.454999999999927,1.0,26.0,51,99.95545,100.0,stressed
random,Random,1020,9.627800000000208,9.627800000000208,1.0,43.5,68,99.903722,100.0,stressed
twap,TWAP,1020,3.960199999999531,3.960199999999531,1.0,57.5,20,99.960398,100.0,stressed
vwap,VWAP,1020,1.6437000000005355,1.6437000000005355,1.0,57.5,20,99.983563,100.0,stressed
ac,Almgren-Chriss,1021,4.041202060102263,4.041202060102263,1.0,57.5,20,99.95459,99.995,stressed
heuristic,Heuristic,1021,3.5451632000531763,3.79948997449931,0.9603,60.0,120,99.95955014058109,99.995,stressed
pov,POV,1021,6.582529126457062,6.582529126457062,1.0,24.5,48,99.929178,99.995,stressed
random,Random,1021,3.2631631581587373,3.2631631581587373,1.0,44.0,74,99.96237,99.995,stressed
twap,TWAP,1021,4.145007250362551,4.145007250362551,1.0,57.5,20,99.953552,99.995,stressed
vwap,VWAP,1021,7.874293714686237,7.874293714686237,1.0,57.5,20,99.916261,99.995,stressed
ac,Almgren-Chriss,1022,4.210252563140113,4.210252563140113,1.0,57.5,20,99.932908,99.975,stressed
heuristic,Heuristic,1022,4.975467532399647,5.109077269317099,0.9854,60.0,120,99.92525776334485,99.975,stressed
pov,POV,1022,8.216754188547585,8.216754188547585,1.0,24.0,47,99.892853,99.975,stressed
random,Random,1022,6.717979494873766,6.717979494873766,1.0,44.0,67,99.907837,99.975,stressed
twap,TWAP,1022,2.240160040010794,2.240160040010794,1.0,57.5,20,99.952604,99.975,stressed
vwap,VWAP,1022,3.364741185296609,3.364741185296609,1.0,57.5,20,99.941361,99.975,stressed
ac,Almgren-Chriss,1023,6.268513425671717,6.268513425671717,1.0,57.5,20,99.932318,99.995,stressed
heuristic,Heuristic,1023,6.785939296964097,6.785939296964097,1.0,58.5,117,99.927144,99.995,stressed
pov,POV,1023,11.69018450922516,11.69018450922516,1.0,22.5,44,99.878104,99.995,stressed
random,Random,1023,7.170858542927321,7.170858542927321,1.0,43.5,68,99.923295,99.995,stressed
twap,TWAP,1023,1.5926796339816467,1.5926796339816467,1.0,57.5,20,99.979074,99.995,stressed
vwap,VWAP,1023,3.126856342817851,3.126856342817851,1.0,57.5,20,99.963733,99.995,stressed
ac,Almgren-Chriss,1024,8.754488622155645,8.754488622155645,1.0,57.5,20,99.887477,99.975,stressed
heuristic,Heuristic,1024,3.0533892388166817,3.4345586396595045,0.9254,60.0,120,99.94447374108492,99.975,stressed
pov,POV,1024,4.404901225306373,4.404901225306373,1.0,26.0,51,99.930962,99.975,stressed
random,Random,1024,7.57419354838691,7.57419354838691,1.0,44.5,73,99.899277,99.975,stressed
twap,TWAP,1024,5.751737934483318,5.751737934483318,1.0,57.5,20,99.917497,99.975,stressed
vwap,VWAP,1024,0.806301575393636,0.806301575393636,1.0,57.5,20,99.966939,99.975,stressed
ac,Almgren-Chriss,1025,2.2738410761607546,2.2738410761607546,1.0,57.5,20,99.962265,99.985,stressed
heuristic,Heuristic,1025,2.764376837703359,3.289893484020444,0.9096,60.0,120,99.95736037818824,99.985,stressed
pov,POV,1025,5.963394509176013,5.963394509176013,1.0,25.5,50,99.925375,99.985,stressed
random,Random,1025,6.174326148922012,6.174326148922012,1.0,41.0,64,99.923266,99.985,stressed
twap,TWAP,1025,-1.0349552432859428,-1.0349552432859428,1.0,57.5,20,99.995348,99.985,stressed
vwap,VWAP,1025,8.349552432864582,8.349552432864582,1.0,57.5,20,99.901517,99.985,stressed
ac,Almgren-Chriss,1026,9.338899165125074,9.338899165125074,1.0,57.5,20,99.921597,100.015,stressed
heuristic,Heuristic,1026,7.845596547210722,7.849422586611766,0.9995,60.0,120,99.93653226613309,100.015,stressed
pov,POV,1026,4.840873868919406,4.840873868919406,1.0,23.5,46,99.966584,100.015,stressed
random,Random,1026,13.074938759186146,13.074938759186146,1.0,40.5,66,99.884231,100.015,stressed
twap,TWAP,1026,5.877218417237319,5.877218417237319,1.0,57.5,20,99.956219,100.015,stressed
vwap,VWAP,1026,10.25676148577664,10.25676148577664,1.0,57.5,20,99.912417,100.015,stressed
ac,Almgren-Chriss,1027,6.352382380880415,6.352382380880415,1.0,57.5,20,99.941473,100.005,stressed
heuristic,Heuristic,1027,6.714508442939959,7.296935153242515,0.9337,60.0,120,99.93785155831638,100.005,stressed
pov,POV,1027,7.34773261336858,7.34773261336858,1.0,24.0,47,99.931519,100.005,stressed
random,Random,1027,9.870506474675452,9.870506474675452,1.0,37.0,61,99.90629,100.005,stressed
twap,TWAP,1027,9.837508124593509,9.837508124593509,1.0,57.5,20,99.90662,100.005,stressed
vwap,VWAP,1027,3.5621218939049,3.5621218939049,1.0,57.5,20,99.969377,100.005,stressed
ac,Almgren-Chriss,1028,1.3008252063009496,1.3008252063009496,1.0,57.5,20,99.961995,99.975,stressed
heuristic,Heuristic,1028,4.218870869097522,4.423605901475951,0.9671,60.0,120,99.9328218384862,99.975,stressed
pov,POV,1028,3.8076519129774256,3.8076519129774256,1.0,25.0,49,99.936933,99.975,stressed
random,Random,1028,3.736434108527816,3.736434108527816,1.0,41.5,67,99.937645,99.975,stressed
twap,TWAP,1028,4.931032758189434,4.931032758189434,1.0,57.5,20,99.925702,99.975,stressed
vwap,VWAP,1028,0.7141785446361008,0.7141785446361008,1.0,57.5,20,99.96786,99.975,stressed
ac,Almgren-Chriss,1029,4.252037805670045,4.252037805670045,1.0,57.5,20,99.94248600000002,99.985,stressed
heuristic,Heuristic,1029,5.88580517232901,6.18782817422492,0.9524,60.0,120,99.92615077698449,99.985,stressed
pov,POV,1029,9.475921388208493,9.475921388208493,1.0,25.5,50,99.890255,99.985,stressed
random,Random,1029,8.069859342199551,-64.87123068460357,1.0073,45.5,72,99.90431351136702,99.985,stressed
twap,TWAP,1029,0.4833725058757533,0.4833725058757533,1.0,57.5,20,99.980167,99.985,stressed
vwap,VWAP,1029,-2.6427964194635543,-2.6427964194635543,1.0,57.5,20,100.011424,99.985,stressed
ac,Almgren-Chriss,1030,6.975458589493541,6.975458589493541,1.0,57.5,20,99.965221,100.035,stressed
heuristic,Heuristic,1030,9.88134153046415,9.88134153046415,1.0,60.0,120,99.936152,100.035,stressed
pov,POV,1030,6.524216524216466,6.524216524216466,1.0,25.5,50,99.969735,100.035,stressed
random,Random,1030,10.120057979707909,10.120057979707909,1.0,37.0,65,99.933764,100.035,stressed
twap,TWAP,1030,3.0670265407111645,3.0670265407111645,1.0,57.5,20,100.004319,100.035,stressed
vwap,VWAP,1030,9.870945169191389,9.870945169191389,1.0,57.5,20,99.936256,100.035,stressed
ac,Almgren-Chriss,1031,3.8483469214222503,3.8483469214222503,1.0,57.5,20,99.92653,99.965,stressed
heuristic,Heuristic,1031,3.2597409093174665,3.2597409093174665,1.0,50.0,100,99.932414,99.965,stressed
pov,POV,1031,5.486520282098508,5.486520282098508,1.0,25.0,49,99.910154,99.965,stressed
random,Random,1031,8.171860151052737,8.171860151052737,1.0,40.5,67,99.88331,99.965,stressed
twap,TWAP,1031,6.511479017656599,6.511479017656599,1.0,57.5,20,99.899908,99.965,stressed
vwap,VWAP,1031,0.978942629920842,0.978942629920842,1.0,57.5,20,99.955214,99.965,stressed
ac,Almgren-Chriss,1032,8.270881264380153,8.270881264380153,1.0,57.5,20,99.887316,99.97,stressed
heuristic,Heuristic,1032,2.46513954186331,2.46513954186331,1.0,54.5,109,99.945356,99.97,stressed
pov,POV,1032,4.014004201260803,4.014004201260803,1.0,25.5,50,99.929872,99.97,stressed
random,Random,1032,4.135740722216781,4.135740722216781,1.0,42.5,72,99.928655,99.97,stressed
twap,TWAP,1032,7.768230469141071,7.768230469141071,1.0,57.5,20,99.892341,99.97,stressed
vwap,VWAP,1032,-0.5953786135838248,-0.5953786135838248,1.0,57.5,20,99.975952,99.97,stressed
ac,Almgren-Chriss,1033,6.653171390014252,6.653171390014252,1.0,57.5,20,99.968445,100.035,stressed
heuristic,Heuristic,1033,8.574318576126508,9.037736792122722,0.9312,60.0,120,99.94922680412373,100.035,stressed
pov,POV,1033,9.98500524816262,9.98500524816262,1.0,24.0,47,99.935115,100.035,stressed
random,Random,1033,7.821362523116726,7.821362523116726,1.0,40.0,70,99.956759,100.035,stressed
twap,TWAP,1033,9.340130954165788,9.340130954165788,1.0,57.5,20,99.941566,100.035,stressed
vwap,VWAP,1033,9.550657269955602,9.550657269955602,1.0,57.5,20,99.93946,100.035,stressed
ac,Almgren-Chriss,1034,8.341248812678753,8.341248812678753,1.0,57.5,20,99.931575,100.015,stressed
heuristic,Heuristic,1034,6.755126348562861,7.002649602558915,0.9569,60.0,120,99.94743860382484,100.015,stressed
pov,POV,1034,5.771534269859355,5.771534269859355,1.0,24.5,48,99.957276,100.015,stressed
random,Random,1034,10.37644353347059,10.37644353347059,1.0,42.5,67,99.91122,100.015,stressed
twap,TWAP,1034,7.927010948358034,7.927010948358034,1.0,57.5,20,99.935718,100.015,stressed
vwap,VWAP,1034,9.295905614158054,9.295905614158054,1.0,57.5,20,99.922027,100.015,stressed
ac,Almgren-Chriss,1035,8.325048757313716,8.325048757313716,1.0,57.5,20,99.901762,99.985,stressed
heuristic,Heuristic,1035,6.562774265723733,7.1653748062213,0.9241,60.0,120,99.91938210150416,99.985,stressed
pov,POV,1035,8.517877681653083,8.517877681653083,1.0,25.5,50,99.899834,99.985,stressed
random,Random,1035,11.642646396959872,11.642646396959872,1.0,45.0,72,99.868591,99.985,stressed
twap,TWAP,1035,8.681702255337582,8.681702255337582,1.0,57.5,20,99.898196,99.985,stressed
vwap,VWAP,1035,9.030454568184972,9.030454568184972,1.0,57.5,20,99.894709,99.985,stressed
ac,Almgren-Chriss,1036,12.056097195139424,12.056097195139424,1.0,57.5,20,99.88443300000002,100.005,stressed
heuristic,Heuristic,1036,7.010315483223704,7.017049147543257,0.9985,60.0,120,99.93489334001002,100.005,stressed
pov,POV,1036,3.721113944302031,3.721113944302031,1.0,24.5,48,99.96778700000002,100.005,stressed
random,Random,1036,5.421428928554356,5.421428928554356,1.0,44.0,70,99.950783,100.005,stressed
twap,TWAP,1036,3.6737163141840665,3.6737163141840665,1.0,57.5,20,99.968261,100.005,stressed
vwap,VWAP,1036,3.8843057847108806,3.8843057847108806,1.0,57.5,20,99.966155,100.005,stressed
ac,Almgren-Chriss,1037,5.407529623519685,5.407529623519685,1.0,57.5,20,99.950922,100.005,stressed
heuristic,Heuristic,1037,4.366935097012314,4.696565171742944,0.9176,60.0,120,99.96132846556232,100.005,stressed
pov,POV,1037,10.113494325283314,10.113494325283314,1.0,24.5,48,99.90386,100.005,stressed
random,Random,1037,6.498975051246932,6.498975051246932,1.0,47.0,74,99.940007,100.005,stressed
twap,TWAP,1037,5.547022648867735,5.547022648867735,1.0,57.5,20,99.949527,100.005,stressed
vwap,VWAP,1037,0.248587570622275,0.248587570622275,1.0,57.5,20,100.002514,100.005,stressed
ac,Almgren-Chriss,1038,7.319268073192389,7.319268073192389,1.0,57.5,20,99.9368,100.01,stressed
heuristic,Heuristic,1038,6.567810555627607,6.80491950804888,0.9552,60.0,120,99.94431532663316,100.01,stressed
pov,POV,1038,8.982801719828698,8.982801719828698,1.0,24.0,47,99.920163,100.01,stressed
random,Random,1038,8.203079692031228,8.203079692031228,1.0,48.5,78,99.927961,100.01,stressed
twap,TWAP,1038,4.919208079192456,4.919208079192456,1.0,57.5,20,99.960803,100.01,stressed
vwap,VWAP,1038,3.2160783921601235,3.2160783921601235,1.0,57.5,20,99.977836,100.01,stressed
ac,Almgren-Chriss,1039,4.767684847273747,4.767684847273747,1.0,57.5,20,99.967316,100.015,stressed
heuristic,Heuristic,1039,2.968030453851188,-21.02484627305929,1.0024,52.0,104,99.9853152434158,100.015,stressed
pov,POV,1039,7.142128680698329,7.142128680698329,1.0,25.0,49,99.943568,100.015,stressed
random,Random,1039,8.771184322350775,8.771184322350775,1.0,49.0,79,99.927275,100.015,stressed
twap,TWAP,1039,3.2070189471583626,3.2070189471583626,1.0,57.5,20,99.982925,100.015,stressed
vwap,VWAP,1039,7.3566964955254415,7.3566964955254415,1.0,57.5,20,99.941422,100.015,stressed
ac,Almgren-Chriss,1040,5.242451509698555,5.242451509698555,1.0,57.5,20,99.967565,100.02,stressed
heuristic,Heuristic,1040,3.7115576884615393,3.7115576884615393,1.0,57.5,115,99.98287700000002,100.02,stressed
pov,POV,1040,2.7453509298139296,2.7453509298139296,1.0,23.0,45,99.992541,100.02,stressed
random,Random,1040,5.945518735679245,-33.031293741251105,1.0039,48.0,74,99.96053292160572,100.02,stressed
twap,TWAP,1040,8.180863827235354,8.180863827235354,1.0,57.5,20,99.938175,100.02,stressed
vwap,VWAP,1040,6.79594081183781,6.79594081183781,1.0,57.5,20,99.952027,100.02,stressed
ac,Almgren-Chriss,1041,6.702675668916341,6.702675668916341,1.0,57.5,20,99.90799,99.975,stressed
heuristic,Heuristic,1041,4.268690410278731,3.2691172793195564,1.0001,53.0,106,99.93232376762325,99.975,stressed
pov,POV,1041,8.276869217303558,8.276869217303558,1.0,25.5,50,99.892252,99.975,stressed
random,Random,1041,7.580895223805675,7.580895223805675,1.0,39.5,64,99.89921,99.975,stressed
twap,TWAP,1041,7.294423605902151,7.294423605902151,1.0,57.5,20,99.902074,99.975,stressed
vwap,VWAP,1041,3.644411102775825,3.644411102775825,1.0,57.5,20,99.938565,99.975,stressed
ac,Almgren-Chriss,1042,4.563843615638439,4.563843615638439,1.0,57.5,20,99.964357,100.01,stressed
heuristic,Heuristic,1042,4.35286471352932,4.35286471352932,1.0,60.0,120,99.966467,100.01,stressed
pov,POV,1042,7.447955204480379,7.447955204480379,1.0,27.0,53,99.935513,100.01,stressed
random,Random,1042,9.415958404159753,9.415958404159753,1.0,41.5,71,99.915831,100.01,stressed
twap,TWAP,1042,0.5542445755422304,0.5542445755422304,1.0,57.5,20,100.004457,100.01,stressed
vwap,VWAP,1042,-0.6486351364860865,-0.6486351364860865,1.0,57.5,20,100.016487,100.01,stressed
ac,Almgren-Chriss,1043,8.435234714792578,8.435234714792578,1.0,57.5,20,99.930635,100.015,stressed
heuristic,Heuristic,1043,4.711023961912608,-3.2852072189175234,1.0008,51.0,102,99.96788269384491,100.015,stressed
pov,POV,1043,22.37844323351417,22.37844323351417,1.0,22.0,43,99.791182,100.015,stressed
random,Random,1043,10.517422386642236,10.517422386642236,1.0,41.0,66,99.90981,100.015,stressed
twap,TWAP,1043,3.3950907363893728,3.3950907363893728,1.0,57.5,20,99.981044,100.015,stressed
vwap,VWAP,1043,9.53656951457328,9.53656951457328,1.0,57.5,20,99.91962,100.015,stressed
ac,Almgren-Chriss,1044,5.726686334316274,5.726686334316274,1.0,57.5,20,99.937736,99.995,stressed
heuristic,Heuristic,1044,5.226236573484223,5.596879843992962,0.9459,60.0,120,99.94274024738344,99.995,stressed
pov,POV,1044,6.80274013700734,6.80274013700734,1.0,24.5,48,99.926976,99.995,stressed
random,Random,1044,6.364018200909926,6.364018200909926,1.0,47.0,71,99.931363,99.995,stressed
twap,TWAP,1044,3.0755537776886026,3.0755537776886026,1.0,57.5,20,99.964246,99.995,stressed
vwap,VWAP,1044,9.736686834341088,9.736686834341088,1.0,57.5,20,99.897638,99.995,stressed
ac,Almgren-Chriss,1045,8.733489976503702,8.733489976503702,1.0,57.5,20,99.927652,100.015,stressed
heuristic,Heuristic,1045,5.649163145200143,5.959306104083918,0.9506,60.0,120,99.95849989480328,100.015,stressed
pov,POV,1045,3.710343448482765,3.710343448482765,1.0,23.5,46,99.977891,100.015,stressed
random,Random,1045,6.965189635519812,-18.01739739039117,1.0025,41.0,69,99.94533765586036,100.015,stressed
twap,TWAP,1045,11.981602759585227,11.981602759585227,1.0,57.5,20,99.89516600000002,100.015,stressed
vwap,VWAP,1045,8.670999350097663,8.670999350097663,1.0,57.5,20,99.928277,100.015,stressed
ac,Almgren-Chriss,1046,2.793880917861887,2.793880917861887,1.0,57.5,20,99.987057,100.015,stressed
heuristic,Heuristic,1046,6.355300179125385,7.433884917261901,0.8995,60.0,120,99.95143746525848,100.015,stressed
pov,POV,1046,10.152377143427826,10.152377143427826,1.0,25.0,49,99.913461,100.015,stressed
random,Random,1046,10.089486577013796,10.089486577013796,1.0,43.0,67,99.91409,100.015,stressed
twap,TWAP,1046,4.904564315353049,4.904564315353049,1.0,57.5,20,99.965947,100.015,stressed
vwap,VWAP,1046,4.60560915862567,4.60560915862567,1.0,57.5,20,99.968937,100.015,stressed
ac,Almgren-Chriss,1047,2.5192038407686894,2.5192038407686894,1.0,57.5,20,99.954813,99.98,stressed
heuristic,Heuristic,1047,4.30026005201028,4.30026005201028,1.0,54.5,109,99.937006,99.98,stressed
pov,POV,1047,1.729445889178307,1.729445889178307,1.0,25.0,49,99.962709,99.98,stressed
random,Random,1047,5.591718343668274,5.591718343668274,1.0,39.5,64,99.924094,99.98,stressed
twap,TWAP,1047,5.646229245848899,5.646229245848899,1.0,57.5,20,99.923549,99.98,stressed
vwap,VWAP,1047,4.282556511301807,4.282556511301807,1.0,57.5,20,99.937183,99.98,stressed
ac,Almgren-Chriss,1048,9.929400000000896,9.929400000000896,1.0,57.5,20,99.900706,100.0,stressed
heuristic,Heuristic,1048,6.084114210119878,6.992000000000189,0.9071,60.0,120,99.9391588578988,100.0,stressed
pov,POV,1048,6.229600000000573,6.229600000000573,1.0,25.5,50,99.937704,100.0,stressed
random,Random,1048,5.153800000000047,5.153800000000047,1.0,49.0,78,99.948462,100.0,stressed
twap,TWAP,1048,5.928099999999176,5.928099999999176,1.0,57.5,20,99.94071900000002,100.0,stressed
vwap,VWAP,1048,6.024600000000646,6.024600000000646,1.0,57.5,20,99.939754,100.0,stressed
ac,Almgren-Chriss,1049,1.5813046738321794,1.5813046738321794,1.0,57.5,20,100.009183,100.025,stressed
heuristic,Heuristic,1049,6.817996515287019,7.425843539115407,0.9365,60.0,120,99.95680298985584,100.025,stressed
pov,POV,1049,7.425643589102506,7.425643589102506,1.0,24.5,48,99.950725,100.025,stressed
random,Random,1049,6.280229942515028,6.280229942515028,1.0,45.0,69,99.962182,100.025,stressed
twap,TWAP,1049,4.0152961759553305,4.0152961759553305,1.0,57.5,20,99.984837,100.025,stressed
vwap,VWAP,1049,9.302274431391634,9.302274431391634,1.0,57.5,20,99.931954,100.025,stressed
ac,Almgren-Chriss,1050,5.527418145463681,5.527418145463681,1.0,57.5,20,99.969712,100.025,stressed
heuristic,Heuristic,1050,7.003956658072187,7.079630092476003,0.9899,60.0,120,99.95494292352764,100.025,stressed
pov,POV,1050,10.518570357409876,10.518570357409876,1.0,25.0,49,99.919788,100.025,stressed
random,Random,1050,11.036140964758369,11.036140964758369,1.0,45.5,67,99.914611,100.025,stressed
twap,TWAP,1050,6.865583604098862,6.865583604098862,1.0,57.5,20,99.956327,100.025,stressed
vwap,VWAP,1050,3.256985753561016,3.256985753561016,1.0,57.5,20,99.992422,100.025,stressed
ac,Almgren-Chriss,1051,1.9034951747579756,1.9034951747579756,1.0,57.5,20,99.975966,99.995,stressed
heuristic,Heuristic,1051,4.949762961733139,5.267363368167526,0.9597,60.0,120,99.94550484526415,99.995,stressed
pov,POV,1051,6.086404320216454,6.086404320216454,1.0,25.5,50,99.934139,99.995,stressed
random,Random,1051,8.061503075154564,8.061503075154564,1.0,50.5,72,99.914389,99.995,stressed
twap,TWAP,1051,5.325166258312532,5.325166258312532,1.0,57.5,20,99.941751,99.995,stressed
vwap,VWAP,1051,4.492124606231208,4.492124606231208,1.0,57.5,20,99.950081,99.995,stressed
ac,Almgren-Chriss,1052,6.417279136043873,6.417279136043873,1.0,57.5,20,99.940824,100.005,stressed
heuristic,Heuristic,1052,3.876860518542371,4.111694415279113,0.9492,60.0,120,99.96622945638433,100.005,stressed
pov,POV,1052,4.655667216638915,4.655667216638915,1.0,26.0,51,99.958441,100.005,stressed
random,Random,1052,6.261386930652577,6.261386930652577,1.0,46.0,73,99.942383,100.005,stressed
twap,TWAP,1052,8.721563921803662,8.721563921803662,1.0,57.5,20,99.91778,100.005,stressed
vwap,VWAP,1052,7.033848307584676,7.033848307584676,1.0,57.5,20,99.934658,100.005,stressed
ac,Almgren-Chriss,1053,9.494626343413534,9.494626343413534,1.0,57.5,20,99.93003,100.025,stressed
heuristic,Heuristic,1053,6.984907829367936,7.396850787301091,0.9516,60.0,120,99.95513345943677,100.025,stressed
pov,POV,1053,7.939015246189166,7.939015246189166,1.0,27.0,53,99.94559,100.025,stressed
random,Random,1053,8.104673831542389,8.104673831542389,1.0,39.0,66,99.943933,100.025,stressed
twap,TWAP,1053,8.228442889277346,8.228442889277346,1.0,57.5,20,99.942695,100.025,stressed
vwap,VWAP,1053,4.705323669082962,4.705323669082962,1.0,57.5,20,99.977935,100.025,stressed
ac,Almgren-Chriss,1054,1.8118564430677868,1.8118564430677868,1.0,57.5,20,100.011876,100.03,stressed
heuristic,Heuristic,1054,5.954309657806115,6.687693691893244,0.9088,60.0,120,99.97043904049296,100.03,stressed
pov,POV,1054,7.5044486654002895,7.5044486654002895,1.0,26.0,51,99.954933,100.03,stressed
random,Random,1054,5.326801959412506,5.326801959412506,1.0,52.5,80,99.976716,100.03,stressed
twap,TWAP,1054,2.4252724182739938,2.4252724182739938,1.0,57.5,20,100.00574,100.03,stressed
vwap,VWAP,1054,2.480455863241199,2.480455863241199,1.0,57.5,20,100.005188,100.03,stressed
ac,Almgren-Chriss,1055,7.288406738989923,7.288406738989923,1.0,57.5,20,99.942105,100.015,stressed
heuristic,Heuristic,1055,4.733389991500946,4.733389991500946,1.0,59.0,118,99.967659,100.015,stressed
pov,POV,1055,10.434434834774478,10.434434834774478,1.0,25.0,49,99.91064,100.015,stressed
random,Random,1055,4.020096985451306,4.020096985451306,1.0,42.5,66,99.974793,100.015,stressed
twap,TWAP,1055,2.709693545968344,2.709693545968344,1.0,57.5,20,99.987899,100.015,stressed
vwap,VWAP,1055,3.964705294205712,3.964705294205712,1.0,57.5,20,99.975347,100.015,stressed
ac,Almgren-Chriss,1056,8.51247188202992,8.51247188202992,1.0,57.5,20,99.939854,100.025,stressed
heuristic,Heuristic,1056,10.499202796011424,10.665233691577477,0.9849,60.0,120,99.9199817240329,100.025,stressed
pov,POV,1056,10.594451387154075,10.594451387154075,1.0,24.0,47,99.919029,100.025,stressed
random,Random,1056,8.547863034240711,8.547863034240711,1.0,37.5,62,99.9395,100.025,stressed
twap,TWAP,1056,7.43574106473311,7.43574106473311,1.0,57.5,20,99.950624,100.025,stressed
vwap,VWAP,1056,5.51272181954544,5.51272181954544,1.0,57.5,20,99.969859,100.025,stressed
ac,Almgren-Chriss,1057,7.612819359031826,7.612819359031826,1.0,57.5,20,99.928868,100.005,stressed
heuristic,Heuristic,1057,6.769961501925038,6.769961501925038,1.0,55.5,111,99.937297,100.005,stressed
pov,POV,1057,8.39088045597652,8.39088045597652,1.0,24.5,48,99.921087,100.005,stressed
random,Random,1057,6.841557922103336,6.841557922103336,1.0,37.0,62,99.936581,100.005,stressed
twap,TWAP,1057,5.70451477426081,5.70451477426081,1.0,57.5,20,99.947952,100.005,stressed
vwap,VWAP,1057,-1.7306134693266035,-1.7306134693266035,1.0,57.5,20,100.022307,100.005,stressed
ac,Almgren-Chriss,1058,2.5110255512768744,2.5110255512768744,1.0,57.5,20,99.969891,99.995,stressed
heuristic,Heuristic,1058,5.529249798623208,5.907095354768397,0.9526,60.0,120,99.93971026663868,99.995,stressed
pov,POV,1058,6.0695034751736685,6.0695034751736685,1.0,24.0,47,99.934308,99.995,stressed
random,Random,1058,5.545977298865522,5.545977298865522,1.0,39.5,64,99.939543,99.995,stressed
twap,TWAP,1058,5.945597279863399,5.945597279863399,1.0,57.5,20,99.935547,99.995,stressed
vwap,VWAP,1058,3.880494024701951,3.880494024701951,1.0,57.5,20,99.956197,99.995,stressed
ac,Almgren-Chriss,1059,1.6816477528366611,1.6816477528366611,1.0,57.5,20,99.998181,100.015,stressed
heuristic,Heuristic,1059,7.594950021931051,8.385142228665112,0.9231,60.0,120,99.93903910735564,100.015,stressed
pov,POV,1059,9.641153826925182,9.641153826925182,1.0,24.5,48,99.918574,100.015,stressed
random,Random,1059,5.6872469129624506,5.6872469129624506,1.0,41.0,70,99.958119,100.015,stressed
twap,TWAP,1059,2.028595710642743,2.028595710642743,1.0,57.5,20,99.994711,100.015,stressed
vwap,VWAP,1059,5.686047092936665,5.686047092936665,1.0,57.5,20,99.958131,100.015,stressed
ac,Almgren-Chriss,1060,9.024948752562818,9.024948752562818,1.0,57.5,20,99.914746,100.005,stressed
heuristic,Heuristic,1060,5.725633884194755,5.940602969851109,0.9645,60.0,120,99.94774079834112,100.005,stressed
pov,POV,1060,8.978451077446195,8.978451077446195,1.0,25.5,50,99.915211,100.005,stressed
random,Random,1060,6.6770661466931545,6.6770661466931545,1.0,40.5,66,99.938226,100.005,stressed
twap,TWAP,1060,9.293935303235516,9.293935303235516,1.0,57.5,20,99.912056,100.005,stressed
vwap,VWAP,1060,2.823158842057915,2.823158842057915,1.0,57.5,20,99.976767,100.005,stressed
ac,Almgren-Chriss,1061,-1.2197390130501071,-1.2197390130501071,1.0,57.5,20,100.017198,100.005,stressed
heuristic,Heuristic,1061,5.073608706903177,5.653217339133392,0.9098,60.0,120,99.95426137612662,100.005,stressed
pov,POV,1061,4.62806859657048,4.62806859657048,1.0,24.0,47,99.958717,100.005,stressed
random,Random,1061,8.789160541972965,8.789160541972965,1.0,44.0,67,99.917104,100.005,stressed
twap,TWAP,1061,2.134593270337004,2.134593270337004,1.0,57.5,20,99.983653,100.005,stressed
vwap,VWAP,1061,1.1856407179640989,1.1856407179640989,1.0,57.5,20,99.993143,100.005,stressed
ac,Almgren-Chriss,1062,7.51782767415125,7.51782767415125,1.0,57.5,20,99.909833,99.985,stressed
heuristic,Heuristic,1062,6.789142965863939,7.351602740411527,0.9246,60.0,120,99.9171187540558,99.985,stressed
pov,POV,1062,7.261589238386078,7.261589238386078,1.0,23.5,46,99.912395,99.985,stressed
random,Random,1062,6.853728059208341,6.853728059208341,1.0,40.0,67,99.916473,99.985,stressed
twap,TWAP,1062,6.457868680301268,6.457868680301268,1.0,57.5,20,99.920431,99.985,stressed
vwap,VWAP,1062,5.801070160523755,5.801070160523755,1.0,57.5,20,99.926998,99.985,stressed
ac,Almgren-Chriss,1063,7.852729454110054,7.852729454110054,1.0,57.5,20,99.941457,100.02,stressed
heuristic,Heuristic,1063,8.599538363290058,9.052389522096073,0.9219,60.0,120,99.93398741729038,100.02,stressed
pov,POV,1063,7.431413717256339,7.431413717256339,1.0,22.5,44,99.945671,100.02,stressed
random,Random,1063,3.120075984802527,3.120075984802527,1.0,44.0,61,99.988793,100.02,stressed
twap,TWAP,1063,6.273345330934459,6.273345330934459,1.0,57.5,20,99.957254,100.02,stressed
vwap,VWAP,1063,3.803039392121258,3.803039392121258,1.0,57.5,20,99.981962,100.02,stressed
ac,Almgren-Chriss,1064,4.062796860157095,4.062796860157095,1.0,57.5,20,99.96437,100.005,stressed
heuristic,Heuristic,1064,5.3745266910141005,5.5298235088245065,0.9776,60.0,120,99.95125204582652,100.005,stressed
pov,POV,1064,12.769261536922478,12.769261536922478,1.0,25.5,50,99.877301,100.005,stressed
random,Random,1064,9.433828308585374,9.433828308585374,1.0,40.5,68,99.910657,100.005,stressed
twap,TWAP,1064,3.3493325333735933,3.3493325333735933,1.0,57.5,20,99.971505,100.005,stressed
vwap,VWAP,1064,-1.2609369531527643,-1.2609369531527643,1.0,57.5,20,100.01761,100.005,stressed
ac,Almgren-Chriss,1065,5.092063809571482,5.092063809571482,1.0,57.5,20,99.934087,99.985,stressed
heuristic,Heuristic,1065,6.510814838228852,7.019952992948063,0.9148,60.0,120,99.91990161783995,99.985,stressed
pov,POV,1065,9.997599639946287,9.997599639946287,1.0,25.5,50,99.885039,99.985,stressed
random,Random,1065,6.897334600190367,6.897334600190367,1.0,37.0,66,99.916037,99.985,stressed
twap,TWAP,1065,6.437465619842773,6.437465619842773,1.0,57.5,20,99.920635,99.985,stressed
vwap,VWAP,1065,12.152322848427,12.152322848427,1.0,57.5,20,99.863495,99.985,stressed
ac,Almgren-Chriss,1066,5.032751637581224,5.032751637581224,1.0,57.5,20,99.944675,99.995,stressed
heuristic,Heuristic,1066,5.166416358965789,5.74908745437211,0.9175,60.0,120,99.94333841961851,99.995,stressed
pov,POV,1066,3.072853642682757,3.072853642682757,1.0,25.5,50,99.964273,99.995,stressed
random,Random,1066,9.88069403470134,9.88069403470134,1.0,47.0,75,99.896198,99.995,stressed
twap,TWAP,1066,3.041152057602138,3.041152057602138,1.0,57.5,20,99.96459000000002,99.995,stressed
vwap,VWAP,1066,0.6600330016499371,0.6600330016499371,1.0,57.5,20,99.9884,99.995,stressed
ac,Almgren-Chriss,1067,7.238190452386685,7.238190452386685,1.0,57.5,20,99.9526,100.025,stressed
heuristic,Heuristic,1067,5.736565858534741,5.736565858534741,1.0,57.5,115,99.96762,100.025,stressed
pov,POV,1067,6.9613596600858285,6.9613596600858285,1.0,25.0,49,99.955369,100.025,stressed
random,Random,1067,6.743114221445034,6.743114221445034,1.0,47.0,76,99.957552,100.025,stressed
twap,TWAP,1067,3.661584603849401,3.661584603849401,1.0,57.5,20,99.988375,100.025,stressed
vwap,VWAP,1067,9.197500624844112,9.197500624844112,1.0,57.5,20,99.933002,100.025,stressed
ac,Almgren-Chriss,1068,2.816195951012052,2.816195951012052,1.0,57.5,20,99.996831,100.025,stressed
heuristic,Heuristic,1068,5.733036111119274,6.166858285429117,0.9272,60.0,120,99.96765530629852,100.025,stressed
pov,POV,1068,6.018895276180381,6.018895276180381,1.0,26.5,52,99.964796,100.025,stressed
random,Random,1068,10.462629523882557,-2.523769057737626,1.0013,38.5,66,99.92034754818737,100.025,stressed
twap,TWAP,1068,2.0296925768550267,2.0296925768550267,1.0,57.5,20,100.004698,100.025,stressed
vwap,VWAP,1068,5.5362159460131535,5.5362159460131535,1.0,57.5,20,99.969624,100.025,stressed
ac,Almgren-Chriss,1069,3.2396380180984723,3.2396380180984723,1.0,57.5,20,99.972602,100.005,stressed
heuristic,Heuristic,1069,7.098045097745879,7.098045097745879,1.0,59.5,119,99.934016,100.005,stressed
pov,POV,1069,6.319684015798918,6.319684015798918,1.0,25.5,50,99.9418,100.005,stressed
random,Random,1069,9.194240287985613,9.194240287985613,1.0,37.0,65,99.913053,100.005,stressed
twap,TWAP,1069,2.4310784460785952,2.4310784460785952,1.0,57.5,20,99.980688,100.005,stressed
vwap,VWAP,1069,3.80750962451816,3.80750962451816,1.0,57.5,20,99.966923,100.005,stressed
ac,Almgren-Chriss,1070,1.7568878443914222,1.7568878443914222,1.0,57.5,20,99.977432,99.995,stressed
heuristic,Heuristic,1070,0.6338330105193171,0.8567428371421307,0.9402,60.0,120,99.98866198681132,99.995,stressed
pov,POV,1070,8.055602780139703,8.055602780139703,1.0,24.5,48,99.914448,99.995,stressed
random,Random,1070,12.398119905994427,12.398119905994427,1.0,39.0,67,99.87102500000002,99.995,stressed
twap,TWAP,1070,7.515775788789667,7.515775788789667,1.0,57.5,20,99.919846,99.995,stressed
vwap,VWAP,1070,6.388119405970723,6.388119405970723,1.0,57.5,20,99.931122,99.995,stressed
ac,Almgren-Chriss,1071,5.726913654316641,5.726913654316641,1.0,57.5,20,99.947728,100.005,stressed
heuristic,Heuristic,1071,7.817939887363018,8.425178741065253,0.9154,60.0,120,99.92681669215642,100.005,stressed
pov,POV,1071,7.088945552722003,7.088945552722003,1.0,23.5,46,99.934107,100.005,stressed
random,Random,1071,10.74076296185159,10.74076296185159,1.0,48.0,74,99.897587,100.005,stressed
twap,TWAP,1071,12.898155092246236,12.898155092246236,1.0,57.5,20,99.876012,100.005,stressed
vwap,VWAP,1071,9.57782110894377,9.57782110894377,1.0,57.5,20,99.909217,100.005,stressed
ac,Almgren-Chriss,1072,3.510326548982161,3.510326548982161,1.0,57.5,20,99.949902,99.985,stressed
heuristic,Heuristic,1072,6.500975146271941,6.684902735410305,0.9691,60.0,120,99.92,99.985,stressed
pov,POV,1072,4.915837375606507,4.915837375606507,1.0,25.0,49,99.935849,99.985,stressed
random,Random,1072,10.602290343552404,10.602290343552404,1.0,49.0,78,99.878993,99.985,stressed
twap,TWAP,1072,7.180577086563174,7.180577086563174,1.0,57.5,20,99.913205,99.985,stressed
vwap,VWAP,1072,5.680752112816101,5.680752112816101,1.0,57.5,20,99.92820100000002,99.985,stressed
ac,Almgren-Chriss,1073,1.547467879817195,1.547467879817195,1.0,57.5,20,99.999523,100.015,stressed
heuristic,Heuristic,1073,6.937075759827072,6.990151477278799,0.9938,60.0,120,99.94561883678809,100.015,stressed
pov,POV,1073,7.975203719441642,7.975203719441642,1.0,23.0,45,99.935236,100.015,stressed
random,Random,1073,11.266764685127049,0.2791581262819134,1.0011,44.0,73,99.9023154530017,100.015,stressed
twap,TWAP,1073,7.37029445583162,7.37029445583162,1.0,57.5,20,99.941286,100.015,stressed
vwap,VWAP,1073,2.6367044943257696,2.6367044943257696,1.0,57.5,20,99.988629,100.015,stressed
ac,Almgren-Chriss,1074,9.686978255435436,9.686978255435436,1.0,57.5,20,99.928106,100.025,stressed
heuristic,Heuristic,1074,5.135376505421682,5.504923769056836,0.9498,60.0,120,99.97363339650452,100.025,stressed
pov,POV,1074,7.637690577356089,7.637690577356089,1.0,23.5,46,99.948604,100.025,stressed
random,Random,1074,7.60869782554359,7.60869782554359,1.0,47.5,76,99.948894,100.025,stressed
twap,TWAP,1074,9.07063234191373,9.07063234191373,1.0,57.5,20,99.934271,100.025,stressed
vwap,VWAP,1074,12.62364408897776,12.62364408897776,1.0,57.5,20,99.898732,100.025,stressed
ac,Almgren-Chriss,1075,7.00914954252299,7.00914954252299,1.0,57.5,20,99.934905,100.005,stressed
heuristic,Heuristic,1075,3.536399225459315,3.9808009599517695,0.9159,60.0,120,99.9696342395458,100.005,stressed
pov,POV,1075,7.785610719464085,7.785610719464085,1.0,25.0,49,99.92714,100.005,stressed
random,Random,1075,9.933703314833949,9.933703314833949,1.0,51.0,79,99.905658,100.005,stressed
twap,TWAP,1075,5.613019349033439,5.613019349033439,1.0,57.5,20,99.948867,100.005,stressed
vwap,VWAP,1075,8.346582670866209,8.346582670866209,1.0,57.5,20,99.92153,100.005,stressed
ac,Almgren-Chriss,1076,2.8099595020255013,2.8099595020255013,1.0,57.5,20,99.976899,100.005,stressed
heuristic,Heuristic,1076,8.85249855154269,9.570421478926674,0.9299,60.0,120,99.9164705882353,100.005,stressed
pov,POV,1076,8.485675716214267,8.485675716214267,1.0,24.0,47,99.920139,100.005,stressed
random,Random,1076,8.302884855756792,8.302884855756792,1.0,51.0,77,99.921967,100.005,stressed
twap,TWAP,1076,14.591370431478271,14.591370431478271,1.0,57.5,20,99.859079,100.005,stressed
vwap,VWAP,1076,5.831608419578244,5.831608419578244,1.0,57.5,20,99.946681,100.005,stressed
ac,Almgren-Chriss,1077,9.77882211778847,9.77882211778847,1.0,57.5,20,99.912202,100.01,stressed
heuristic,Heuristic,1077,3.9900009999006008,3.9900009999006008,1.0,55.0,110,99.970096,100.01,stressed
pov,POV,1077,9.39396060393893,9.39396060393893,1.0,24.5,48,99.916051,100.01,stressed
random,Random,1077,8.967103289671789,8.967103289671789,1.0,47.0,71,99.92032,100.01,stressed
twap,TWAP,1077,7.240075992400341,7.240075992400341,1.0,57.5,20,99.937592,100.01,stressed
vwap,VWAP,1077,6.318668133185884,6.318668133185884,1.0,57.5,20,99.946807,100.01,stressed
ac,Almgren-Chriss,1078,8.479819954988205,8.479819954988205,1.0,57.5,20,99.890223,99.975,stressed
heuristic,Heuristic,1078,6.492629452956491,-0.5028257064257012,1.0007,55.5,111,99.91008993704406,99.975,stressed
pov,POV,1078,10.737584396098496,10.737584396098496,1.0,23.5,46,99.867651,99.975,stressed
random,Random,1078,6.212053013252541,6.212053013252541,1.0,43.0,67,99.912895,99.975,stressed
twap,TWAP,1078,7.764041010252481,7.764041010252481,1.0,57.5,20,99.897379,99.975,stressed
vwap,VWAP,1078,7.900875218804841,7.900875218804841,1.0,57.5,20,99.896011,99.975,stressed
ac,Almgren-Chriss,1079,11.905090509050243,11.905090509050243,1.0,57.5,20,99.870961,99.99,stressed
heuristic,Heuristic,1079,10.525639382954193,10.731573157315395,0.9802,60.0,120,99.88475413180984,99.99,stressed
pov,POV,1079,4.254225422542665,4.254225422542665,1.0,25.5,50,99.947462,99.99,stressed
random,Random,1079,11.425642564255597,11.425642564255597,1.0,42.5,69,99.875755,99.99,stressed
twap,TWAP,1079,7.25392539253845,7.25392539253845,1.0,57.5,20,99.917468,99.99,stressed
vwap,VWAP,1079,10.617161716170896,10.617161716170896,1.0,57.5,20,99.883839,99.99,stressed
ac,Almgren-Chriss,1080,8.21808909554608,8.21808909554608,1.0,57.5,20,99.922815,100.005,stressed
heuristic,Heuristic,1080,4.101751818831915,4.295585220738835,0.9607,60.0,120,99.96398043093578,100.005,stressed
pov,POV,1080,6.180590970450861,6.180590970450861,1.0,25.0,49,99.943191,100.005,stressed
random,Random,1080,10.84415779211004,10.84415779211004,1.0,42.5,70,99.896553,100.005,stressed
twap,TWAP,1080,9.097445127744276,9.097445127744276,1.0,57.5,20,99.914021,100.005,stressed
vwap,VWAP,1080,3.63551822408952,3.63551822408952,1.0,57.5,20,99.968643,100.005,stressed
ac,Almgren-Chriss,1081,6.230965355197398,6.230965355197398,1.0,57.5,20,99.952681,100.015,stressed
heuristic,Heuristic,1081,5.271100578416216,1.273209018647241,1.0004,59.0,118,99.96228108756496,100.015,stressed
pov,POV,1081,7.996000599909807,7.996000599909807,1.0,23.0,45,99.935028,100.015,stressed
random,Random,1081,5.074738789182452,5.074738789182452,1.0,35.5,63,99.964245,100.015,stressed
twap,TWAP,1081,2.561315802629806,2.561315802629806,1.0,57.5,20,99.989383,100.015,stressed
vwap,VWAP,1081,3.4932760085989023,3.4932760085989023,1.0,57.5,20,99.980062,100.015,stressed
ac,Almgren-Chriss,1082,7.6810999999997875,7.6810999999997875,1.0,57.5,20,99.923189,100.0,stressed
heuristic,Heuristic,1082,7.90681043018958,8.567199999999502,0.9089,60.0,120,99.9209318956981,100.0,stressed
pov,POV,1082,9.14890000000014,9.14890000000014,1.0,25.0,49,99.908511,100.0,stressed
random,Random,1082,8.087600000000748,8.087600000000748,1.0,43.0,71,99.919124,100.0,stressed
twap,TWAP,1082,3.930299999999989,3.930299999999989,1.0,57.5,20,99.960697,100.0,stressed
vwap,VWAP,1082,4.63589999999931,4.63589999999931,1.0,57.5,20,99.953641,100.0,stressed
ac,Almgren-Chriss,1083,7.276191428715055,7.276191428715055,1.0,57.5,20,99.912249,99.985,stressed
heuristic,Heuristic,1083,8.53428014202075,8.53428014202075,1.0,51.5,103,99.89967,99.985,stressed
pov,POV,1083,6.4984747712151725,6.4984747712151725,1.0,25.5,50,99.920025,99.985,stressed
random,Random,1083,10.350152522877783,10.350152522877783,1.0,43.0,69,99.881514,99.985,stressed
twap,TWAP,1083,9.584037605640574,9.584037605640574,1.0,57.5,20,99.889174,99.985,stressed
vwap,VWAP,1083,5.51862779416875,5.51862779416875,1.0,57.5,20,99.929822,99.985,stressed
ac,Almgren-Chriss,1084,12.441856978662562,12.441856978662562,1.0,57.5,20,99.930513,100.055,stressed
heuristic,Heuristic,1084,10.14626267597406,10.752286242566804,0.9332,60.0,120,99.95348156879554,100.055,stressed
pov,POV,1084,5.876967667782323,5.876967667782323,1.0,21.5,42,99.996198,100.055,stressed
random,Random,1084,4.511818499825826,4.511818499825826,1.0,49.0,73,100.009857,100.055,stressed
twap,TWAP,1084,8.646144620459294,8.646144620459294,1.0,57.5,20,99.968491,100.055,stressed
vwap,VWAP,1084,9.42071860476756,9.42071860476756,1.0,57.5,20,99.960741,100.055,stressed
ac,Almgren-Chriss,1085,4.698155645524389,4.698155645524389,1.0,57.5,20,99.988002,100.035,stressed
heuristic,Heuristic,1085,4.729682379091151,5.166091867846626,0.9471,60.0,120,99.98768662232077,100.035,stressed
pov,POV,1085,4.8687959214284025,4.8687959214284025,1.0,27.5,54,99.986295,100.035,stressed
random,Random,1085,5.5469585645022,5.5469585645022,1.0,41.0,68,99.979511,100.035,stressed
twap,TWAP,1085,5.054730844205125,5.054730844205125,1.0,57.5,20,99.984435,100.035,stressed
vwap,VWAP,1085,0.6334782826014068,0.6334782826014068,1.0,57.5,20,100.028663,100.035,stressed
ac,Almgren-Chriss,1086,9.044647767610984,9.044647767610984,1.0,57.5,20,99.914549,100.005,stressed
heuristic,Heuristic,1086,0.2754862256884536,0.2754862256884536,1.0,57.0,114,100.002245,100.005,stressed
pov,POV,1086,8.256387180640171,8.256387180640171,1.0,25.5,50,99.922432,100.005,stressed
random,Random,1086,10.049797510125282,10.049797510125282,1.0,46.0,76,99.904497,100.005,stressed
twap,TWAP,1086,8.095795210239443,8.095795210239443,1.0,57.5,20,99.924038,100.005,stressed
vwap,VWAP,1086,6.577271136443707,6.577271136443707,1.0,57.5,20,99.939224,100.005,stressed
ac,Almgren-Chriss,1087,7.870706464677062,7.870706464677062,1.0,57.5,20,99.926289,100.005,stressed
heuristic,Heuristic,1087,4.68076596170241,4.68076596170241,1.0,54.0,108,99.95819,100.005,stressed
pov,POV,1087,10.651667416629618,10.651667416629618,1.0,23.5,46,99.898478,100.005,stressed
random,Random,1087,8.729763511824377,8.729763511824377,1.0,45.5,70,99.917698,100.005,stressed
twap,TWAP,1087,2.397880105993929,2.397880105993929,1.0,57.5,20,99.98102000000002,100.005,stressed
vwap,VWAP,1087,9.006249687515535,9.006249687515535,1.0,57.5,20,99.914933,100.005,stressed
ac,Almgren-Chriss,1088,9.19837975696366,9.19837975696366,1.0,57.5,20,99.89303,99.985,stressed
heuristic,Heuristic,1088,6.2700405060754365,6.2700405060754365,1.0,58.5,117,99.922309,99.985,stressed
pov,POV,1088,12.824423663549751,12.824423663549751,1.0,24.0,47,99.856775,99.985,stressed
random,Random,1088,8.556783517528023,8.556783517528023,1.0,50.5,84,99.899445,99.985,stressed
twap,TWAP,1088,5.616242436366045,5.616242436366045,1.0,57.5,20,99.928846,99.985,stressed
vwap,VWAP,1088,8.727709156373013,8.727709156373013,1.0,57.5,20,99.897736,99.985,stressed
ac,Almgren-Chriss,1089,9.10123481477795,9.10123481477795,1.0,57.5,20,99.923974,100.015,stressed
heuristic,Heuristic,1089,8.187872413277754,8.324651302302655,0.9762,60.0,120,99.9331089940586,100.015,stressed
pov,POV,1089,6.131380292955361,6.131380292955361,1.0,25.5,50,99.953677,100.015,stressed
random,Random,1089,7.2667099935006,7.2667099935006,1.0,40.5,65,99.942322,100.015,stressed
twap,TWAP,1089,4.801579763034922,4.801579763034922,1.0,57.5,20,99.966977,100.015,stressed
vwap,VWAP,1089,7.327400889866142,7.327400889866142,1.0,57.5,20,99.941715,100.015,stressed
ac,Almgren-Chriss,1090,8.376894223555484,8.376894223555484,1.0,57.5,20,99.891252,99.975,stressed
heuristic,Heuristic,1090,6.966611294891875,7.842760690172488,0.9052,60.0,120,99.90535130357932,99.975,stressed
pov,POV,1090,8.953138284570962,8.953138284570962,1.0,26.5,52,99.885491,99.975,stressed
random,Random,1090,8.03870967741992,8.03870967741992,1.0,44.5,74,99.894633,99.975,stressed
twap,TWAP,1090,6.900125031257852,6.900125031257852,1.0,57.5,20,99.906016,99.975,stressed
vwap,VWAP,1090,3.4414603650911766,3.4414603650911766,1.0,57.5,20,99.940594,99.975,stressed
ac,Almgren-Chriss,1091,3.3739434858721724,3.3739434858721724,1.0,57.5,20,99.941269,99.975,stressed
heuristic,Heuristic,1091,2.560479261907209,2.8511127781939023,0.9325,60.0,120,99.94940160857908,99.975,stressed
pov,POV,1091,6.686671667916469,6.686671667916469,1.0,25.5,50,99.90815,99.975,stressed
random,Random,1091,10.341787441873825,-14.63235808952168,1.0025,49.0,71,99.87160798004987,99.975,stressed
twap,TWAP,1091,7.159289822454959,7.159289822454959,1.0,57.5,20,99.903425,99.975,stressed
vwap,VWAP,1091,7.768642160540263,7.768642160540263,1.0,57.5,20,99.897333,99.975,stressed
ac,Almgren-Chriss,1092,1.616195951011627,1.616195951011627,1.0,57.5,20,100.008834,100.025,stressed
heuristic,Heuristic,1092,7.039391308709038,7.366058485377936,0.9295,60.0,120,99.95458848843464,100.025,stressed
pov,POV,1092,8.420194951262362,8.420194951262362,1.0,24.5,48,99.940777,100.025,stressed
random,Random,1092,7.838940264933004,7.838940264933004,1.0,50.5,76,99.946591,100.025,stressed
twap,TWAP,1092,11.800149962508549,11.800149962508549,1.0,57.5,20,99.906969,100.025,stressed
vwap,VWAP,1092,7.301674581354646,7.301674581354646,1.0,57.5,20,99.951965,100.025,stressed
ac,Almgren-Chriss,1093,7.236138193091232,7.236138193091232,1.0,57.5,20,99.932635,100.005,stressed
heuristic,Heuristic,1093,7.802537238510018,-1.1904404779748934,1.0009,59.0,118,99.92697072634628,100.005,stressed
pov,POV,1093,4.905154742262532,4.905154742262532,1.0,23.5,46,99.955946,100.005,stressed
random,Random,1093,7.106144692765231,7.106144692765231,1.0,52.0,78,99.933935,100.005,stressed
twap,TWAP,1093,4.753462326882954,4.753462326882954,1.0,57.5,20,99.957463,100.005,stressed
vwap,VWAP,1093,10.833358332083026,10.833358332083026,1.0,57.5,20,99.896661,100.005,stressed
ac,Almgren-Chriss,1094,5.567043295670745,5.567043295670745,1.0,57.5,20,99.954324,100.01,stressed
heuristic,Heuristic,1094,6.403959439039042,6.7260273972595295,0.9696,60.0,120,99.94595400165018,100.01,stressed
pov,POV,1094,8.166083391661003,8.166083391661003,1.0,26.0,51,99.928331,100.01,stressed
random,Random,1094,7.827617238276502,7.827617238276502,1.0,44.0,71,99.931716,100.01,stressed
twap,TWAP,1094,0.7458254174581466,0.7458254174581466,1.0,57.5,20,100.002541,100.01,stressed
vwap,VWAP,1094,6.293870612938677,6.293870612938677,1.0,57.5,20,99.947055,100.01,stressed
ac,Almgren-Chriss,1095,5.096974243560742,5.096974243560742,1.0,57.5,20,99.924043,99.975,stressed
heuristic,Heuristic,1095,6.516429107277651,6.516429107277651,1.0,58.5,117,99.909852,99.975,stressed
pov,POV,1095,8.655763940984889,8.655763940984889,1.0,24.5,48,99.888464,99.975,stressed
random,Random,1095,5.802250562641551,5.802250562641551,1.0,46.0,77,99.916992,99.975,stressed
twap,TWAP,1095,7.632508127032172,7.632508127032172,1.0,57.5,20,99.898694,99.975,stressed
vwap,VWAP,1095,5.780145036259819,5.780145036259819,1.0,57.5,20,99.917213,99.975,stressed
ac,Almgren-Chriss,1096,5.34056702835126,5.34056702835126,1.0,57.5,20,99.941597,99.995,stressed
heuristic,Heuristic,1096,6.413833084063961,6.627031351568288,0.9643,60.0,120,99.9308648760759,99.995,stressed
pov,POV,1096,13.818590929546486,13.818590929546486,1.0,24.5,48,99.856821,99.995,stressed
random,Random,1096,6.328316415820311,6.328316415820311,1.0,43.5,69,99.93172,99.995,stressed
twap,TWAP,1096,8.16270813540673,8.16270813540673,1.0,57.5,20,99.913377,99.995,stressed
vwap,VWAP,1096,6.82364118205912,6.82364118205912,1.0,57.5,20,99.926767,99.995,stressed
ac,Almgren-Chriss,1097,4.102364172540385,4.102364172540385,1.0,57.5,20,99.993962,100.035,stressed
heuristic,Heuristic,1097,7.967013052703321,8.653071425001402,0.9421,60.0,120,99.95530198492727,100.035,stressed
pov,POV,1097,2.4276503223871497,2.4276503223871497,1.0,24.5,48,100.010715,100.035,stressed
random,Random,1097,7.00904683360876,7.00904683360876,1.0,41.0,61,99.964885,100.035,stressed
twap,TWAP,1097,10.207127505372751,10.207127505372751,1.0,57.5,20,99.932893,100.035,stressed
vwap,VWAP,1097,10.739441195582344,10.739441195582344,1.0,57.5,20,99.927568,100.035,stressed
ac,Almgren-Chriss,1098,8.354611347163482,8.354611347163482,1.0,57.5,20,99.941433,100.025,stressed
heuristic,Heuristic,1098,5.574488024461563,6.310222444388397,0.9159,60.0,120,99.96924118353532,100.025,stressed
pov,POV,1098,7.831342164459121,7.831342164459121,1.0,27.5,54,99.946667,100.025,stressed
random,Random,1098,9.167839987224502,5.171507123219475,1.0004,43.0,70,99.93329868052778,100.025,stressed
twap,TWAP,1098,5.271682079479358,5.271682079479358,1.0,57.5,20,99.97227,100.025,stressed
vwap,VWAP,1098,3.1688077980497518,3.1688077980497518,1.0,57.5,20,99.993304,100.025,stressed
ac,Almgren-Chriss,1099,6.9372531373424255,6.9372531373424255,1.0,57.5,20,99.935624,100.005,stressed
heuristic,Heuristic,1099,9.046165027901454,9.375331233438128,0.946,60.0,120,99.91453382663848,100.005,stressed
pov,POV,1099,5.273636318184231,5.273636318184231,1.0,26.0,51,99.952261,100.005,stressed
random,Random,1099,12.732563371831988,12.732563371831988,1.0,38.0,63,99.877668,100.005,stressed
twap,TWAP,1099,6.390880455977228,6.390880455977228,1.0,57.5,20,99.941088,100.005,stressed
vwap,VWAP,1099,2.908954552273149,2.908954552273149,1.0,57.5,20,99.975909,100.005,stressed
