2026-09-21T20:09:55.3264467Z Current runner version: '2.337.0'
2026-09-21T20:09:55.3290872Z ##[group]Runner Image Provisioner
2026-09-21T20:09:55.3291769Z Hosted Compute Agent
2026-09-21T20:09:55.3292472Z Version: 20260828.587
2026-09-21T20:09:55.3293136Z Commit: abac92662cab4cc7352de4f9f9d2e2419aad9c29
2026-09-21T20:09:55.3294185Z Build Date: 2026-08-28T16:44:25Z
2026-09-21T20:09:55.3295073Z Worker ID: {6dce1d8e-ae11-4b94-bc23-53ddf14d688e}
2026-09-21T20:09:55.3295819Z Azure Region: westus
2026-09-21T20:09:55.3296460Z ##[endgroup]
2026-09-21T20:09:55.3298159Z ##[group]Operating System
2026-09-21T20:09:55.3298821Z Ubuntu
2026-09-21T20:09:55.3299522Z 24.04.5
2026-09-21T20:09:55.3300050Z LTS
2026-09-21T20:09:55.3300612Z ##[endgroup]
2026-09-21T20:09:55.3301198Z ##[group]Runner Image
2026-09-21T20:09:55.3301814Z Image: ubuntu-24.04
2026-09-21T20:09:55.3302527Z Version: 20260907.300.1
2026-09-21T20:09:55.3304005Z Included Software: https://github.com/actions/runner-images/blob/ubuntu24/20260907.300/images/ubuntu/Ubuntu2404-Readme.md
2026-09-21T20:09:55.3305673Z Image Release: https://github.com/actions/runner-images/releases/tag/ubuntu24%2F20260907.300
2026-09-21T20:09:55.3306662Z ##[endgroup]
2026-09-21T20:09:55.3308329Z ##[group]GITHUB_TOKEN Permissions
2026-09-21T20:09:55.3310398Z Contents: read
2026-09-21T20:09:55.3311143Z Metadata: read
2026-09-21T20:09:55.3311736Z ##[endgroup]
2026-09-21T20:09:55.3314380Z Secret source: Actions
2026-09-21T20:09:55.3315408Z Cache mode: write
2026-09-21T20:09:55.3316208Z Prepare workflow directory
2026-09-21T20:09:55.3674934Z Prepare all required actions
2026-09-21T20:09:55.3725132Z Getting action download info
2026-09-21T20:09:55.7444431Z Download action repository 'actions/checkout@v4' (SHA:11d5960a326750d5838078e36cf38b85af677262)
2026-09-21T20:09:55.8701224Z Download action repository 'actions/setup-python@v5' (SHA:a26af69be951a213d495a4c3e4e4022e16d87065)
2026-09-21T20:09:56.0617248Z Complete job name: research-study
2026-09-21T20:09:56.1416501Z Node 20 is being deprecated. This workflow is running with Node 24 by default. If you need to temporarily use Node 20, you can set the ACTIONS_ALLOW_USE_UNSECURE_NODE_VERSION=true environment variable. For more information see: https://github.blog/changelog/2025-09-19-deprecation-of-node-20-on-github-actions-runners/
2026-09-21T20:09:56.1425764Z ##[group]Run actions/checkout@v4
2026-09-21T20:09:56.1426527Z with:
2026-09-21T20:09:56.1426978Z   repository: damraka/CleoLOB
2026-09-21T20:09:56.1430600Z   token: ***
2026-09-21T20:09:56.1431049Z   ssh-strict: true
2026-09-21T20:09:56.1431495Z   ssh-user: git
2026-09-21T20:09:56.1431951Z   persist-credentials: true
2026-09-21T20:09:56.1432475Z   clean: true
2026-09-21T20:09:56.1432959Z   sparse-checkout-cone-mode: true
2026-09-21T20:09:56.1433716Z   fetch-depth: 1
2026-09-21T20:09:56.1434168Z   fetch-tags: false
2026-09-21T20:09:56.1434629Z   show-progress: true
2026-09-21T20:09:56.1435085Z   lfs: false
2026-09-21T20:09:56.1435540Z   submodules: false
2026-09-21T20:09:56.1436001Z   set-safe-directory: true
2026-09-21T20:09:56.1436516Z   allow-unsafe-pr-checkout: false
2026-09-21T20:09:56.1437315Z ##[endgroup]
2026-09-21T20:09:56.2461687Z Syncing repository: damraka/CleoLOB
2026-09-21T20:09:56.2464758Z ##[group]Getting Git version info
2026-09-21T20:09:56.2465960Z Working directory is '/home/runner/work/CleoLOB/CleoLOB'
2026-09-21T20:09:56.2467824Z [command]/usr/bin/git version
2026-09-21T20:09:56.2558598Z git version 2.55.0
2026-09-21T20:09:56.2587047Z ##[endgroup]
2026-09-21T20:09:56.2602640Z Temporarily overriding HOME='/home/runner/work/_temp/ef9df34d-2a47-42e5-8331-c8c8699c6bd5' before making global git config changes
2026-09-21T20:09:56.2605672Z Adding repository directory to the temporary git global config as a safe directory
2026-09-21T20:09:56.2618320Z [command]/usr/bin/git config --global --add safe.directory /home/runner/work/CleoLOB/CleoLOB
2026-09-21T20:09:56.2681286Z Deleting the contents of '/home/runner/work/CleoLOB/CleoLOB'
2026-09-21T20:09:56.2687075Z ##[group]Initializing the repository
2026-09-21T20:09:56.2692381Z [command]/usr/bin/git init /home/runner/work/CleoLOB/CleoLOB
2026-09-21T20:09:56.2829139Z hint: Using 'master' as the name for the initial branch. This default branch name
2026-09-21T20:09:56.2830787Z hint: will change to "main" in Git 3.0. To configure the initial branch name
2026-09-21T20:09:56.2832806Z hint: to use in all of your new repositories, which will suppress this warning,
2026-09-21T20:09:56.2834666Z hint: call:
2026-09-21T20:09:56.2835527Z hint:
2026-09-21T20:09:56.2849282Z hint: 	git config --global init.defaultBranch <name>
2026-09-21T20:09:56.2857584Z hint:
2026-09-21T20:09:56.2858582Z hint: Names commonly chosen instead of 'master' are 'main', 'trunk' and
2026-09-21T20:09:56.2860011Z hint: 'development'. The just-created branch can be renamed via this command:
2026-09-21T20:09:56.2861272Z hint:
2026-09-21T20:09:56.2861961Z hint: 	git branch -m <name>
2026-09-21T20:09:56.2862758Z hint:
2026-09-21T20:09:56.2864110Z hint: Disable this message with "git config set advice.defaultBranchName false"
2026-09-21T20:09:56.2865944Z Initialized empty Git repository in /home/runner/work/CleoLOB/CleoLOB/.git/
2026-09-21T20:09:56.2868751Z [command]/usr/bin/git remote add origin https://github.com/damraka/CleoLOB
2026-09-21T20:09:56.2945462Z ##[endgroup]
2026-09-21T20:09:56.2975275Z ##[group]Disabling automatic garbage collection
2026-09-21T20:09:56.2994951Z [command]/usr/bin/git config --local gc.auto 0
2026-09-21T20:09:56.2998667Z ##[endgroup]
2026-09-21T20:09:56.3000250Z ##[group]Setting up auth
2026-09-21T20:09:56.3001792Z [command]/usr/bin/git config --local --name-only --get-regexp core\.sshCommand
2026-09-21T20:09:56.3006544Z [command]/usr/bin/git submodule foreach --recursive sh -c "git config --local --name-only --get-regexp 'core\.sshCommand' && git config --local --unset-all 'core.sshCommand' || :"
2026-09-21T20:09:56.3464039Z [command]/usr/bin/git config --local --name-only --get-regexp http\.https\:\/\/github\.com\/\.extraheader
2026-09-21T20:09:56.3502293Z [command]/usr/bin/git submodule foreach --recursive sh -c "git config --local --name-only --get-regexp 'http\.https\:\/\/github\.com\/\.extraheader' && git config --local --unset-all 'http.https://github.com/.extraheader' || :"
2026-09-21T20:09:56.3735275Z [command]/usr/bin/git config --local --name-only --get-regexp ^includeIf\.gitdir:
2026-09-21T20:09:56.3775999Z [command]/usr/bin/git submodule foreach --recursive git config --local --show-origin --name-only --get-regexp remote.origin.url
2026-09-21T20:09:56.4035762Z [command]/usr/bin/git config --local http.https://github.com/.extraheader AUTHORIZATION: basic ***
2026-09-21T20:09:56.4080890Z ##[endgroup]
2026-09-21T20:09:56.4082314Z ##[group]Fetching the repository
2026-09-21T20:09:56.4093814Z [command]/usr/bin/git -c protocol.version=2 fetch --no-tags --prune --no-recurse-submodules --depth=1 origin +a0ef3720135b017503650e1f47442505f20e1def:refs/remotes/origin/[previous branch]
2026-09-21T20:09:57.1661152Z From https://github.com/damraka/CleoLOB
2026-09-21T20:09:57.1663771Z  * [new ref]         a0ef3720135b017503650e1f47442505f20e1def -> origin/[previous branch]
2026-09-21T20:09:57.1706031Z ##[endgroup]
2026-09-21T20:09:57.1707528Z ##[group]Determining the checkout info
2026-09-21T20:09:57.1709173Z ##[endgroup]
2026-09-21T20:09:57.1710161Z [command]/usr/bin/git sparse-checkout disable
2026-09-21T20:09:57.1742774Z [command]/usr/bin/git config --local --unset-all extensions.worktreeConfig
2026-09-21T20:09:57.1782078Z ##[group]Checking out the ref
2026-09-21T20:09:57.1788733Z [command]/usr/bin/git checkout --progress --force -B [previous branch] refs/remotes/origin/[previous branch]
2026-09-21T20:09:57.2777315Z Switched to a new branch '[previous branch]'
2026-09-21T20:09:57.2781486Z branch '[previous branch]' set up to track 'origin/[previous branch]'.
2026-09-21T20:09:57.2793304Z ##[endgroup]
2026-09-21T20:09:57.2842945Z [command]/usr/bin/git log -1 --format=%H
2026-09-21T20:09:57.2871091Z a0ef3720135b017503650e1f47442505f20e1def
2026-09-21T20:09:57.3265733Z Node 20 is being deprecated. This workflow is running with Node 24 by default. If you need to temporarily use Node 20, you can set the ACTIONS_ALLOW_USE_UNSECURE_NODE_VERSION=true environment variable. For more information see: https://github.blog/changelog/2025-09-19-deprecation-of-node-20-on-github-actions-runners/
2026-09-21T20:09:57.3271334Z ##[group]Run actions/setup-python@v5
2026-09-21T20:09:57.3272552Z with:
2026-09-21T20:09:57.3273701Z   python-version: 3.11
2026-09-21T20:09:57.3274752Z   cache: pip
2026-09-21T20:09:57.3275734Z   check-latest: false
2026-09-21T20:09:57.3284176Z   token: ***
2026-09-21T20:09:57.3285206Z   update-environment: true
2026-09-21T20:09:57.3286351Z   allow-prereleases: false
2026-09-21T20:09:57.3287463Z   freethreaded: false
2026-09-21T20:09:57.3288507Z ##[endgroup]
2026-09-21T20:09:57.4711318Z ##[group]Installed versions
2026-09-21T20:09:57.4836735Z (node:2240) [DEP0040] DeprecationWarning: The `punycode` module is deprecated. Please use a userland alternative instead.
2026-09-21T20:09:57.4840403Z Successfully set up CPython (3.11.16)
2026-09-21T20:09:57.4842986Z (Use `node --trace-deprecation ...` to show where the warning was created)
2026-09-21T20:09:57.4846786Z ##[endgroup]
2026-09-21T20:09:57.6724982Z [command]/opt/hostedtoolcache/Python/3.11.16/x64/bin/pip cache dir
2026-09-21T20:09:58.0002520Z /home/runner/.cache/pip
2026-09-21T20:09:58.2971081Z Cache hit for: setup-python-Linux-x64-24.04-Ubuntu-python-3.11.16-pip-4407961bebca46b6e97cf20b586751ce50388aa8f9bc9cf9a4dcd52e9e53f0af
2026-09-21T20:09:58.3082553Z (node:2240) [DEP0169] DeprecationWarning: `url.parse()` behavior is not standardized and prone to errors that have security implications. Use the WHATWG URL API instead. CVEs are not issued for `url.parse()` vulnerabilities.
2026-09-21T20:09:59.5961841Z Received 0 of 300834016 (0.0%), 0.0 MBs/sec
2026-09-21T20:10:00.5961918Z Received 100663296 of 300834016 (33.5%), 48.0 MBs/sec
2026-09-21T20:10:01.5990913Z Received 234881024 of 300834016 (78.1%), 74.6 MBs/sec
2026-09-21T20:10:02.0254054Z Received 300834016 of 300834016 (100.0%), 83.6 MBs/sec
2026-09-21T20:10:02.0254884Z Cache Size: ~287 MB (300834016 B)
2026-09-21T20:10:02.0296156Z [command]/usr/bin/tar -xf /home/runner/work/_temp/a9968e69-bf44-4db1-817e-e9577056bf67/cache.tzst -P -C /home/runner/work/CleoLOB/CleoLOB --use-compress-program unzstd
2026-09-21T20:10:02.4247385Z Cache restored successfully
2026-09-21T20:10:02.4378865Z Cache restored from key: setup-python-Linux-x64-24.04-Ubuntu-python-3.11.16-pip-4407961bebca46b6e97cf20b586751ce50388aa8f9bc9cf9a4dcd52e9e53f0af
2026-09-21T20:10:02.4601646Z ##[group]Run python -m pip install -e '.[dev,rl]'
2026-09-21T20:10:02.4602121Z [36;1mpython -m pip install -e '.[dev,rl]'[0m
2026-09-21T20:10:02.4646855Z shell: /usr/bin/bash -e {0}
2026-09-21T20:10:02.4647148Z env:
2026-09-21T20:10:02.4647454Z   pythonLocation: /opt/hostedtoolcache/Python/3.11.16/x64
2026-09-21T20:10:02.4647965Z   PKG_CONFIG_PATH: /opt/hostedtoolcache/Python/3.11.16/x64/lib/pkgconfig
2026-09-21T20:10:02.4648440Z   Python_ROOT_DIR: /opt/hostedtoolcache/Python/3.11.16/x64
2026-09-21T20:10:02.4648849Z   Python2_ROOT_DIR: /opt/hostedtoolcache/Python/3.11.16/x64
2026-09-21T20:10:02.4649259Z   Python3_ROOT_DIR: /opt/hostedtoolcache/Python/3.11.16/x64
2026-09-21T20:10:02.4649687Z   LD_LIBRARY_PATH: /opt/hostedtoolcache/Python/3.11.16/x64/lib
2026-09-21T20:10:02.4650041Z ##[endgroup]
2026-09-21T20:10:03.0454995Z Obtaining file:///home/runner/work/CleoLOB/CleoLOB
2026-09-21T20:10:03.0473860Z   Installing build dependencies: started
2026-09-21T20:10:03.6895014Z   Installing build dependencies: finished with status 'done'
2026-09-21T20:10:03.6902262Z   Checking if build backend supports build_editable: started
2026-09-21T20:10:04.0058684Z   Checking if build backend supports build_editable: finished with status 'done'
2026-09-21T20:10:04.0066670Z   Getting requirements to build editable: started
2026-09-21T20:10:04.3299176Z   Getting requirements to build editable: finished with status 'done'
2026-09-21T20:10:04.3309971Z   Preparing editable metadata (pyproject.toml): started
2026-09-21T20:10:04.5181457Z   Preparing editable metadata (pyproject.toml): finished with status 'done'
2026-09-21T20:10:04.7644708Z Collecting numpy>=1.26 (from cleolob==0.2.0)
2026-09-21T20:10:04.7664947Z   Using cached numpy-2.4.6-cp311-cp311-manylinux_2_27_x86_64.manylinux_2_28_x86_64.whl.metadata (6.6 kB)
2026-09-21T20:10:04.8722042Z Collecting pandas>=2.0 (from cleolob==0.2.0)
2026-09-21T20:10:04.8740935Z   Using cached pandas-3.0.6-cp311-cp311-manylinux_2_24_x86_64.manylinux_2_28_x86_64.whl.metadata (79 kB)
2026-09-21T20:10:04.9078343Z Collecting gymnasium>=0.29 (from cleolob==0.2.0)
2026-09-21T20:10:04.9094581Z   Using cached gymnasium-1.3.0-py3-none-any.whl.metadata (10 kB)
2026-09-21T20:10:05.0070857Z Collecting pydantic>=2.0 (from cleolob==0.2.0)
2026-09-21T20:10:05.0089735Z   Using cached pydantic-2.13.5-py3-none-any.whl.metadata (110 kB)
2026-09-21T20:10:05.0450061Z Collecting PyYAML>=6.0 (from cleolob==0.2.0)
2026-09-21T20:10:05.0467657Z   Using cached pyyaml-6.0.3-cp311-cp311-manylinux2014_x86_64.manylinux_2_17_x86_64.manylinux_2_28_x86_64.whl.metadata (2.4 kB)
2026-09-21T20:10:05.0674140Z Collecting stable-baselines3>=2.3 (from cleolob==0.2.0)
2026-09-21T20:10:05.0689886Z   Using cached stable_baselines3-2.9.0-py3-none-any.whl.metadata (5.0 kB)
2026-09-21T20:10:05.0853414Z Collecting tensorboard>=2.16 (from cleolob==0.2.0)
2026-09-21T20:10:05.0869307Z   Using cached tensorboard-2.21.0-py3-none-any.whl.metadata (1.8 kB)
2026-09-21T20:10:05.1255855Z Collecting pytest>=8.0 (from cleolob==0.2.0)
2026-09-21T20:10:05.1271121Z   Using cached pytest-9.1.1-py3-none-any.whl.metadata (7.6 kB)
2026-09-21T20:10:05.4500671Z Collecting ruff>=0.9 (from cleolob==0.2.0)
2026-09-21T20:10:05.4518910Z   Using cached ruff-0.16.8-py3-none-manylinux_2_17_x86_64.manylinux2014_x86_64.whl.metadata (20 kB)
2026-09-21T20:10:05.4667023Z Collecting cloudpickle>=1.2.0 (from gymnasium>=0.29->cleolob==0.2.0)
2026-09-21T20:10:05.4686646Z   Using cached cloudpickle-3.1.2-py3-none-any.whl.metadata (7.1 kB)
2026-09-21T20:10:05.4814900Z Collecting typing-extensions>=4.3.0 (from gymnasium>=0.29->cleolob==0.2.0)
2026-09-21T20:10:05.4829459Z   Using cached typing_extensions-4.16.0-py3-none-any.whl.metadata (3.3 kB)
2026-09-21T20:10:05.4906532Z Collecting farama-notifications>=0.0.1 (from gymnasium>=0.29->cleolob==0.2.0)
2026-09-21T20:10:05.4921856Z   Using cached farama_notifications-0.0.6-py3-none-any.whl.metadata (729 bytes)
2026-09-21T20:10:05.5034017Z Collecting python-dateutil>=2.8.2 (from pandas>=2.0->cleolob==0.2.0)
2026-09-21T20:10:05.5058365Z   Using cached python_dateutil-2.9.0.post0-py2.py3-none-any.whl.metadata (8.4 kB)
2026-09-21T20:10:05.5145829Z Collecting annotated-types>=0.6.0 (from pydantic>=2.0->cleolob==0.2.0)
2026-09-21T20:10:05.5160125Z   Using cached annotated_types-0.8.0-py3-none-any.whl.metadata (15 kB)
2026-09-21T20:10:06.1810133Z Collecting pydantic-core==2.46.5 (from pydantic>=2.0->cleolob==0.2.0)
2026-09-21T20:10:06.1827622Z   Using cached pydantic_core-2.46.5-cp311-cp311-manylinux_2_17_x86_64.manylinux2014_x86_64.whl.metadata (6.6 kB)
2026-09-21T20:10:06.1929912Z Collecting typing-inspection>=0.4.2 (from pydantic>=2.0->cleolob==0.2.0)
2026-09-21T20:10:06.1945261Z   Using cached typing_inspection-0.4.4-py3-none-any.whl.metadata (2.6 kB)
2026-09-21T20:10:06.2035258Z Collecting iniconfig>=1.0.1 (from pytest>=8.0->cleolob==0.2.0)
2026-09-21T20:10:06.2049978Z   Using cached iniconfig-2.3.0-py3-none-any.whl.metadata (2.5 kB)
2026-09-21T20:10:06.2165040Z Collecting packaging>=22 (from pytest>=8.0->cleolob==0.2.0)
2026-09-21T20:10:06.2179500Z   Using cached packaging-26.3-py3-none-any.whl.metadata (3.5 kB)
2026-09-21T20:10:06.2268182Z Collecting pluggy<2,>=1.5 (from pytest>=8.0->cleolob==0.2.0)
2026-09-21T20:10:06.2282977Z   Using cached pluggy-1.6.0-py3-none-any.whl.metadata (4.8 kB)
2026-09-21T20:10:06.2434245Z Collecting pygments>=2.7.2 (from pytest>=8.0->cleolob==0.2.0)
2026-09-21T20:10:06.2449629Z   Using cached pygments-2.21.0-py3-none-any.whl.metadata (2.5 kB)
2026-09-21T20:10:06.2572741Z Collecting six>=1.5 (from python-dateutil>=2.8.2->pandas>=2.0->cleolob==0.2.0)
2026-09-21T20:10:06.2587997Z   Using cached six-1.17.0-py2.py3-none-any.whl.metadata (1.7 kB)
2026-09-21T20:10:06.3188196Z Collecting torch<3.0,>=2.8 (from stable-baselines3>=2.3->cleolob==0.2.0)
2026-09-21T20:10:06.3666151Z   Downloading torch-2.14.0-cp311-cp311-manylinux_2_28_x86_64.whl.metadata (37 kB)
2026-09-21T20:10:06.3998461Z Collecting filelock (from torch<3.0,>=2.8->stable-baselines3>=2.3->cleolob==0.2.0)
2026-09-21T20:10:06.4033185Z   Downloading filelock-4.0.1-py3-none-any.whl.metadata (2.0 kB)
2026-09-21T20:10:06.4078747Z Requirement already satisfied: setuptools>=77.0.3 in /opt/hostedtoolcache/Python/3.11.16/x64/lib/python3.11/site-packages (from torch<3.0,>=2.8->stable-baselines3>=2.3->cleolob==0.2.0) (79.0.1)
2026-09-21T20:10:06.4189779Z Collecting sympy>=1.13.3 (from torch<3.0,>=2.8->stable-baselines3>=2.3->cleolob==0.2.0)
2026-09-21T20:10:06.4205730Z   Using cached sympy-1.14.0-py3-none-any.whl.metadata (12 kB)
2026-09-21T20:10:06.4397772Z Collecting networkx>=2.5.1 (from torch<3.0,>=2.8->stable-baselines3>=2.3->cleolob==0.2.0)
2026-09-21T20:10:06.4413860Z   Using cached networkx-3.6.1-py3-none-any.whl.metadata (6.8 kB)
2026-09-21T20:10:06.4566152Z Collecting jinja2 (from torch<3.0,>=2.8->stable-baselines3>=2.3->cleolob==0.2.0)
2026-09-21T20:10:06.4607327Z   Downloading jinja2-3.1.6-py3-none-any.whl.metadata (2.9 kB)
2026-09-21T20:10:06.4795684Z Collecting fsspec>=0.8.5 (from torch<3.0,>=2.8->stable-baselines3>=2.3->cleolob==0.2.0)
2026-09-21T20:10:06.4831052Z   Downloading fsspec-2026.9.0-py3-none-any.whl.metadata (10 kB)
2026-09-21T20:10:06.5108747Z Collecting cuda-toolkit==13.0.3 (from cuda-toolkit[cublas,cudart,cufft,cufile,cupti,curand,cusolver,cusparse,nvjitlink,nvrtc,nvtx]==13.0.3; platform_system == "Linux"->torch<3.0,>=2.8->stable-baselines3>=2.3->cleolob==0.2.0)
2026-09-21T20:10:06.5141214Z   Downloading cuda_toolkit-13.0.3.0-py2.py3-none-any.whl.metadata (17 kB)
2026-09-21T20:10:06.5592237Z Collecting cuda-bindings<14,>=13.0.3 (from torch<3.0,>=2.8->stable-baselines3>=2.3->cleolob==0.2.0)
2026-09-21T20:10:06.5627609Z   Downloading cuda_bindings-13.4.2-cp311-cp311-manylinux_2_24_x86_64.manylinux_2_28_x86_64.whl.metadata (2.4 kB)
2026-09-21T20:10:06.5768385Z Collecting nvidia-cudnn-cu13==9.24.0.43 (from torch<3.0,>=2.8->stable-baselines3>=2.3->cleolob==0.2.0)
2026-09-21T20:10:06.5800344Z   Downloading nvidia_cudnn_cu13-9.24.0.43-py3-none-manylinux_2_27_x86_64.whl.metadata (1.9 kB)
2026-09-21T20:10:06.5898285Z Collecting nvidia-cusparselt-cu13==0.8.1 (from torch<3.0,>=2.8->stable-baselines3>=2.3->cleolob==0.2.0)
2026-09-21T20:10:06.5930839Z   Downloading nvidia_cusparselt_cu13-0.8.1-py3-none-manylinux2014_x86_64.whl.metadata (12 kB)
2026-09-21T20:10:06.6037833Z Collecting nvidia-nccl-cu13==2.30.7 (from torch<3.0,>=2.8->stable-baselines3>=2.3->cleolob==0.2.0)
2026-09-21T20:10:06.6070913Z   Downloading nvidia_nccl_cu13-2.30.7-py3-none-manylinux_2_18_x86_64.whl.metadata (2.1 kB)
2026-09-21T20:10:06.6180011Z Collecting nvidia-nvshmem-cu13==3.4.5 (from torch<3.0,>=2.8->stable-baselines3>=2.3->cleolob==0.2.0)
2026-09-21T20:10:06.6221747Z   Downloading nvidia_nvshmem_cu13-3.4.5-py3-none-manylinux2014_x86_64.manylinux_2_17_x86_64.whl.metadata (2.1 kB)
2026-09-21T20:10:06.6419945Z Collecting triton~=3.8.0 (from torch<3.0,>=2.8->stable-baselines3>=2.3->cleolob==0.2.0)
2026-09-21T20:10:06.6451429Z   Downloading triton-3.8.0-cp311-cp311-manylinux_2_27_x86_64.manylinux_2_28_x86_64.whl.metadata (978 bytes)
2026-09-21T20:10:06.6628626Z Collecting nvidia-cublas==13.1.1.3.* (from cuda-toolkit[cublas,cudart,cufft,cufile,cupti,curand,cusolver,cusparse,nvjitlink,nvrtc,nvtx]==13.0.3; platform_system == "Linux"->torch<3.0,>=2.8->stable-baselines3>=2.3->cleolob==0.2.0)
2026-09-21T20:10:06.6659061Z   Downloading nvidia_cublas-13.1.1.3-py3-none-manylinux_2_27_x86_64.whl.metadata (1.8 kB)
2026-09-21T20:10:06.6783878Z Collecting nvidia-cuda-nvrtc==13.0.88.* (from cuda-toolkit[cublas,cudart,cufft,cufile,cupti,curand,cusolver,cusparse,nvjitlink,nvrtc,nvtx]==13.0.3; platform_system == "Linux"->torch<3.0,>=2.8->stable-baselines3>=2.3->cleolob==0.2.0)
2026-09-21T20:10:06.6822809Z   Downloading nvidia_cuda_nvrtc-13.0.88-py3-none-manylinux2010_x86_64.manylinux_2_12_x86_64.whl.metadata (1.7 kB)
2026-09-21T20:10:06.6942991Z Collecting nvidia-cuda-runtime==13.0.96.* (from cuda-toolkit[cublas,cudart,cufft,cufile,cupti,curand,cusolver,cusparse,nvjitlink,nvrtc,nvtx]==13.0.3; platform_system == "Linux"->torch<3.0,>=2.8->stable-baselines3>=2.3->cleolob==0.2.0)
2026-09-21T20:10:06.6972973Z   Downloading nvidia_cuda_runtime-13.0.96-py3-none-manylinux2014_x86_64.manylinux_2_17_x86_64.whl.metadata (1.7 kB)
2026-09-21T20:10:06.7099957Z Collecting nvidia-cufft==12.0.0.61.* (from cuda-toolkit[cublas,cudart,cufft,cufile,cupti,curand,cusolver,cusparse,nvjitlink,nvrtc,nvtx]==13.0.3; platform_system == "Linux"->torch<3.0,>=2.8->stable-baselines3>=2.3->cleolob==0.2.0)
2026-09-21T20:10:06.7131623Z   Downloading nvidia_cufft-12.0.0.61-py3-none-manylinux2014_x86_64.manylinux_2_17_x86_64.whl.metadata (1.8 kB)
2026-09-21T20:10:06.7253019Z Collecting nvidia-nvjitlink<14,>=13.0.88 (from cuda-toolkit[cublas,cudart,cufft,cufile,cupti,curand,cusolver,cusparse,nvjitlink,nvrtc,nvtx]==13.0.3; platform_system == "Linux"->torch<3.0,>=2.8->stable-baselines3>=2.3->cleolob==0.2.0)
2026-09-21T20:10:06.7281831Z   Downloading nvidia_nvjitlink-13.4.92-py3-none-manylinux2010_x86_64.manylinux_2_12_x86_64.whl.metadata (1.8 kB)
2026-09-21T20:10:06.7391193Z Collecting nvidia-cufile==1.15.1.6.* (from cuda-toolkit[cublas,cudart,cufft,cufile,cupti,curand,cusolver,cusparse,nvjitlink,nvrtc,nvtx]==13.0.3; platform_system == "Linux"->torch<3.0,>=2.8->stable-baselines3>=2.3->cleolob==0.2.0)
2026-09-21T20:10:06.7431737Z   Downloading nvidia_cufile-1.15.1.6-py3-none-manylinux2014_x86_64.manylinux_2_17_x86_64.whl.metadata (1.7 kB)
2026-09-21T20:10:06.7552673Z Collecting nvidia-cuda-cupti==13.0.85.* (from cuda-toolkit[cublas,cudart,cufft,cufile,cupti,curand,cusolver,cusparse,nvjitlink,nvrtc,nvtx]==13.0.3; platform_system == "Linux"->torch<3.0,>=2.8->stable-baselines3>=2.3->cleolob==0.2.0)
2026-09-21T20:10:06.7588405Z   Downloading nvidia_cuda_cupti-13.0.85-py3-none-manylinux_2_25_x86_64.whl.metadata (1.7 kB)
2026-09-21T20:10:06.7705505Z Collecting nvidia-curand==10.4.0.35.* (from cuda-toolkit[cublas,cudart,cufft,cufile,cupti,curand,cusolver,cusparse,nvjitlink,nvrtc,nvtx]==13.0.3; platform_system == "Linux"->torch<3.0,>=2.8->stable-baselines3>=2.3->cleolob==0.2.0)
2026-09-21T20:10:06.7745891Z   Downloading nvidia_curand-10.4.0.35-py3-none-manylinux_2_27_x86_64.whl.metadata (1.7 kB)
2026-09-21T20:10:06.7862792Z Collecting nvidia-cusolver==12.0.4.66.* (from cuda-toolkit[cublas,cudart,cufft,cufile,cupti,curand,cusolver,cusparse,nvjitlink,nvrtc,nvtx]==13.0.3; platform_system == "Linux"->torch<3.0,>=2.8->stable-baselines3>=2.3->cleolob==0.2.0)
2026-09-21T20:10:06.7903757Z   Downloading nvidia_cusolver-12.0.4.66-py3-none-manylinux_2_27_x86_64.whl.metadata (1.8 kB)
2026-09-21T20:10:06.8020049Z Collecting nvidia-cusparse==12.6.3.3.* (from cuda-toolkit[cublas,cudart,cufft,cufile,cupti,curand,cusolver,cusparse,nvjitlink,nvrtc,nvtx]==13.0.3; platform_system == "Linux"->torch<3.0,>=2.8->stable-baselines3>=2.3->cleolob==0.2.0)
2026-09-21T20:10:06.8057220Z   Downloading nvidia_cusparse-12.6.3.3-py3-none-manylinux2014_x86_64.manylinux_2_17_x86_64.whl.metadata (1.8 kB)
2026-09-21T20:10:06.8209833Z Collecting nvidia-nvtx==13.0.85.* (from cuda-toolkit[cublas,cudart,cufft,cufile,cupti,curand,cusolver,cusparse,nvjitlink,nvrtc,nvtx]==13.0.3; platform_system == "Linux"->torch<3.0,>=2.8->stable-baselines3>=2.3->cleolob==0.2.0)
2026-09-21T20:10:06.8243482Z   Downloading nvidia_nvtx-13.0.85-py3-none-manylinux1_x86_64.manylinux_2_5_x86_64.whl.metadata (1.8 kB)
2026-09-21T20:10:06.8392994Z Collecting cuda-pathfinder>=1.4.2 (from cuda-bindings<14,>=13.0.3->torch<3.0,>=2.8->stable-baselines3>=2.3->cleolob==0.2.0)
2026-09-21T20:10:06.8422356Z   Downloading cuda_pathfinder-1.8.2-py3-none-any.whl.metadata (1.9 kB)
2026-09-21T20:10:06.8684833Z Collecting mpmath<1.4,>=1.1.0 (from sympy>=1.13.3->torch<3.0,>=2.8->stable-baselines3>=2.3->cleolob==0.2.0)
2026-09-21T20:10:06.8701876Z   Using cached mpmath-1.3.0-py3-none-any.whl.metadata (8.6 kB)
2026-09-21T20:10:06.8836111Z Collecting absl-py>=0.4 (from tensorboard>=2.16->cleolob==0.2.0)
2026-09-21T20:10:06.8853695Z   Using cached absl_py-2.5.0-py3-none-any.whl.metadata (3.3 kB)
2026-09-21T20:10:07.4179797Z Collecting grpcio<2.0,>=1.74.0 (from tensorboard>=2.16->cleolob==0.2.0)
2026-09-21T20:10:07.4197362Z   Using cached grpcio-1.84.0-cp311-cp311-manylinux2014_x86_64.manylinux_2_17_x86_64.whl.metadata (3.8 kB)
2026-09-21T20:10:07.4332616Z Collecting markdown>=2.6.8 (from tensorboard>=2.16->cleolob==0.2.0)
2026-09-21T20:10:07.4348796Z   Using cached markdown-3.10.3-py3-none-any.whl.metadata (5.1 kB)
2026-09-21T20:10:07.5854950Z Collecting pillow (from tensorboard>=2.16->cleolob==0.2.0)
2026-09-21T20:10:07.5872561Z   Using cached pillow-12.3.0-cp311-cp311-manylinux_2_27_x86_64.manylinux_2_28_x86_64.whl.metadata (9.1 kB)
2026-09-21T20:10:07.7229382Z Collecting protobuf<8.0.0,>=6.31.1 (from tensorboard>=2.16->cleolob==0.2.0)
2026-09-21T20:10:07.7247033Z   Using cached protobuf-7.36.2-cp310-abi3-manylinux2014_x86_64.whl.metadata (595 bytes)
2026-09-21T20:10:07.7347449Z Collecting tensorboard-data-server<0.8.0,>=0.7.0 (from tensorboard>=2.16->cleolob==0.2.0)
2026-09-21T20:10:07.7363216Z   Using cached tensorboard_data_server-0.7.2-py3-none-manylinux_2_31_x86_64.whl.metadata (1.1 kB)
2026-09-21T20:10:07.7683732Z Collecting werkzeug>=1.0.1 (from tensorboard>=2.16->cleolob==0.2.0)
2026-09-21T20:10:07.7698740Z   Using cached werkzeug-3.1.8-py3-none-any.whl.metadata (4.0 kB)
2026-09-21T20:10:07.8574471Z Collecting markupsafe>=2.1.1 (from werkzeug>=1.0.1->tensorboard>=2.16->cleolob==0.2.0)
2026-09-21T20:10:07.8606931Z   Downloading markupsafe-3.0.3-cp311-cp311-manylinux2014_x86_64.manylinux_2_17_x86_64.manylinux_2_28_x86_64.whl.metadata (2.7 kB)
2026-09-21T20:10:07.8695420Z Using cached gymnasium-1.3.0-py3-none-any.whl (953 kB)
2026-09-21T20:10:07.8713604Z Using cached cloudpickle-3.1.2-py3-none-any.whl (22 kB)
2026-09-21T20:10:07.8728507Z Using cached farama_notifications-0.0.6-py3-none-any.whl (2.9 kB)
2026-09-21T20:10:07.8742968Z Using cached numpy-2.4.6-cp311-cp311-manylinux_2_27_x86_64.manylinux_2_28_x86_64.whl (16.9 MB)
2026-09-21T20:10:07.8817864Z Using cached pandas-3.0.6-cp311-cp311-manylinux_2_24_x86_64.manylinux_2_28_x86_64.whl (11.1 MB)
2026-09-21T20:10:07.8871689Z Using cached pydantic-2.13.5-py3-none-any.whl (472 kB)
2026-09-21T20:10:07.8888519Z Using cached pydantic_core-2.46.5-cp311-cp311-manylinux_2_17_x86_64.manylinux2014_x86_64.whl (2.1 MB)
2026-09-21T20:10:07.8910434Z Using cached annotated_types-0.8.0-py3-none-any.whl (13 kB)
2026-09-21T20:10:07.8924801Z Using cached pytest-9.1.1-py3-none-any.whl (386 kB)
2026-09-21T20:10:07.8940179Z Using cached pluggy-1.6.0-py3-none-any.whl (20 kB)
2026-09-21T20:10:07.8954613Z Using cached iniconfig-2.3.0-py3-none-any.whl (7.5 kB)
2026-09-21T20:10:07.8968869Z Using cached packaging-26.3-py3-none-any.whl (129 kB)
2026-09-21T20:10:07.8983658Z Using cached pygments-2.21.0-py3-none-any.whl (1.3 MB)
2026-09-21T20:10:07.9002769Z Using cached python_dateutil-2.9.0.post0-py2.py3-none-any.whl (229 kB)
2026-09-21T20:10:07.9018651Z Using cached pyyaml-6.0.3-cp311-cp311-manylinux2014_x86_64.manylinux_2_17_x86_64.manylinux_2_28_x86_64.whl (806 kB)
2026-09-21T20:10:07.9036105Z Using cached ruff-0.16.8-py3-none-manylinux_2_17_x86_64.manylinux2014_x86_64.whl (10.3 MB)
2026-09-21T20:10:07.9086614Z Using cached six-1.17.0-py2.py3-none-any.whl (11 kB)
2026-09-21T20:10:07.9100958Z Using cached stable_baselines3-2.9.0-py3-none-any.whl (187 kB)
2026-09-21T20:10:07.9216167Z Downloading torch-2.14.0-cp311-cp311-manylinux_2_28_x86_64.whl (554.6 MB)
2026-09-21T20:10:13.1940184Z    ━━━━━━━━━━━━━━━━━━━━━━━━━━━━━━━━━━━━━━━━ 554.6/554.6 MB 70.4 MB/s  0:00:05
2026-09-21T20:10:13.1979407Z Downloading cuda_toolkit-13.0.3.0-py2.py3-none-any.whl (2.5 kB)
2026-09-21T20:10:13.2165143Z Downloading nvidia_cudnn_cu13-9.24.0.43-py3-none-manylinux_2_27_x86_64.whl (553.1 MB)
2026-09-21T20:10:17.0553657Z    ━━━━━━━━━━━━━━━━━━━━━━━━━━━━━━━━━━━━━━━━ 553.1/553.1 MB 80.7 MB/s  0:00:03
2026-09-21T20:10:17.0593014Z Downloading nvidia_cusparselt_cu13-0.8.1-py3-none-manylinux2014_x86_64.whl (170.1 MB)
2026-09-21T20:10:17.7237593Z    ━━━━━━━━━━━━━━━━━━━━━━━━━━━━━━━━━━━━━━━━ 170.1/170.1 MB 256.7 MB/s  0:00:00
2026-09-21T20:10:17.7269362Z Downloading nvidia_nccl_cu13-2.30.7-py3-none-manylinux_2_18_x86_64.whl (216.0 MB)
2026-09-21T20:10:18.5301772Z    ━━━━━━━━━━━━━━━━━━━━━━━━━━━━━━━━━━━━━━━━ 216.0/216.0 MB 270.2 MB/s  0:00:00
2026-09-21T20:10:18.5344467Z Downloading nvidia_nvshmem_cu13-3.4.5-py3-none-manylinux2014_x86_64.manylinux_2_17_x86_64.whl (60.4 MB)
2026-09-21T20:10:18.7372517Z    ━━━━━━━━━━━━━━━━━━━━━━━━━━━━━━━━━━━━━━━━ 60.4/60.4 MB 301.0 MB/s  0:00:00
2026-09-21T20:10:18.7444979Z Downloading cuda_bindings-13.4.2-cp311-cp311-manylinux_2_24_x86_64.manylinux_2_28_x86_64.whl (7.2 MB)
2026-09-21T20:10:18.7830051Z    ━━━━━━━━━━━━━━━━━━━━━━━━━━━━━━━━━━━━━━━━ 7.2/7.2 MB 192.8 MB/s  0:00:00
2026-09-21T20:10:18.7868421Z Downloading nvidia_cublas-13.1.1.3-py3-none-manylinux_2_27_x86_64.whl (423.1 MB)
2026-09-21T20:10:22.6880707Z    ━━━━━━━━━━━━━━━━━━━━━━━━━━━━━━━━━━━━━━━━ 423.1/423.1 MB 73.4 MB/s  0:00:03
2026-09-21T20:10:22.6916794Z Downloading nvidia_cuda_cupti-13.0.85-py3-none-manylinux_2_25_x86_64.whl (10.7 MB)
2026-09-21T20:10:22.7275103Z    ━━━━━━━━━━━━━━━━━━━━━━━━━━━━━━━━━━━━━━━━ 10.7/10.7 MB 313.3 MB/s  0:00:00
2026-09-21T20:10:22.7312758Z Downloading nvidia_cuda_nvrtc-13.0.88-py3-none-manylinux2010_x86_64.manylinux_2_12_x86_64.whl (90.2 MB)
2026-09-21T20:10:22.9977146Z    ━━━━━━━━━━━━━━━━━━━━━━━━━━━━━━━━━━━━━━━━ 90.2/90.2 MB 341.1 MB/s  0:00:00
2026-09-21T20:10:23.0016706Z Downloading nvidia_cuda_runtime-13.0.96-py3-none-manylinux2014_x86_64.manylinux_2_17_x86_64.whl (2.2 MB)
2026-09-21T20:10:23.0117060Z    ━━━━━━━━━━━━━━━━━━━━━━━━━━━━━━━━━━━━━━━━ 2.2/2.2 MB 264.6 MB/s  0:00:00
2026-09-21T20:10:23.0159283Z Downloading nvidia_cufft-12.0.0.61-py3-none-manylinux2014_x86_64.manylinux_2_17_x86_64.whl (214.1 MB)
2026-09-21T20:10:23.8324829Z    ━━━━━━━━━━━━━━━━━━━━━━━━━━━━━━━━━━━━━━━━ 214.1/214.1 MB 262.6 MB/s  0:00:00
2026-09-21T20:10:23.8358086Z Downloading nvidia_cufile-1.15.1.6-py3-none-manylinux2014_x86_64.manylinux_2_17_x86_64.whl (1.2 MB)
2026-09-21T20:10:23.8443855Z    ━━━━━━━━━━━━━━━━━━━━━━━━━━━━━━━━━━━━━━━━ 1.2/1.2 MB 151.7 MB/s  0:00:00
2026-09-21T20:10:23.8476833Z Downloading nvidia_curand-10.4.0.35-py3-none-manylinux_2_27_x86_64.whl (59.5 MB)
2026-09-21T20:10:24.0142678Z    ━━━━━━━━━━━━━━━━━━━━━━━━━━━━━━━━━━━━━━━━ 59.5/59.5 MB 361.0 MB/s  0:00:00
2026-09-21T20:10:24.0176098Z Downloading nvidia_cusolver-12.0.4.66-py3-none-manylinux_2_27_x86_64.whl (200.9 MB)
2026-09-21T20:10:24.7344974Z    ━━━━━━━━━━━━━━━━━━━━━━━━━━━━━━━━━━━━━━━━ 200.9/200.9 MB 281.0 MB/s  0:00:00
2026-09-21T20:10:24.7379800Z Downloading nvidia_cusparse-12.6.3.3-py3-none-manylinux2014_x86_64.manylinux_2_17_x86_64.whl (145.9 MB)
2026-09-21T20:10:25.2302395Z    ━━━━━━━━━━━━━━━━━━━━━━━━━━━━━━━━━━━━━━━━ 145.9/145.9 MB 297.6 MB/s  0:00:00
2026-09-21T20:10:25.2341321Z Downloading nvidia_nvjitlink-13.4.92-py3-none-manylinux2010_x86_64.manylinux_2_12_x86_64.whl (42.5 MB)
2026-09-21T20:10:25.3945593Z    ━━━━━━━━━━━━━━━━━━━━━━━━━━━━━━━━━━━━━━━━ 42.5/42.5 MB 267.1 MB/s  0:00:00
2026-09-21T20:10:25.4002764Z Downloading nvidia_nvtx-13.0.85-py3-none-manylinux1_x86_64.manylinux_2_5_x86_64.whl (148 kB)
2026-09-21T20:10:25.4100379Z Downloading triton-3.8.0-cp311-cp311-manylinux_2_27_x86_64.manylinux_2_28_x86_64.whl (247.9 MB)
2026-09-21T20:10:28.4445701Z    ━━━━━━━━━━━━━━━━━━━━━━━━━━━━━━━━━━━━━━━━ 247.9/247.9 MB 81.7 MB/s  0:00:03
2026-09-21T20:10:28.4480389Z Downloading cuda_pathfinder-1.8.2-py3-none-any.whl (62 kB)
2026-09-21T20:10:28.4541942Z Downloading fsspec-2026.9.0-py3-none-any.whl (221 kB)
2026-09-21T20:10:28.4586828Z Using cached networkx-3.6.1-py3-none-any.whl (2.1 MB)
2026-09-21T20:10:28.4611134Z Using cached sympy-1.14.0-py3-none-any.whl (6.3 MB)
2026-09-21T20:10:28.4649545Z Using cached mpmath-1.3.0-py3-none-any.whl (536 kB)
2026-09-21T20:10:28.4665808Z Using cached tensorboard-2.21.0-py3-none-any.whl (5.5 MB)
2026-09-21T20:10:28.4701153Z Using cached grpcio-1.84.0-cp311-cp311-manylinux2014_x86_64.manylinux_2_17_x86_64.whl (7.2 MB)
2026-09-21T20:10:28.4741654Z Using cached protobuf-7.36.2-cp310-abi3-manylinux2014_x86_64.whl (343 kB)
2026-09-21T20:10:28.4757289Z Using cached tensorboard_data_server-0.7.2-py3-none-manylinux_2_31_x86_64.whl (6.6 MB)
2026-09-21T20:10:28.4796600Z Using cached typing_extensions-4.16.0-py3-none-any.whl (45 kB)
2026-09-21T20:10:28.4810476Z Using cached absl_py-2.5.0-py3-none-any.whl (137 kB)
2026-09-21T20:10:28.4824969Z Using cached markdown-3.10.3-py3-none-any.whl (110 kB)
2026-09-21T20:10:28.4839461Z Using cached typing_inspection-0.4.4-py3-none-any.whl (14 kB)
2026-09-21T20:10:28.4853426Z Using cached werkzeug-3.1.8-py3-none-any.whl (226 kB)
2026-09-21T20:10:28.4892973Z Downloading markupsafe-3.0.3-cp311-cp311-manylinux2014_x86_64.manylinux_2_17_x86_64.manylinux_2_28_x86_64.whl (22 kB)
2026-09-21T20:10:28.4947665Z Downloading filelock-4.0.1-py3-none-any.whl (106 kB)
2026-09-21T20:10:28.5007803Z Downloading jinja2-3.1.6-py3-none-any.whl (134 kB)
2026-09-21T20:10:28.5051878Z Using cached pillow-12.3.0-cp311-cp311-manylinux_2_27_x86_64.manylinux_2_28_x86_64.whl (6.9 MB)
2026-09-21T20:10:30.8660978Z Building wheels for collected packages: cleolob
2026-09-21T20:10:30.8669939Z   Building editable for cleolob (pyproject.toml): started
2026-09-21T20:10:31.0753755Z   Building editable for cleolob (pyproject.toml): finished with status 'done'
2026-09-21T20:10:31.0759974Z   Created wheel for cleolob: filename=cleolob-0.2.0-0.editable-py3-none-any.whl size=3130 sha256=56f177da09d09fa596432896f4939683da454ae6317b4cd42f2850e3585e95ea
2026-09-21T20:10:31.0761680Z   Stored in directory: /tmp/pip-ephem-wheel-cache-huwa5vvw/wheels/53/3b/9a/1b45045a9272b0ea69cb01e7262ad654d91bd188b861f8356c
2026-09-21T20:10:31.0776781Z Successfully built cleolob
2026-09-21T20:10:31.2504709Z Installing collected packages: nvidia-cusparselt-cu13, mpmath, farama-notifications, cuda-toolkit, typing-extensions, triton, tensorboard-data-server, sympy, six, ruff, PyYAML, pygments, protobuf, pluggy, pillow, packaging, nvidia-nvtx, nvidia-nvshmem-cu13, nvidia-nvjitlink, nvidia-nccl-cu13, nvidia-curand, nvidia-cufile, nvidia-cuda-runtime, nvidia-cuda-nvrtc, nvidia-cuda-cupti, numpy, networkx, markupsafe, markdown, iniconfig, fsspec, filelock, cuda-pathfinder, cloudpickle, annotated-types, absl-py, werkzeug, typing-inspection, python-dateutil, pytest, pydantic-core, nvidia-cusparse, nvidia-cufft, nvidia-cublas, jinja2, gymnasium, grpcio, cuda-bindings, tensorboard, pydantic, pandas, nvidia-cusolver, nvidia-cudnn-cu13, cleolob, torch, stable-baselines3
2026-09-21T20:11:12.6244797Z 
2026-09-21T20:11:12.6275915Z Successfully installed PyYAML-6.0.3 absl-py-2.5.0 annotated-types-0.8.0 cleolob-0.2.0 cloudpickle-3.1.2 cuda-bindings-13.4.2 cuda-pathfinder-1.8.2 cuda-toolkit-13.0.3.0 farama-notifications-0.0.6 filelock-4.0.1 fsspec-2026.9.0 grpcio-1.84.0 gymnasium-1.3.0 iniconfig-2.3.0 jinja2-3.1.6 markdown-3.10.3 markupsafe-3.0.3 mpmath-1.3.0 networkx-3.6.1 numpy-2.4.6 nvidia-cublas-13.1.1.3 nvidia-cuda-cupti-13.0.85 nvidia-cuda-nvrtc-13.0.88 nvidia-cuda-runtime-13.0.96 nvidia-cudnn-cu13-9.24.0.43 nvidia-cufft-12.0.0.61 nvidia-cufile-1.15.1.6 nvidia-curand-10.4.0.35 nvidia-cusolver-12.0.4.66 nvidia-cusparse-12.6.3.3 nvidia-cusparselt-cu13-0.8.1 nvidia-nccl-cu13-2.30.7 nvidia-nvjitlink-13.4.92 nvidia-nvshmem-cu13-3.4.5 nvidia-nvtx-13.0.85 packaging-26.3 pandas-3.0.6 pillow-12.3.0 pluggy-1.6.0 protobuf-7.36.2 pydantic-2.13.5 pydantic-core-2.46.5 pygments-2.21.0 pytest-9.1.1 python-dateutil-2.9.0.post0 ruff-0.16.8 six-1.17.0 stable-baselines3-2.9.0 sympy-1.14.0 tensorboard-2.21.0 tensorboard-data-server-0.7.2 torch-2.14.0 triton-3.8.0 typing-extensions-4.16.0 typing-inspection-0.4.4 werkzeug-3.1.8
2026-09-21T20:11:12.9890122Z ##[group]Run study="examples/studies/core/ppo-final-35649272649"
2026-09-21T20:11:12.9890657Z [36;1mstudy="examples/studies/core/ppo-final-35649272649"[0m
2026-09-21T20:11:12.9891031Z [36;1mpython train_rl.py register \[0m
2026-09-21T20:11:12.9891345Z [36;1m  --config configs/core-study.json \[0m
2026-09-21T20:11:12.9891654Z [36;1m  --out "$study"[0m
2026-09-21T20:11:12.9931571Z shell: /usr/bin/bash --noprofile --norc -e -o pipefail {0}
2026-09-21T20:11:12.9931926Z env:
2026-09-21T20:11:12.9932202Z   pythonLocation: /opt/hostedtoolcache/Python/3.11.16/x64
2026-09-21T20:11:12.9932652Z   PKG_CONFIG_PATH: /opt/hostedtoolcache/Python/3.11.16/x64/lib/pkgconfig
2026-09-21T20:11:12.9933101Z   Python_ROOT_DIR: /opt/hostedtoolcache/Python/3.11.16/x64
2026-09-21T20:11:12.9933730Z   Python2_ROOT_DIR: /opt/hostedtoolcache/Python/3.11.16/x64
2026-09-21T20:11:12.9934126Z   Python3_ROOT_DIR: /opt/hostedtoolcache/Python/3.11.16/x64
2026-09-21T20:11:12.9934566Z   LD_LIBRARY_PATH: /opt/hostedtoolcache/Python/3.11.16/x64/lib
2026-09-21T20:11:12.9934902Z ##[endgroup]
2026-09-21T20:11:13.7507196Z /home/runner/work/CleoLOB/CleoLOB/examples/studies/core/ppo-final-35649272649
2026-09-21T20:11:13.8222896Z ##[group]Run study="examples/studies/core/ppo-final-35649272649"
2026-09-21T20:11:13.8223753Z [36;1mstudy="examples/studies/core/ppo-final-35649272649"[0m
2026-09-21T20:11:13.8224173Z [36;1mpython train_rl.py train --study "$study"[0m
2026-09-21T20:11:13.8261468Z shell: /usr/bin/bash --noprofile --norc -e -o pipefail {0}
2026-09-21T20:11:13.8261834Z env:
2026-09-21T20:11:13.8262113Z   pythonLocation: /opt/hostedtoolcache/Python/3.11.16/x64
2026-09-21T20:11:13.8262572Z   PKG_CONFIG_PATH: /opt/hostedtoolcache/Python/3.11.16/x64/lib/pkgconfig
2026-09-21T20:11:13.8263042Z   Python_ROOT_DIR: /opt/hostedtoolcache/Python/3.11.16/x64
2026-09-21T20:11:13.8263728Z   Python2_ROOT_DIR: /opt/hostedtoolcache/Python/3.11.16/x64
2026-09-21T20:11:13.8264154Z   Python3_ROOT_DIR: /opt/hostedtoolcache/Python/3.11.16/x64
2026-09-21T20:11:13.8264575Z   LD_LIBRARY_PATH: /opt/hostedtoolcache/Python/3.11.16/x64/lib
2026-09-21T20:11:13.8264936Z ##[endgroup]
2026-09-21T20:11:38.1487106Z {"episodes":36,"training_progress_steps":1024}
2026-09-21T20:11:59.3839044Z {"episodes":71,"training_progress_steps":2048}
2026-09-21T20:12:20.9919189Z {"episodes":106,"training_progress_steps":3072}
2026-09-21T20:12:42.5378087Z {"episodes":141,"training_progress_steps":4096}
2026-09-21T20:13:03.6951634Z {"episodes":172,"training_progress_steps":5120}
2026-09-21T20:13:25.0188982Z {"episodes":200,"training_progress_steps":6144}
2026-09-21T20:13:46.0642311Z {"episodes":227,"training_progress_steps":7168}
2026-09-21T20:14:06.9532045Z {"episodes":255,"training_progress_steps":8192}
2026-09-21T20:14:07.0475560Z {"completed_at":"2026-09-21T20:14:07.046467+00:00","config_sha256":"ad27b6d96a527f36587a771b1935ed816a15b3aeaa6ec1669b3ef4dc990a65c9","elapsed_seconds":170.06497771399998,"episodes":255,"model_sha256":"a99ee5aa4a0ba26066509c726261bda7b10f4f9f465ced7557f7e1e2300b8fd6","penalty_bps":0.0,"preregistration_sha256":"6ce9ff828329e5e9432d2edef06e239ee17c6eb84e5169c48a7f42ffc96bacbf","reward_summary":{"completion_penalty_absolute_share":0.0,"episodes":255,"first_quarter_mean_return_bps":-1.3733726825396826,"invalid_episodes":0,"last_quarter_mean_return_bps":-0.3753981746031745,"mean_absolute_reward_terms_bps":{"completion_penalty":0.0,"fees":0.1993067050910963,"fills":1.2192831390903878,"late_fees":0.0,"late_fills":0.0,"terminal_fees":0.0005467025079322938,"terminal_shortfall":0.00120655405386675},"mean_return_bps":-0.8171618627450982,"mean_reward_terms_bps":{"completion_penalty":0.0,"fees":-0.1993067050910963,"fills":-0.6161019052246446,"late_fees":0.0,"late_fills":0.0,"terminal_fees":-0.0005467025079322938,"terminal_shortfall":-0.00120655405386675}},"timesteps":8192,"training_completed":"penalty-0-seed-81001","training_seed":81001,"training_trace_sha256":"234946ffe9940db681afac083858b6a355df1297f3d7513bc479ebf8d3fef457"}
2026-09-21T20:14:28.4340438Z {"episodes":34,"training_progress_steps":1024}
2026-09-21T20:14:49.8182250Z {"episodes":70,"training_progress_steps":2048}
2026-09-21T20:15:11.0765939Z {"episodes":106,"training_progress_steps":3072}
2026-09-21T20:15:31.9765561Z {"episodes":139,"training_progress_steps":4096}
2026-09-21T20:15:53.0496077Z {"episodes":171,"training_progress_steps":5120}
2026-09-21T20:16:14.2076167Z {"episodes":203,"training_progress_steps":6144}
2026-09-21T20:16:35.0456168Z {"episodes":234,"training_progress_steps":7168}
2026-09-21T20:16:55.5541604Z {"episodes":264,"training_progress_steps":8192}
2026-09-21T20:16:55.6489331Z {"completed_at":"2026-09-21T20:16:55.648025+00:00","config_sha256":"ad27b6d96a527f36587a771b1935ed816a15b3aeaa6ec1669b3ef4dc990a65c9","elapsed_seconds":168.600073151,"episodes":264,"model_sha256":"a04ba71e874cb1a6c95dee49dc8182d9a1af48642efa3f83b4932532b9fb2291","penalty_bps":0.0,"preregistration_sha256":"6ce9ff828329e5e9432d2edef06e239ee17c6eb84e5169c48a7f42ffc96bacbf","reward_summary":{"completion_penalty_absolute_share":0.0,"episodes":264,"first_quarter_mean_return_bps":-1.0498529242424244,"invalid_episodes":0,"last_quarter_mean_return_bps":-0.8845065606060606,"mean_absolute_reward_terms_bps":{"completion_penalty":0.0,"fees":0.219499750229226,"fills":1.0791626231329625,"late_fees":0.0,"late_fills":0.0,"terminal_fees":0.0,"terminal_shortfall":0.0},"mean_return_bps":-0.8656491401515152,"mean_reward_terms_bps":{"completion_penalty":0.0,"fees":-0.219499750229226,"fills":-0.6461494176341572,"late_fees":0.0,"late_fills":0.0,"terminal_fees":0.0,"terminal_shortfall":0.0}},"timesteps":8192,"training_completed":"penalty-0-seed-81002","training_seed":81002,"training_trace_sha256":"e64a6c5fdf2b55561227441121a722a77c2779b832e9283672965fd5e63042ca"}
2026-09-21T20:17:17.0158070Z {"episodes":35,"training_progress_steps":1024}
2026-09-21T20:17:38.2489354Z {"episodes":69,"training_progress_steps":2048}
2026-09-21T20:17:59.1292492Z {"episodes":102,"training_progress_steps":3072}
2026-09-21T20:18:19.4660082Z {"episodes":132,"training_progress_steps":4096}
2026-09-21T20:18:39.8365085Z {"episodes":161,"training_progress_steps":5120}
2026-09-21T20:19:00.1537599Z {"episodes":190,"training_progress_steps":6144}
2026-09-21T20:19:20.4595371Z {"episodes":213,"training_progress_steps":7168}
2026-09-21T20:19:40.8347547Z {"episodes":237,"training_progress_steps":8192}
2026-09-21T20:19:40.9254177Z {"completed_at":"2026-09-21T20:19:40.924305+00:00","config_sha256":"ad27b6d96a527f36587a771b1935ed816a15b3aeaa6ec1669b3ef4dc990a65c9","elapsed_seconds":165.274884444,"episodes":237,"model_sha256":"9972afc9cb3a82b2548b3229026fe590b2c97c65637e911688eb767650d16148","penalty_bps":0.0,"preregistration_sha256":"6ce9ff828329e5e9432d2edef06e239ee17c6eb84e5169c48a7f42ffc96bacbf","reward_summary":{"completion_penalty_absolute_share":0.0,"episodes":237,"first_quarter_mean_return_bps":-1.3434741525423728,"invalid_episodes":0,"last_quarter_mean_return_bps":-0.5069584067796611,"mean_absolute_reward_terms_bps":{"completion_penalty":0.0,"fees":0.32488531570148915,"fills":1.25634164495588,"late_fees":0.0,"late_fills":0.0,"terminal_fees":0.002363131058133226,"terminal_shortfall":0.004795957743369386},"mean_return_bps":-0.9977651012658227,"mean_reward_terms_bps":{"completion_penalty":0.0,"fees":-0.32488531570148915,"fills":-0.6691964658466676,"late_fees":0.0,"late_fills":0.0,"terminal_fees":-0.002363131058133226,"terminal_shortfall":-0.0013201735825897267}},"timesteps":8192,"training_completed":"penalty-0-seed-81003","training_seed":81003,"training_trace_sha256":"34abba3ed930dff99988df372f022de1ecf285f5a2527d3bddc2752906c55f94"}
2026-09-21T20:20:02.4731835Z {"episodes":33,"training_progress_steps":1024}
2026-09-21T20:20:23.2409568Z {"episodes":62,"training_progress_steps":2048}
2026-09-21T20:20:43.8441289Z {"episodes":90,"training_progress_steps":3072}
2026-09-21T20:21:04.4342763Z {"episodes":115,"training_progress_steps":4096}
2026-09-21T20:21:24.7425312Z {"episodes":142,"training_progress_steps":5120}
2026-09-21T20:21:45.6358004Z {"episodes":173,"training_progress_steps":6144}
2026-09-21T20:22:06.4874773Z {"episodes":205,"training_progress_steps":7168}
2026-09-21T20:22:27.2828833Z {"episodes":237,"training_progress_steps":8192}
2026-09-21T20:22:27.3752481Z {"completed_at":"2026-09-21T20:22:27.373844+00:00","config_sha256":"ad27b6d96a527f36587a771b1935ed816a15b3aeaa6ec1669b3ef4dc990a65c9","elapsed_seconds":166.44810532300005,"episodes":237,"model_sha256":"f564d69a2fbff73d7f7fd7064f6f9c5bf8936c907411b53729e1f3058c21beb2","penalty_bps":0.0,"preregistration_sha256":"6ce9ff828329e5e9432d2edef06e239ee17c6eb84e5169c48a7f42ffc96bacbf","reward_summary":{"completion_penalty_absolute_share":0.0,"episodes":237,"first_quarter_mean_return_bps":-1.1608261355932201,"invalid_episodes":0,"last_quarter_mean_return_bps":-0.8175315762711864,"mean_absolute_reward_terms_bps":{"completion_penalty":0.0,"fees":0.20551241918337526,"fills":1.2841485781193527,"late_fees":0.0,"late_fills":0.0,"terminal_fees":0.0015752941998417773,"terminal_shortfall":0.0026220354059952465},"mean_return_bps":-0.9059192278481012,"mean_reward_terms_bps":{"completion_penalty":0.0,"fees":-0.20551241918337526,"fills":-0.6966863570572513,"late_fees":0.0,"late_fills":0.0,"terminal_fees":-0.0015752941998417773,"terminal_shortfall":-0.0021451715254580876}},"timesteps":8192,"training_completed":"penalty-0-seed-81004","training_seed":81004,"training_trace_sha256":"f3d63ee0fdc13ed30829f9f1261f17ff6c158ebf5ab6db27e12b38e024113a39"}
2026-09-21T20:22:48.7233155Z {"episodes":35,"training_progress_steps":1024}
2026-09-21T20:23:09.8420376Z {"episodes":68,"training_progress_steps":2048}
2026-09-21T20:23:30.8240591Z {"episodes":95,"training_progress_steps":3072}
2026-09-21T20:23:51.5956384Z {"episodes":124,"training_progress_steps":4096}
2026-09-21T20:24:12.3024553Z {"episodes":150,"training_progress_steps":5120}
2026-09-21T20:24:32.4676455Z {"episodes":174,"training_progress_steps":6144}
2026-09-21T20:24:52.7573992Z {"episodes":198,"training_progress_steps":7168}
2026-09-21T20:25:13.4088337Z {"episodes":224,"training_progress_steps":8192}
2026-09-21T20:25:13.4991166Z {"completed_at":"2026-09-21T20:25:13.498012+00:00","config_sha256":"ad27b6d96a527f36587a771b1935ed816a15b3aeaa6ec1669b3ef4dc990a65c9","elapsed_seconds":166.122824476,"episodes":224,"model_sha256":"8c428e9883bbc72cb936ff591e10728b28450d067526beb12a0a8ef10ef3f1f8","penalty_bps":0.0,"preregistration_sha256":"6ce9ff828329e5e9432d2edef06e239ee17c6eb84e5169c48a7f42ffc96bacbf","reward_summary":{"completion_penalty_absolute_share":0.0,"episodes":224,"first_quarter_mean_return_bps":-1.2742380535714284,"invalid_episodes":0,"last_quarter_mean_return_bps":-1.115340410714286,"mean_absolute_reward_terms_bps":{"completion_penalty":0.0,"fees":0.30523403555669226,"fills":1.3782468908091392,"late_fees":0.0,"late_fills":0.0,"terminal_fees":0.0037365050024701493,"terminal_shortfall":0.010970978799090552},"mean_return_bps":-1.02670190625,"mean_reward_terms_bps":{"completion_penalty":0.0,"fees":-0.30523403555669226,"fills":-0.706760405362023,"late_fees":0.0,"late_fills":0.0,"terminal_fees":-0.0037365050024701493,"terminal_shortfall":-0.010970978799090552}},"timesteps":8192,"training_completed":"penalty-0-seed-81005","training_seed":81005,"training_trace_sha256":"02a2f09489b6a95752db171d0b7c2b3e96ea0159fab1ca00e6fc26f92c9bfc58"}
2026-09-21T20:25:34.9222459Z {"episodes":36,"training_progress_steps":1024}
2026-09-21T20:25:56.2517176Z {"episodes":71,"training_progress_steps":2048}
2026-09-21T20:26:17.5653004Z {"episodes":106,"training_progress_steps":3072}
2026-09-21T20:26:38.6671920Z {"episodes":141,"training_progress_steps":4096}
2026-09-21T20:26:59.5277168Z {"episodes":172,"training_progress_steps":5120}
2026-09-21T20:27:20.2133810Z {"episodes":200,"training_progress_steps":6144}
2026-09-21T20:27:41.0588284Z {"episodes":228,"training_progress_steps":7168}
2026-09-21T20:28:01.8355037Z {"episodes":256,"training_progress_steps":8192}
2026-09-21T20:28:01.9259988Z {"completed_at":"2026-09-21T20:28:01.924885+00:00","config_sha256":"ad27b6d96a527f36587a771b1935ed816a15b3aeaa6ec1669b3ef4dc990a65c9","elapsed_seconds":168.4254831799999,"episodes":256,"model_sha256":"a767f416f62d93d9ff0f15c03b4c26c3dba1f15993ff9404a009349e7c105848","penalty_bps":5.0,"preregistration_sha256":"6ce9ff828329e5e9432d2edef06e239ee17c6eb84e5169c48a7f42ffc96bacbf","reward_summary":{"completion_penalty_absolute_share":0.002057543029376121,"episodes":256,"first_quarter_mean_return_bps":-1.3684740781250002,"invalid_episodes":0,"last_quarter_mean_return_bps":-0.545362921875,"mean_absolute_reward_terms_bps":{"completion_penalty":0.0029741285005834305,"fees":0.2140853340364123,"fills":1.2261196124684677,"late_fees":0.0,"late_fills":0.0,"terminal_fees":0.000594655500741313,"terminal_shortfall":0.0017019937537311035},"mean_return_bps":-0.8536957109375001,"mean_reward_terms_bps":{"completion_penalty":-0.0029741285005834305,"fees":-0.2140853340364123,"fills":-0.6343395833630224,"late_fees":0.0,"late_fills":0.0,"terminal_fees":-0.000594655500741313,"terminal_shortfall":-0.0017019937537311035}},"timesteps":8192,"training_completed":"penalty-5-seed-81001","training_seed":81001,"training_trace_sha256":"ec082b7e0945daa399093a88be882ff9065860216e03c017247484e8b4a8b6ca"}
2026-09-21T20:28:23.2801543Z {"episodes":34,"training_progress_steps":1024}
2026-09-21T20:28:44.8586282Z {"episodes":70,"training_progress_steps":2048}
2026-09-21T20:29:06.5580760Z {"episodes":106,"training_progress_steps":3072}
2026-09-21T20:29:27.9324736Z {"episodes":139,"training_progress_steps":4096}
2026-09-21T20:29:49.0082545Z {"episodes":171,"training_progress_steps":5120}
2026-09-21T20:30:10.5106879Z {"episodes":203,"training_progress_steps":6144}
2026-09-21T20:30:31.9444373Z {"episodes":234,"training_progress_steps":7168}
2026-09-21T20:30:53.0876918Z {"episodes":264,"training_progress_steps":8192}
2026-09-21T20:30:53.1770775Z {"completed_at":"2026-09-21T20:30:53.176046+00:00","config_sha256":"ad27b6d96a527f36587a771b1935ed816a15b3aeaa6ec1669b3ef4dc990a65c9","elapsed_seconds":171.24968616599995,"episodes":264,"model_sha256":"476e21ad9b630e8cbc7ca79a5b808fbd2c97f7e93c679e0fa8b2443aeb730795","penalty_bps":5.0,"preregistration_sha256":"6ce9ff828329e5e9432d2edef06e239ee17c6eb84e5169c48a7f42ffc96bacbf","reward_summary":{"completion_penalty_absolute_share":0.0,"episodes":264,"first_quarter_mean_return_bps":-1.0498529242424244,"invalid_episodes":0,"last_quarter_mean_return_bps":-0.8845065606060606,"mean_absolute_reward_terms_bps":{"completion_penalty":0.0,"fees":0.219499750229226,"fills":1.0791626231329625,"late_fees":0.0,"late_fills":0.0,"terminal_fees":0.0,"terminal_shortfall":0.0},"mean_return_bps":-0.8656491401515152,"mean_reward_terms_bps":{"completion_penalty":0.0,"fees":-0.219499750229226,"fills":-0.6461494176341572,"late_fees":0.0,"late_fills":0.0,"terminal_fees":0.0,"terminal_shortfall":0.0}},"timesteps":8192,"training_completed":"penalty-5-seed-81002","training_seed":81002,"training_trace_sha256":"e64a6c5fdf2b55561227441121a722a77c2779b832e9283672965fd5e63042ca"}
2026-09-21T20:31:14.8708970Z {"episodes":35,"training_progress_steps":1024}
2026-09-21T20:31:36.4977109Z {"episodes":69,"training_progress_steps":2048}
2026-09-21T20:31:57.5928754Z {"episodes":102,"training_progress_steps":3072}
2026-09-21T20:32:18.4413697Z {"episodes":132,"training_progress_steps":4096}
2026-09-21T20:32:39.1085638Z {"episodes":161,"training_progress_steps":5120}
2026-09-21T20:32:59.8759642Z {"episodes":190,"training_progress_steps":6144}
2026-09-21T20:33:20.4387632Z {"episodes":213,"training_progress_steps":7168}
2026-09-21T20:33:41.1778190Z {"episodes":241,"training_progress_steps":8192}
2026-09-21T20:33:41.2678953Z {"completed_at":"2026-09-21T20:33:41.266728+00:00","config_sha256":"ad27b6d96a527f36587a771b1935ed816a15b3aeaa6ec1669b3ef4dc990a65c9","elapsed_seconds":168.08935416500003,"episodes":241,"model_sha256":"ff77a2456869c2fed8f8a684b60e7f12209f0be3c873a19c6e51d7437b6524c1","penalty_bps":5.0,"preregistration_sha256":"6ce9ff828329e5e9432d2edef06e239ee17c6eb84e5169c48a7f42ffc96bacbf","reward_summary":{"completion_penalty_absolute_share":0.012205075791460908,"episodes":241,"first_quarter_mean_return_bps":-1.3412958166666664,"invalid_episodes":0,"last_quarter_mean_return_bps":-0.8965690499999999,"mean_absolute_reward_terms_bps":{"completion_penalty":0.0196817035204346,"fees":0.32337676692655065,"fills":1.2507713574682506,"late_fees":0.0,"late_fills":0.0,"terminal_fees":0.003935037857160049,"terminal_shortfall":0.014818608244586196},"mean_return_bps":-1.0987551452282156,"mean_reward_terms_bps":{"completion_penalty":-0.0196817035204346,"fees":-0.32337676692655065,"fills":-0.7387331395571416,"late_fees":0.0,"late_fills":0.0,"terminal_fees":-0.003935037857160049,"terminal_shortfall":-0.013028469268700995}},"timesteps":8192,"training_completed":"penalty-5-seed-81003","training_seed":81003,"training_trace_sha256":"a7106cbb73444f88b7a61eb938be009a43644abd3c9ded7ad6c398f9c8a6a079"}
2026-09-21T20:34:02.2780005Z {"episodes":33,"training_progress_steps":1024}
2026-09-21T20:34:23.2607886Z {"episodes":62,"training_progress_steps":2048}
2026-09-21T20:34:43.9673152Z {"episodes":90,"training_progress_steps":3072}
2026-09-21T20:35:04.1600537Z {"episodes":114,"training_progress_steps":4096}
2026-09-21T20:35:24.3326214Z {"episodes":136,"training_progress_steps":5120}
2026-09-21T20:35:45.0518769Z {"episodes":162,"training_progress_steps":6144}
2026-09-21T20:36:05.5319215Z {"episodes":191,"training_progress_steps":7168}
2026-09-21T20:36:25.5403278Z {"episodes":218,"training_progress_steps":8192}
2026-09-21T20:36:25.6282666Z {"completed_at":"2026-09-21T20:36:25.627163+00:00","config_sha256":"ad27b6d96a527f36587a771b1935ed816a15b3aeaa6ec1669b3ef4dc990a65c9","elapsed_seconds":164.3591758,"episodes":218,"model_sha256":"8c88682b99ce5c74ff02913fc328f555fc327f95c2adb5b0e9d0644745e2ede2","penalty_bps":5.0,"preregistration_sha256":"6ce9ff828329e5e9432d2edef06e239ee17c6eb84e5169c48a7f42ffc96bacbf","reward_summary":{"completion_penalty_absolute_share":0.0347198083674648,"episodes":218,"first_quarter_mean_return_bps":-1.0677707592592591,"invalid_episodes":0,"last_quarter_mean_return_bps":-0.6500893148148147,"mean_absolute_reward_terms_bps":{"completion_penalty":0.05410114223930288,"fees":0.20548339140770228,"fills":1.2552509925704316,"late_fees":0.0,"late_fills":0.0,"terminal_fees":0.010817085942607127,"terminal_shortfall":0.03256861033955737},"mean_return_bps":-0.9029463853211008,"mean_reward_terms_bps":{"completion_penalty":-0.05410114223930288,"fees":-0.20548339140770228,"fills":-0.6011197165951996,"late_fees":0.0,"late_fills":0.0,"terminal_fees":-0.010817085942607127,"terminal_shortfall":-0.03142505253449687}},"timesteps":8192,"training_completed":"penalty-5-seed-81004","training_seed":81004,"training_trace_sha256":"c10bec71700e2f3d41d9ae21149858eda95c8325d50649fc79569db979150532"}
2026-09-21T20:36:46.4944626Z {"episodes":35,"training_progress_steps":1024}
2026-09-21T20:37:07.1742818Z {"episodes":68,"training_progress_steps":2048}
2026-09-21T20:37:27.2572242Z {"episodes":95,"training_progress_steps":3072}
2026-09-21T20:37:47.5409983Z {"episodes":124,"training_progress_steps":4096}
2026-09-21T20:38:08.0584029Z {"episodes":150,"training_progress_steps":5120}
2026-09-21T20:38:28.6973138Z {"episodes":175,"training_progress_steps":6144}
2026-09-21T20:38:48.7715178Z {"episodes":203,"training_progress_steps":7168}
2026-09-21T20:39:08.9516093Z {"episodes":232,"training_progress_steps":8192}
2026-09-21T20:39:09.0397410Z {"completed_at":"2026-09-21T20:39:09.038704+00:00","config_sha256":"ad27b6d96a527f36587a771b1935ed816a15b3aeaa6ec1669b3ef4dc990a65c9","elapsed_seconds":163.41024583800004,"episodes":232,"model_sha256":"fcd70df63c77c803a9ac5b7f61473caa44fa31934de6a6a5b7f4b094b4715e58","penalty_bps":5.0,"preregistration_sha256":"6ce9ff828329e5e9432d2edef06e239ee17c6eb84e5169c48a7f42ffc96bacbf","reward_summary":{"completion_penalty_absolute_share":0.006445055182978325,"episodes":232,"first_quarter_mean_return_bps":-1.2907807758620686,"invalid_episodes":0,"last_quarter_mean_return_bps":-0.9415277586206896,"mean_absolute_reward_terms_bps":{"completion_penalty":0.010675270591075524,"fees":0.2944416964005847,"fills":1.3456261401878267,"late_fees":0.0,"late_fills":0.0,"terminal_fees":0.0021347068462628325,"terminal_shortfall":0.0034727195227268913},"mean_return_bps":-0.9894748577586207,"mean_reward_terms_bps":{"completion_penalty":-0.010675270591075524,"fees":-0.2944416964005847,"fills":-0.6787504901654671,"late_fees":0.0,"late_fills":0.0,"terminal_fees":-0.0021347068462628325,"terminal_shortfall":-0.0034727195227268913}},"timesteps":8192,"training_completed":"penalty-5-seed-81005","training_seed":81005,"training_trace_sha256":"eaaa2b169ef0149036f67ae4251b68accccf996fc5d4ac188bda1068d4444f3a"}
2026-09-21T20:39:29.8897595Z {"episodes":36,"training_progress_steps":1024}
2026-09-21T20:39:50.6654058Z {"episodes":71,"training_progress_steps":2048}
2026-09-21T20:40:11.3884643Z {"episodes":106,"training_progress_steps":3072}
2026-09-21T20:40:32.2612474Z {"episodes":141,"training_progress_steps":4096}
2026-09-21T20:40:52.5459322Z {"episodes":172,"training_progress_steps":5120}
2026-09-21T20:41:12.7679808Z {"episodes":201,"training_progress_steps":6144}
2026-09-21T20:41:33.0780473Z {"episodes":232,"training_progress_steps":7168}
2026-09-21T20:41:53.0333016Z {"episodes":264,"training_progress_steps":8192}
2026-09-21T20:41:53.1208361Z {"completed_at":"2026-09-21T20:41:53.119698+00:00","config_sha256":"ad27b6d96a527f36587a771b1935ed816a15b3aeaa6ec1669b3ef4dc990a65c9","elapsed_seconds":164.07957834800004,"episodes":264,"model_sha256":"f0ca425b550f30ce784f1d2100a3866e0e24844873ba34e50047bf325864dc4d","penalty_bps":25.0,"preregistration_sha256":"6ce9ff828329e5e9432d2edef06e239ee17c6eb84e5169c48a7f42ffc96bacbf","reward_summary":{"completion_penalty_absolute_share":0.00806297749507411,"episodes":264,"first_quarter_mean_return_bps":-1.362716196969697,"invalid_episodes":0,"last_quarter_mean_return_bps":-0.6238849696969696,"mean_absolute_reward_terms_bps":{"completion_penalty":0.011657561613804322,"fees":0.2236579902522673,"fills":1.208873276764427,"late_fees":0.0,"late_fills":0.0,"terminal_fees":0.0004661866173019348,"terminal_shortfall":0.001158472502380801},"mean_return_bps":-0.8829626060606062,"mean_reward_terms_bps":{"completion_penalty":-0.011657561613804322,"fees":-0.2236579902522673,"fills":-0.6460224127023588,"late_fees":0.0,"late_fills":0.0,"terminal_fees":-0.0004661866173019348,"terminal_shortfall":-0.001158472502380801}},"timesteps":8192,"training_completed":"penalty-25-seed-81001","training_seed":81001,"training_trace_sha256":"1ede057337295552c1605cdfef1e09fafabee05bc6ff2cd66a04c5f43d9c1e0b"}
2026-09-21T20:42:13.2798453Z {"episodes":34,"training_progress_steps":1024}
2026-09-21T20:42:33.6548743Z {"episodes":70,"training_progress_steps":2048}
2026-09-21T20:42:53.9999378Z {"episodes":106,"training_progress_steps":3072}
2026-09-21T20:43:14.5928172Z {"episodes":139,"training_progress_steps":4096}
2026-09-21T20:43:35.1898691Z {"episodes":171,"training_progress_steps":5120}
2026-09-21T20:43:55.4816249Z {"episodes":203,"training_progress_steps":6144}
2026-09-21T20:44:15.7948923Z {"episodes":234,"training_progress_steps":7168}
2026-09-21T20:44:35.5624846Z {"episodes":264,"training_progress_steps":8192}
2026-09-21T20:44:35.6508615Z {"completed_at":"2026-09-21T20:44:35.649863+00:00","config_sha256":"ad27b6d96a527f36587a771b1935ed816a15b3aeaa6ec1669b3ef4dc990a65c9","elapsed_seconds":162.52878728199994,"episodes":264,"model_sha256":"588658895b652b1ed21e5dff36882135cddbe1f57bc142875bd33f1421744b67","penalty_bps":25.0,"preregistration_sha256":"6ce9ff828329e5e9432d2edef06e239ee17c6eb84e5169c48a7f42ffc96bacbf","reward_summary":{"completion_penalty_absolute_share":0.0,"episodes":264,"first_quarter_mean_return_bps":-1.0498529242424244,"invalid_episodes":0,"last_quarter_mean_return_bps":-0.8845065606060606,"mean_absolute_reward_terms_bps":{"completion_penalty":0.0,"fees":0.219499750229226,"fills":1.0791626231329625,"late_fees":0.0,"late_fills":0.0,"terminal_fees":0.0,"terminal_shortfall":0.0},"mean_return_bps":-0.8656491401515152,"mean_reward_terms_bps":{"completion_penalty":0.0,"fees":-0.219499750229226,"fills":-0.6461494176341572,"late_fees":0.0,"late_fills":0.0,"terminal_fees":0.0,"terminal_shortfall":0.0}},"timesteps":8192,"training_completed":"penalty-25-seed-81002","training_seed":81002,"training_trace_sha256":"e64a6c5fdf2b55561227441121a722a77c2779b832e9283672965fd5e63042ca"}
2026-09-21T20:44:56.1991856Z {"episodes":35,"training_progress_steps":1024}
2026-09-21T20:45:17.1773667Z {"episodes":69,"training_progress_steps":2048}
2026-09-21T20:45:37.6297932Z {"episodes":102,"training_progress_steps":3072}
2026-09-21T20:45:57.7407591Z {"episodes":132,"training_progress_steps":4096}
2026-09-21T20:46:17.8472257Z {"episodes":161,"training_progress_steps":5120}
2026-09-21T20:46:37.9520389Z {"episodes":190,"training_progress_steps":6144}
2026-09-21T20:46:57.6558435Z {"episodes":214,"training_progress_steps":7168}
2026-09-21T20:47:17.6246433Z {"episodes":239,"training_progress_steps":8192}
2026-09-21T20:47:17.7132656Z {"completed_at":"2026-09-21T20:47:17.712172+00:00","config_sha256":"ad27b6d96a527f36587a771b1935ed816a15b3aeaa6ec1669b3ef4dc990a65c9","elapsed_seconds":162.06097829400005,"episodes":239,"model_sha256":"b6e66143b42fd5f6e853d2b898623fe757cfc37ef01167bef65efa265b34b312","penalty_bps":25.0,"preregistration_sha256":"6ce9ff828329e5e9432d2edef06e239ee17c6eb84e5169c48a7f42ffc96bacbf","reward_summary":{"completion_penalty_absolute_share":0.04211863464202061,"episodes":239,"first_quarter_mean_return_bps":-1.3434741525423728,"invalid_episodes":0,"last_quarter_mean_return_bps":-1.096627677966102,"mean_absolute_reward_terms_bps":{"completion_penalty":0.07060974597579373,"fees":0.33325971060031195,"fills":1.2597173794410317,"late_fees":0.0,"late_fills":0.0,"terminal_fees":0.002823526108614616,"terminal_shortfall":0.010038710260566842},"mean_return_bps":-1.141142410041841,"mean_reward_terms_bps":{"completion_penalty":-0.07060974597579373,"fees":-0.33325971060031195,"fills":-0.7258121082767357,"late_fees":0.0,"late_fills":0.0,"terminal_fees":-0.002823526108614616,"terminal_shortfall":-0.00863730417133418}},"timesteps":8192,"training_completed":"penalty-25-seed-81003","training_seed":81003,"training_trace_sha256":"5159d4a77df90f56e78083f7f0341f0f10038a4a6cf25c32b52ed27eeee05371"}
2026-09-21T20:47:38.4964105Z {"episodes":33,"training_progress_steps":1024}
2026-09-21T20:47:58.5801836Z {"episodes":62,"training_progress_steps":2048}
2026-09-21T20:48:18.7396194Z {"episodes":92,"training_progress_steps":3072}
2026-09-21T20:48:39.0963045Z {"episodes":124,"training_progress_steps":4096}
2026-09-21T20:48:59.6110243Z {"episodes":158,"training_progress_steps":5120}
2026-09-21T20:49:19.9454997Z {"episodes":193,"training_progress_steps":6144}
2026-09-21T20:49:40.3242577Z {"episodes":228,"training_progress_steps":7168}
2026-09-21T20:50:00.8051815Z {"episodes":264,"training_progress_steps":8192}
2026-09-21T20:50:00.8934440Z {"completed_at":"2026-09-21T20:50:00.892410+00:00","config_sha256":"ad27b6d96a527f36587a771b1935ed816a15b3aeaa6ec1669b3ef4dc990a65c9","elapsed_seconds":163.17882847300007,"episodes":264,"model_sha256":"69f39e30cb7519ccf5193192c0e7a5aad80ba6b3ccdc8dd9ef296ff3e7b3eac9","penalty_bps":25.0,"preregistration_sha256":"6ce9ff828329e5e9432d2edef06e239ee17c6eb84e5169c48a7f42ffc96bacbf","reward_summary":{"completion_penalty_absolute_share":0.0004592080203882347,"episodes":264,"first_quarter_mean_return_bps":-1.0831307575757574,"invalid_episodes":0,"last_quarter_mean_return_bps":-0.5865448787878788,"mean_absolute_reward_terms_bps":{"completion_penalty":0.0006077401789187087,"fees":0.1423365875074247,"fills":1.1804269409429664,"late_fees":0.0,"late_fills":0.0,"terminal_fees":2.4303876011642634e-05,"terminal_shortfall":5.7311451057167034e-05},"mean_return_bps":-0.7208324886363636,"mean_reward_terms_bps":{"completion_penalty":-0.0006077401789187087,"fees":-0.1423365875074247,"fills":-0.5778065769977748,"late_fees":0.0,"late_fills":0.0,"terminal_fees":-2.4303876011642634e-05,"terminal_shortfall":-5.7311451057167034e-05}},"timesteps":8192,"training_completed":"penalty-25-seed-81004","training_seed":81004,"training_trace_sha256":"770c0f2291c0c33941389206af5704f7d5846ae99b9cba230321a684fcd9f3fb"}
2026-09-21T20:50:21.0979671Z {"episodes":35,"training_progress_steps":1024}
2026-09-21T20:50:41.0794736Z {"episodes":68,"training_progress_steps":2048}
2026-09-21T20:51:00.8170225Z {"episodes":95,"training_progress_steps":3072}
2026-09-21T20:51:20.8684667Z {"episodes":124,"training_progress_steps":4096}
2026-09-21T20:51:40.4948049Z {"episodes":150,"training_progress_steps":5120}
2026-09-21T20:52:00.4271626Z {"episodes":178,"training_progress_steps":6144}
2026-09-21T20:52:20.1499920Z {"episodes":209,"training_progress_steps":7168}
2026-09-21T20:52:39.8814180Z {"episodes":241,"training_progress_steps":8192}
2026-09-21T20:52:39.9682843Z {"completed_at":"2026-09-21T20:52:39.967287+00:00","config_sha256":"ad27b6d96a527f36587a771b1935ed816a15b3aeaa6ec1669b3ef4dc990a65c9","elapsed_seconds":159.07359843700033,"episodes":241,"model_sha256":"8836ac17fdee07e0a3bedc14f19f41ce9c9b9adbe491b1bd9ffe0858d1ae802e","penalty_bps":25.0,"preregistration_sha256":"6ce9ff828329e5e9432d2edef06e239ee17c6eb84e5169c48a7f42ffc96bacbf","reward_summary":{"completion_penalty_absolute_share":0.00847596087058701,"episodes":241,"first_quarter_mean_return_bps":-1.3287743499999998,"invalid_episodes":0,"last_quarter_mean_return_bps":-0.7905589666666665,"mean_absolute_reward_terms_bps":{"completion_penalty":0.013556892953804887,"fees":0.28810797948333056,"fills":1.2952154029565575,"late_fees":0.0,"late_fills":0.0,"terminal_fees":0.0005420727483955626,"terminal_shortfall":0.002029697566328567},"mean_return_bps":-0.9800681078838175,"mean_reward_terms_bps":{"completion_penalty":-0.013556892953804887,"fees":-0.28810797948333056,"fills":-0.675831466599608,"late_fees":0.0,"late_fills":0.0,"terminal_fees":-0.0005420727483955626,"terminal_shortfall":-0.002029697566328567}},"timesteps":8192,"training_completed":"penalty-25-seed-81005","training_seed":81005,"training_trace_sha256":"f5294f56e0c774dd26b95b41c5f4a872ae3c66bd2a9c1ba548517bceb2e74f68"}
2026-09-21T20:52:59.9946795Z {"episodes":36,"training_progress_steps":1024}
2026-09-21T20:53:19.8530746Z {"episodes":71,"training_progress_steps":2048}
2026-09-21T20:53:39.9422570Z {"episodes":106,"training_progress_steps":3072}
2026-09-21T20:53:59.9112266Z {"episodes":141,"training_progress_steps":4096}
2026-09-21T20:54:19.4817498Z {"episodes":172,"training_progress_steps":5120}
2026-09-21T20:54:39.3617038Z {"episodes":201,"training_progress_steps":6144}
2026-09-21T20:54:59.5671314Z {"episodes":233,"training_progress_steps":7168}
2026-09-21T20:55:20.3650178Z {"episodes":265,"training_progress_steps":8192}
2026-09-21T20:55:20.4548503Z {"completed_at":"2026-09-21T20:55:20.453762+00:00","config_sha256":"ad27b6d96a527f36587a771b1935ed816a15b3aeaa6ec1669b3ef4dc990a65c9","elapsed_seconds":160.48502763399983,"episodes":265,"model_sha256":"68041ebc4c7e741e3bf340f12ee75f952c1fb665775fa85e76737e852f6af19a","penalty_bps":100.0,"preregistration_sha256":"6ce9ff828329e5e9432d2edef06e239ee17c6eb84e5169c48a7f42ffc96bacbf","reward_summary":{"completion_penalty_absolute_share":0.031833008889804976,"episodes":265,"first_quarter_mean_return_bps":-1.362716196969697,"invalid_episodes":0,"last_quarter_mean_return_bps":-0.5061406666666667,"mean_absolute_reward_terms_bps":{"completion_penalty":0.046454283261046656,"fees":0.20919021906591498,"fills":1.202048698932848,"late_fees":0.0,"late_fills":0.0,"terminal_fees":0.00046442742251966336,"terminal_shortfall":0.0011541009080321943},"mean_return_bps":-0.863985,"mean_reward_terms_bps":{"completion_penalty":-0.046454283261046656,"fees":-0.20919021906591498,"fills":-0.6067219908393935,"late_fees":0.0,"late_fills":0.0,"terminal_fees":-0.00046442742251966336,"terminal_shortfall":-0.0011541009080321943}},"timesteps":8192,"training_completed":"penalty-100-seed-81001","training_seed":81001,"training_trace_sha256":"2c8df76cc21c8548215d3dbc844c88a677245762c1859febecf22fd9ab77c981"}
2026-09-21T20:55:41.7367581Z {"episodes":34,"training_progress_steps":1024}
2026-09-21T20:56:03.0291577Z {"episodes":70,"training_progress_steps":2048}
2026-09-21T20:56:23.9330534Z {"episodes":106,"training_progress_steps":3072}
2026-09-21T20:56:44.4436440Z {"episodes":139,"training_progress_steps":4096}
2026-09-21T20:57:04.8420675Z {"episodes":171,"training_progress_steps":5120}
2026-09-21T20:57:25.4606323Z {"episodes":203,"training_progress_steps":6144}
2026-09-21T20:57:46.6874792Z {"episodes":234,"training_progress_steps":7168}
2026-09-21T20:58:07.4844955Z {"episodes":264,"training_progress_steps":8192}
2026-09-21T20:58:07.5755942Z {"completed_at":"2026-09-21T20:58:07.574531+00:00","config_sha256":"ad27b6d96a527f36587a771b1935ed816a15b3aeaa6ec1669b3ef4dc990a65c9","elapsed_seconds":167.1192258150004,"episodes":264,"model_sha256":"f622c7ca7a054de3b0d3d5a343253fe5b05ba9d73bcd1e1f2a40eedc60a57a87","penalty_bps":100.0,"preregistration_sha256":"6ce9ff828329e5e9432d2edef06e239ee17c6eb84e5169c48a7f42ffc96bacbf","reward_summary":{"completion_penalty_absolute_share":0.0,"episodes":264,"first_quarter_mean_return_bps":-1.0498529242424244,"invalid_episodes":0,"last_quarter_mean_return_bps":-0.8845065606060606,"mean_absolute_reward_terms_bps":{"completion_penalty":0.0,"fees":0.219499750229226,"fills":1.0791626231329625,"late_fees":0.0,"late_fills":0.0,"terminal_fees":0.0,"terminal_shortfall":0.0},"mean_return_bps":-0.8656491401515152,"mean_reward_terms_bps":{"completion_penalty":0.0,"fees":-0.219499750229226,"fills":-0.6461494176341572,"late_fees":0.0,"late_fills":0.0,"terminal_fees":0.0,"terminal_shortfall":0.0}},"timesteps":8192,"training_completed":"penalty-100-seed-81002","training_seed":81002,"training_trace_sha256":"e64a6c5fdf2b55561227441121a722a77c2779b832e9283672965fd5e63042ca"}
2026-09-21T20:58:29.0783020Z {"episodes":35,"training_progress_steps":1024}
2026-09-21T20:58:50.3691446Z {"episodes":69,"training_progress_steps":2048}
2026-09-21T20:59:11.5927365Z {"episodes":102,"training_progress_steps":3072}
2026-09-21T20:59:32.7871328Z {"episodes":132,"training_progress_steps":4096}
2026-09-21T20:59:54.0613208Z {"episodes":161,"training_progress_steps":5120}
2026-09-21T21:00:15.3696878Z {"episodes":190,"training_progress_steps":6144}
2026-09-21T21:00:36.4414863Z {"episodes":216,"training_progress_steps":7168}
2026-09-21T21:00:57.1372942Z {"episodes":244,"training_progress_steps":8192}
2026-09-21T21:00:57.2269271Z {"completed_at":"2026-09-21T21:00:57.225759+00:00","config_sha256":"ad27b6d96a527f36587a771b1935ed816a15b3aeaa6ec1669b3ef4dc990a65c9","elapsed_seconds":169.64980184999968,"episodes":244,"model_sha256":"f6a353307fcc71531f786fad86e0b8ccfff5190d24d4b65b3cb1a1fea09bcddc","penalty_bps":100.0,"preregistration_sha256":"6ce9ff828329e5e9432d2edef06e239ee17c6eb84e5169c48a7f42ffc96bacbf","reward_summary":{"completion_penalty_absolute_share":0.03832030368161335,"episodes":244,"first_quarter_mean_return_bps":-1.3271983278688522,"invalid_episodes":0,"last_quarter_mean_return_bps":-0.9432952950819671,"mean_absolute_reward_terms_bps":{"completion_penalty":0.06169060963712531,"fees":0.32279443878218594,"fills":1.2212441814754804,"late_fees":0.0,"late_fills":0.0,"terminal_fees":0.000616681440075052,"terminal_shortfall":0.0035215403869573517},"mean_return_bps":-1.0956592663934424,"mean_reward_terms_bps":{"completion_penalty":-0.06169060963712531,"fees":-0.32279443878218594,"fills":-0.7083109494949217,"late_fees":0.0,"late_fills":0.0,"terminal_fees":-0.000616681440075052,"terminal_shortfall":-0.0022465629620113466}},"timesteps":8192,"training_completed":"penalty-100-seed-81003","training_seed":81003,"training_trace_sha256":"d941b614c03e4132e5dc2c6a698cd94b3a233d2033937b8c9497cb0861e795c3"}
2026-09-21T21:01:18.2491706Z {"episodes":33,"training_progress_steps":1024}
2026-09-21T21:01:39.0284713Z {"episodes":62,"training_progress_steps":2048}
2026-09-21T21:01:59.6743110Z {"episodes":92,"training_progress_steps":3072}
2026-09-21T21:02:20.2416886Z {"episodes":124,"training_progress_steps":4096}
2026-09-21T21:02:40.8607436Z {"episodes":156,"training_progress_steps":5120}
2026-09-21T21:03:01.1837608Z {"episodes":185,"training_progress_steps":6144}
2026-09-21T21:03:21.1516225Z {"episodes":209,"training_progress_steps":7168}
2026-09-21T21:03:41.6029355Z {"episodes":240,"training_progress_steps":8192}
2026-09-21T21:03:41.6935967Z {"completed_at":"2026-09-21T21:03:41.692241+00:00","config_sha256":"ad27b6d96a527f36587a771b1935ed816a15b3aeaa6ec1669b3ef4dc990a65c9","elapsed_seconds":164.46511500400038,"episodes":240,"model_sha256":"8f0f105320155f2807583aaf4143414e762f3d8d929d3291c246c7bb609f18ee","penalty_bps":100.0,"preregistration_sha256":"6ce9ff828329e5e9432d2edef06e239ee17c6eb84e5169c48a7f42ffc96bacbf","reward_summary":{"completion_penalty_absolute_share":0.1493340406890047,"episodes":240,"first_quarter_mean_return_bps":-1.1846904833333332,"invalid_episodes":0,"last_quarter_mean_return_bps":-1.6330163333333334,"mean_absolute_reward_terms_bps":{"completion_penalty":0.24820108907040064,"fees":0.17257518771510363,"fills":1.2297476887512653,"late_fees":0.0,"late_fills":0.0,"terminal_fees":0.0024812679755627353,"terminal_shortfall":0.009047758057696384},"mean_return_bps":-1.0173384791666666,"mean_reward_terms_bps":{"completion_penalty":-0.24820108907040064,"fees":-0.17257518771510363,"fills":-0.5866517945181536,"late_fees":0.0,"late_fills":0.0,"terminal_fees":-0.0024812679755627353,"terminal_shortfall":-0.007429151412709923}},"timesteps":8192,"training_completed":"penalty-100-seed-81004","training_seed":81004,"training_trace_sha256":"7144367327bbc8be18c18a75dd7dc6d95b506531d1db1a5c2af3d14f76edc900"}
2026-09-21T21:04:02.4475001Z {"episodes":35,"training_progress_steps":1024}
2026-09-21T21:04:23.1149410Z {"episodes":68,"training_progress_steps":2048}
2026-09-21T21:04:43.4196296Z {"episodes":95,"training_progress_steps":3072}
2026-09-21T21:05:03.5427057Z {"episodes":124,"training_progress_steps":4096}
2026-09-21T21:05:23.9157341Z {"episodes":150,"training_progress_steps":5120}
2026-09-21T21:05:44.6581730Z {"episodes":179,"training_progress_steps":6144}
2026-09-21T21:06:05.7465710Z {"episodes":210,"training_progress_steps":7168}
2026-09-21T21:06:27.0331855Z {"episodes":244,"training_progress_steps":8192}
2026-09-21T21:06:27.1237916Z {"completed_at":"2026-09-21T21:06:27.122576+00:00","config_sha256":"ad27b6d96a527f36587a771b1935ed816a15b3aeaa6ec1669b3ef4dc990a65c9","elapsed_seconds":165.42889152899988,"episodes":244,"model_sha256":"51a01418188809778f4869c313c51ae44225baa09d75e29023aa9d165da52f69","penalty_bps":100.0,"preregistration_sha256":"6ce9ff828329e5e9432d2edef06e239ee17c6eb84e5169c48a7f42ffc96bacbf","reward_summary":{"completion_penalty_absolute_share":0.010354013882180943,"episodes":244,"first_quarter_mean_return_bps":-1.3265446721311474,"invalid_episodes":0,"last_quarter_mean_return_bps":-1.0993683934426228,"mean_absolute_reward_terms_bps":{"completion_penalty":0.017215984084779156,"fees":0.32080623263838226,"fills":1.3234856187471942,"late_fees":0.0,"late_fills":0.0,"terminal_fees":0.00017205430266276726,"terminal_shortfall":0.0010553818502434605},"mean_return_bps":-1.039069475409836,"mean_reward_terms_bps":{"completion_penalty":-0.017215984084779156,"fees":-0.32080623263838226,"fills":-0.6998198351851367,"late_fees":0.0,"late_fills":0.0,"terminal_fees":-0.00017205430266276726,"terminal_shortfall":-0.0010553818502434605}},"timesteps":8192,"training_completed":"penalty-100-seed-81005","training_seed":81005,"training_trace_sha256":"de51d76f1f913bc8e86231d198e4976233284c43d34edd3ee82cdead47f8cb20"}
2026-09-21T21:06:27.1383187Z {"completed_at":"2026-09-21T21:06:27.122766+00:00","models":[{"completed_at":"2026-09-21T20:14:07.046467+00:00","config_sha256":"ad27b6d96a527f36587a771b1935ed816a15b3aeaa6ec1669b3ef4dc990a65c9","elapsed_seconds":170.06497771399998,"episodes":255,"model_sha256":"a99ee5aa4a0ba26066509c726261bda7b10f4f9f465ced7557f7e1e2300b8fd6","penalty_bps":0.0,"preregistration_sha256":"6ce9ff828329e5e9432d2edef06e239ee17c6eb84e5169c48a7f42ffc96bacbf","reward_summary":{"completion_penalty_absolute_share":0.0,"episodes":255,"first_quarter_mean_return_bps":-1.3733726825396826,"invalid_episodes":0,"last_quarter_mean_return_bps":-0.3753981746031745,"mean_absolute_reward_terms_bps":{"completion_penalty":0.0,"fees":0.1993067050910963,"fills":1.2192831390903878,"late_fees":0.0,"late_fills":0.0,"terminal_fees":0.0005467025079322938,"terminal_shortfall":0.00120655405386675},"mean_return_bps":-0.8171618627450982,"mean_reward_terms_bps":{"completion_penalty":0.0,"fees":-0.1993067050910963,"fills":-0.6161019052246446,"late_fees":0.0,"late_fills":0.0,"terminal_fees":-0.0005467025079322938,"terminal_shortfall":-0.00120655405386675}},"timesteps":8192,"training_seed":81001,"training_trace_sha256":"234946ffe9940db681afac083858b6a355df1297f3d7513bc479ebf8d3fef457"},{"completed_at":"2026-09-21T20:16:55.648025+00:00","config_sha256":"ad27b6d96a527f36587a771b1935ed816a15b3aeaa6ec1669b3ef4dc990a65c9","elapsed_seconds":168.600073151,"episodes":264,"model_sha256":"a04ba71e874cb1a6c95dee49dc8182d9a1af48642efa3f83b4932532b9fb2291","penalty_bps":0.0,"preregistration_sha256":"6ce9ff828329e5e9432d2edef06e239ee17c6eb84e5169c48a7f42ffc96bacbf","reward_summary":{"completion_penalty_absolute_share":0.0,"episodes":264,"first_quarter_mean_return_bps":-1.0498529242424244,"invalid_episodes":0,"last_quarter_mean_return_bps":-0.8845065606060606,"mean_absolute_reward_terms_bps":{"completion_penalty":0.0,"fees":0.219499750229226,"fills":1.0791626231329625,"late_fees":0.0,"late_fills":0.0,"terminal_fees":0.0,"terminal_shortfall":0.0},"mean_return_bps":-0.8656491401515152,"mean_reward_terms_bps":{"completion_penalty":0.0,"fees":-0.219499750229226,"fills":-0.6461494176341572,"late_fees":0.0,"late_fills":0.0,"terminal_fees":0.0,"terminal_shortfall":0.0}},"timesteps":8192,"training_seed":81002,"training_trace_sha256":"e64a6c5fdf2b55561227441121a722a77c2779b832e9283672965fd5e63042ca"},{"completed_at":"2026-09-21T20:19:40.924305+00:00","config_sha256":"ad27b6d96a527f36587a771b1935ed816a15b3aeaa6ec1669b3ef4dc990a65c9","elapsed_seconds":165.274884444,"episodes":237,"model_sha256":"9972afc9cb3a82b2548b3229026fe590b2c97c65637e911688eb767650d16148","penalty_bps":0.0,"preregistration_sha256":"6ce9ff828329e5e9432d2edef06e239ee17c6eb84e5169c48a7f42ffc96bacbf","reward_summary":{"completion_penalty_absolute_share":0.0,"episodes":237,"first_quarter_mean_return_bps":-1.3434741525423728,"invalid_episodes":0,"last_quarter_mean_return_bps":-0.5069584067796611,"mean_absolute_reward_terms_bps":{"completion_penalty":0.0,"fees":0.32488531570148915,"fills":1.25634164495588,"late_fees":0.0,"late_fills":0.0,"terminal_fees":0.002363131058133226,"terminal_shortfall":0.004795957743369386},"mean_return_bps":-0.9977651012658227,"mean_reward_terms_bps":{"completion_penalty":0.0,"fees":-0.32488531570148915,"fills":-0.6691964658466676,"late_fees":0.0,"late_fills":0.0,"terminal_fees":-0.002363131058133226,"terminal_shortfall":-0.0013201735825897267}},"timesteps":8192,"training_seed":81003,"training_trace_sha256":"34abba3ed930dff99988df372f022de1ecf285f5a2527d3bddc2752906c55f94"},{"completed_at":"2026-09-21T20:22:27.373844+00:00","config_sha256":"ad27b6d96a527f36587a771b1935ed816a15b3aeaa6ec1669b3ef4dc990a65c9","elapsed_seconds":166.44810532300005,"episodes":237,"model_sha256":"f564d69a2fbff73d7f7fd7064f6f9c5bf8936c907411b53729e1f3058c21beb2","penalty_bps":0.0,"preregistration_sha256":"6ce9ff828329e5e9432d2edef06e239ee17c6eb84e5169c48a7f42ffc96bacbf","reward_summary":{"completion_penalty_absolute_share":0.0,"episodes":237,"first_quarter_mean_return_bps":-1.1608261355932201,"invalid_episodes":0,"last_quarter_mean_return_bps":-0.8175315762711864,"mean_absolute_reward_terms_bps":{"completion_penalty":0.0,"fees":0.20551241918337526,"fills":1.2841485781193527,"late_fees":0.0,"late_fills":0.0,"terminal_fees":0.0015752941998417773,"terminal_shortfall":0.0026220354059952465},"mean_return_bps":-0.9059192278481012,"mean_reward_terms_bps":{"completion_penalty":0.0,"fees":-0.20551241918337526,"fills":-0.6966863570572513,"late_fees":0.0,"late_fills":0.0,"terminal_fees":-0.0015752941998417773,"terminal_shortfall":-0.0021451715254580876}},"timesteps":8192,"training_seed":81004,"training_trace_sha256":"f3d63ee0fdc13ed30829f9f1261f17ff6c158ebf5ab6db27e12b38e024113a39"},{"completed_at":"2026-09-21T20:25:13.498012+00:00","config_sha256":"ad27b6d96a527f36587a771b1935ed816a15b3aeaa6ec1669b3ef4dc990a65c9","elapsed_seconds":166.122824476,"episodes":224,"model_sha256":"8c428e9883bbc72cb936ff591e10728b28450d067526beb12a0a8ef10ef3f1f8","penalty_bps":0.0,"preregistration_sha256":"6ce9ff828329e5e9432d2edef06e239ee17c6eb84e5169c48a7f42ffc96bacbf","reward_summary":{"completion_penalty_absolute_share":0.0,"episodes":224,"first_quarter_mean_return_bps":-1.2742380535714284,"invalid_episodes":0,"last_quarter_mean_return_bps":-1.115340410714286,"mean_absolute_reward_terms_bps":{"completion_penalty":0.0,"fees":0.30523403555669226,"fills":1.3782468908091392,"late_fees":0.0,"late_fills":0.0,"terminal_fees":0.0037365050024701493,"terminal_shortfall":0.010970978799090552},"mean_return_bps":-1.02670190625,"mean_reward_terms_bps":{"completion_penalty":0.0,"fees":-0.30523403555669226,"fills":-0.706760405362023,"late_fees":0.0,"late_fills":0.0,"terminal_fees":-0.0037365050024701493,"terminal_shortfall":-0.010970978799090552}},"timesteps":8192,"training_seed":81005,"training_trace_sha256":"02a2f09489b6a95752db171d0b7c2b3e96ea0159fab1ca00e6fc26f92c9bfc58"},{"completed_at":"2026-09-21T20:28:01.924885+00:00","config_sha256":"ad27b6d96a527f36587a771b1935ed816a15b3aeaa6ec1669b3ef4dc990a65c9","elapsed_seconds":168.4254831799999,"episodes":256,"model_sha256":"a767f416f62d93d9ff0f15c03b4c26c3dba1f15993ff9404a009349e7c105848","penalty_bps":5.0,"preregistration_sha256":"6ce9ff828329e5e9432d2edef06e239ee17c6eb84e5169c48a7f42ffc96bacbf","reward_summary":{"completion_penalty_absolute_share":0.002057543029376121,"episodes":256,"first_quarter_mean_return_bps":-1.3684740781250002,"invalid_episodes":0,"last_quarter_mean_return_bps":-0.545362921875,"mean_absolute_reward_terms_bps":{"completion_penalty":0.0029741285005834305,"fees":0.2140853340364123,"fills":1.2261196124684677,"late_fees":0.0,"late_fills":0.0,"terminal_fees":0.000594655500741313,"terminal_shortfall":0.0017019937537311035},"mean_return_bps":-0.8536957109375001,"mean_reward_terms_bps":{"completion_penalty":-0.0029741285005834305,"fees":-0.2140853340364123,"fills":-0.6343395833630224,"late_fees":0.0,"late_fills":0.0,"terminal_fees":-0.000594655500741313,"terminal_shortfall":-0.0017019937537311035}},"timesteps":8192,"training_seed":81001,"training_trace_sha256":"ec082b7e0945daa399093a88be882ff9065860216e03c017247484e8b4a8b6ca"},{"completed_at":"2026-09-21T20:30:53.176046+00:00","config_sha256":"ad27b6d96a527f36587a771b1935ed816a15b3aeaa6ec1669b3ef4dc990a65c9","elapsed_seconds":171.24968616599995,"episodes":264,"model_sha256":"476e21ad9b630e8cbc7ca79a5b808fbd2c97f7e93c679e0fa8b2443aeb730795","penalty_bps":5.0,"preregistration_sha256":"6ce9ff828329e5e9432d2edef06e239ee17c6eb84e5169c48a7f42ffc96bacbf","reward_summary":{"completion_penalty_absolute_share":0.0,"episodes":264,"first_quarter_mean_return_bps":-1.0498529242424244,"invalid_episodes":0,"last_quarter_mean_return_bps":-0.8845065606060606,"mean_absolute_reward_terms_bps":{"completion_penalty":0.0,"fees":0.219499750229226,"fills":1.0791626231329625,"late_fees":0.0,"late_fills":0.0,"terminal_fees":0.0,"terminal_shortfall":0.0},"mean_return_bps":-0.8656491401515152,"mean_reward_terms_bps":{"completion_penalty":0.0,"fees":-0.219499750229226,"fills":-0.6461494176341572,"late_fees":0.0,"late_fills":0.0,"terminal_fees":0.0,"terminal_shortfall":0.0}},"timesteps":8192,"training_seed":81002,"training_trace_sha256":"e64a6c5fdf2b55561227441121a722a77c2779b832e9283672965fd5e63042ca"},{"completed_at":"2026-09-21T20:33:41.266728+00:00","config_sha256":"ad27b6d96a527f36587a771b1935ed816a15b3aeaa6ec1669b3ef4dc990a65c9","elapsed_seconds":168.08935416500003,"episodes":241,"model_sha256":"ff77a2456869c2fed8f8a684b60e7f12209f0be3c873a19c6e51d7437b6524c1","penalty_bps":5.0,"preregistration_sha256":"6ce9ff828329e5e9432d2edef06e239ee17c6eb84e5169c48a7f42ffc96bacbf","reward_summary":{"completion_penalty_absolute_share":0.012205075791460908,"episodes":241,"first_quarter_mean_return_bps":-1.3412958166666664,"invalid_episodes":0,"last_quarter_mean_return_bps":-0.8965690499999999,"mean_absolute_reward_terms_bps":{"completion_penalty":0.0196817035204346,"fees":0.32337676692655065,"fills":1.2507713574682506,"late_fees":0.0,"late_fills":0.0,"terminal_fees":0.003935037857160049,"terminal_shortfall":0.014818608244586196},"mean_return_bps":-1.0987551452282156,"mean_reward_terms_bps":{"completion_penalty":-0.0196817035204346,"fees":-0.32337676692655065,"fills":-0.7387331395571416,"late_fees":0.0,"late_fills":0.0,"terminal_fees":-0.003935037857160049,"terminal_shortfall":-0.013028469268700995}},"timesteps":8192,"training_seed":81003,"training_trace_sha256":"a7106cbb73444f88b7a61eb938be009a43644abd3c9ded7ad6c398f9c8a6a079"},{"completed_at":"2026-09-21T20:36:25.627163+00:00","config_sha256":"ad27b6d96a527f36587a771b1935ed816a15b3aeaa6ec1669b3ef4dc990a65c9","elapsed_seconds":164.3591758,"episodes":218,"model_sha256":"8c88682b99ce5c74ff02913fc328f555fc327f95c2adb5b0e9d0644745e2ede2","penalty_bps":5.0,"preregistration_sha256":"6ce9ff828329e5e9432d2edef06e239ee17c6eb84e5169c48a7f42ffc96bacbf","reward_summary":{"completion_penalty_absolute_share":0.0347198083674648,"episodes":218,"first_quarter_mean_return_bps":-1.0677707592592591,"invalid_episodes":0,"last_quarter_mean_return_bps":-0.6500893148148147,"mean_absolute_reward_terms_bps":{"completion_penalty":0.05410114223930288,"fees":0.20548339140770228,"fills":1.2552509925704316,"late_fees":0.0,"late_fills":0.0,"terminal_fees":0.010817085942607127,"terminal_shortfall":0.03256861033955737},"mean_return_bps":-0.9029463853211008,"mean_reward_terms_bps":{"completion_penalty":-0.05410114223930288,"fees":-0.20548339140770228,"fills":-0.6011197165951996,"late_fees":0.0,"late_fills":0.0,"terminal_fees":-0.010817085942607127,"terminal_shortfall":-0.03142505253449687}},"timesteps":8192,"training_seed":81004,"training_trace_sha256":"c10bec71700e2f3d41d9ae21149858eda95c8325d50649fc79569db979150532"},{"completed_at":"2026-09-21T20:39:09.038704+00:00","config_sha256":"ad27b6d96a527f36587a771b1935ed816a15b3aeaa6ec1669b3ef4dc990a65c9","elapsed_seconds":163.41024583800004,"episodes":232,"model_sha256":"fcd70df63c77c803a9ac5b7f61473caa44fa31934de6a6a5b7f4b094b4715e58","penalty_bps":5.0,"preregistration_sha256":"6ce9ff828329e5e9432d2edef06e239ee17c6eb84e5169c48a7f42ffc96bacbf","reward_summary":{"completion_penalty_absolute_share":0.006445055182978325,"episodes":232,"first_quarter_mean_return_bps":-1.2907807758620686,"invalid_episodes":0,"last_quarter_mean_return_bps":-0.9415277586206896,"mean_absolute_reward_terms_bps":{"completion_penalty":0.010675270591075524,"fees":0.2944416964005847,"fills":1.3456261401878267,"late_fees":0.0,"late_fills":0.0,"terminal_fees":0.0021347068462628325,"terminal_shortfall":0.0034727195227268913},"mean_return_bps":-0.9894748577586207,"mean_reward_terms_bps":{"completion_penalty":-0.010675270591075524,"fees":-0.2944416964005847,"fills":-0.6787504901654671,"late_fees":0.0,"late_fills":0.0,"terminal_fees":-0.0021347068462628325,"terminal_shortfall":-0.0034727195227268913}},"timesteps":8192,"training_seed":81005,"training_trace_sha256":"eaaa2b169ef0149036f67ae4251b68accccf996fc5d4ac188bda1068d4444f3a"},{"completed_at":"2026-09-21T20:41:53.119698+00:00","config_sha256":"ad27b6d96a527f36587a771b1935ed816a15b3aeaa6ec1669b3ef4dc990a65c9","elapsed_seconds":164.07957834800004,"episodes":264,"model_sha256":"f0ca425b550f30ce784f1d2100a3866e0e24844873ba34e50047bf325864dc4d","penalty_bps":25.0,"preregistration_sha256":"6ce9ff828329e5e9432d2edef06e239ee17c6eb84e5169c48a7f42ffc96bacbf","reward_summary":{"completion_penalty_absolute_share":0.00806297749507411,"episodes":264,"first_quarter_mean_return_bps":-1.362716196969697,"invalid_episodes":0,"last_quarter_mean_return_bps":-0.6238849696969696,"mean_absolute_reward_terms_bps":{"completion_penalty":0.011657561613804322,"fees":0.2236579902522673,"fills":1.208873276764427,"late_fees":0.0,"late_fills":0.0,"terminal_fees":0.0004661866173019348,"terminal_shortfall":0.001158472502380801},"mean_return_bps":-0.8829626060606062,"mean_reward_terms_bps":{"completion_penalty":-0.011657561613804322,"fees":-0.2236579902522673,"fills":-0.6460224127023588,"late_fees":0.0,"late_fills":0.0,"terminal_fees":-0.0004661866173019348,"terminal_shortfall":-0.001158472502380801}},"timesteps":8192,"training_seed":81001,"training_trace_sha256":"1ede057337295552c1605cdfef1e09fafabee05bc6ff2cd66a04c5f43d9c1e0b"},{"completed_at":"2026-09-21T20:44:35.649863+00:00","config_sha256":"ad27b6d96a527f36587a771b1935ed816a15b3aeaa6ec1669b3ef4dc990a65c9","elapsed_seconds":162.52878728199994,"episodes":264,"model_sha256":"588658895b652b1ed21e5dff36882135cddbe1f57bc142875bd33f1421744b67","penalty_bps":25.0,"preregistration_sha256":"6ce9ff828329e5e9432d2edef06e239ee17c6eb84e5169c48a7f42ffc96bacbf","reward_summary":{"completion_penalty_absolute_share":0.0,"episodes":264,"first_quarter_mean_return_bps":-1.0498529242424244,"invalid_episodes":0,"last_quarter_mean_return_bps":-0.8845065606060606,"mean_absolute_reward_terms_bps":{"completion_penalty":0.0,"fees":0.219499750229226,"fills":1.0791626231329625,"late_fees":0.0,"late_fills":0.0,"terminal_fees":0.0,"terminal_shortfall":0.0},"mean_return_bps":-0.8656491401515152,"mean_reward_terms_bps":{"completion_penalty":0.0,"fees":-0.219499750229226,"fills":-0.6461494176341572,"late_fees":0.0,"late_fills":0.0,"terminal_fees":0.0,"terminal_shortfall":0.0}},"timesteps":8192,"training_seed":81002,"training_trace_sha256":"e64a6c5fdf2b55561227441121a722a77c2779b832e9283672965fd5e63042ca"},{"completed_at":"2026-09-21T20:47:17.712172+00:00","config_sha256":"ad27b6d96a527f36587a771b1935ed816a15b3aeaa6ec1669b3ef4dc990a65c9","elapsed_seconds":162.06097829400005,"episodes":239,"model_sha256":"b6e66143b42fd5f6e853d2b898623fe757cfc37ef01167bef65efa265b34b312","penalty_bps":25.0,"preregistration_sha256":"6ce9ff828329e5e9432d2edef06e239ee17c6eb84e5169c48a7f42ffc96bacbf","reward_summary":{"completion_penalty_absolute_share":0.04211863464202061,"episodes":239,"first_quarter_mean_return_bps":-1.3434741525423728,"invalid_episodes":0,"last_quarter_mean_return_bps":-1.096627677966102,"mean_absolute_reward_terms_bps":{"completion_penalty":0.07060974597579373,"fees":0.33325971060031195,"fills":1.2597173794410317,"late_fees":0.0,"late_fills":0.0,"terminal_fees":0.002823526108614616,"terminal_shortfall":0.010038710260566842},"mean_return_bps":-1.141142410041841,"mean_reward_terms_bps":{"completion_penalty":-0.07060974597579373,"fees":-0.33325971060031195,"fills":-0.7258121082767357,"late_fees":0.0,"late_fills":0.0,"terminal_fees":-0.002823526108614616,"terminal_shortfall":-0.00863730417133418}},"timesteps":8192,"training_seed":81003,"training_trace_sha256":"5159d4a77df90f56e78083f7f0341f0f10038a4a6cf25c32b52ed27eeee05371"},{"completed_at":"2026-09-21T20:50:00.892410+00:00","config_sha256":"ad27b6d96a527f36587a771b1935ed816a15b3aeaa6ec1669b3ef4dc990a65c9","elapsed_seconds":163.17882847300007,"episodes":264,"model_sha256":"69f39e30cb7519ccf5193192c0e7a5aad80ba6b3ccdc8dd9ef296ff3e7b3eac9","penalty_bps":25.0,"preregistration_sha256":"6ce9ff828329e5e9432d2edef06e239ee17c6eb84e5169c48a7f42ffc96bacbf","reward_summary":{"completion_penalty_absolute_share":0.0004592080203882347,"episodes":264,"first_quarter_mean_return_bps":-1.0831307575757574,"invalid_episodes":0,"last_quarter_mean_return_bps":-0.5865448787878788,"mean_absolute_reward_terms_bps":{"completion_penalty":0.0006077401789187087,"fees":0.1423365875074247,"fills":1.1804269409429664,"late_fees":0.0,"late_fills":0.0,"terminal_fees":2.4303876011642634e-05,"terminal_shortfall":5.7311451057167034e-05},"mean_return_bps":-0.7208324886363636,"mean_reward_terms_bps":{"completion_penalty":-0.0006077401789187087,"fees":-0.1423365875074247,"fills":-0.5778065769977748,"late_fees":0.0,"late_fills":0.0,"terminal_fees":-2.4303876011642634e-05,"terminal_shortfall":-5.7311451057167034e-05}},"timesteps":8192,"training_seed":81004,"training_trace_sha256":"770c0f2291c0c33941389206af5704f7d5846ae99b9cba230321a684fcd9f3fb"},{"completed_at":"2026-09-21T20:52:39.967287+00:00","config_sha256":"ad27b6d96a527f36587a771b1935ed816a15b3aeaa6ec1669b3ef4dc990a65c9","elapsed_seconds":159.07359843700033,"episodes":241,"model_sha256":"8836ac17fdee07e0a3bedc14f19f41ce9c9b9adbe491b1bd9ffe0858d1ae802e","penalty_bps":25.0,"preregistration_sha256":"6ce9ff828329e5e9432d2edef06e239ee17c6eb84e5169c48a7f42ffc96bacbf","reward_summary":{"completion_penalty_absolute_share":0.00847596087058701,"episodes":241,"first_quarter_mean_return_bps":-1.3287743499999998,"invalid_episodes":0,"last_quarter_mean_return_bps":-0.7905589666666665,"mean_absolute_reward_terms_bps":{"completion_penalty":0.013556892953804887,"fees":0.28810797948333056,"fills":1.2952154029565575,"late_fees":0.0,"late_fills":0.0,"terminal_fees":0.0005420727483955626,"terminal_shortfall":0.002029697566328567},"mean_return_bps":-0.9800681078838175,"mean_reward_terms_bps":{"completion_penalty":-0.013556892953804887,"fees":-0.28810797948333056,"fills":-0.675831466599608,"late_fees":0.0,"late_fills":0.0,"terminal_fees":-0.0005420727483955626,"terminal_shortfall":-0.002029697566328567}},"timesteps":8192,"training_seed":81005,"training_trace_sha256":"f5294f56e0c774dd26b95b41c5f4a872ae3c66bd2a9c1ba548517bceb2e74f68"},{"completed_at":"2026-09-21T20:55:20.453762+00:00","config_sha256":"ad27b6d96a527f36587a771b1935ed816a15b3aeaa6ec1669b3ef4dc990a65c9","elapsed_seconds":160.48502763399983,"episodes":265,"model_sha256":"68041ebc4c7e741e3bf340f12ee75f952c1fb665775fa85e76737e852f6af19a","penalty_bps":100.0,"preregistration_sha256":"6ce9ff828329e5e9432d2edef06e239ee17c6eb84e5169c48a7f42ffc96bacbf","reward_summary":{"completion_penalty_absolute_share":0.031833008889804976,"episodes":265,"first_quarter_mean_return_bps":-1.362716196969697,"invalid_episodes":0,"last_quarter_mean_return_bps":-0.5061406666666667,"mean_absolute_reward_terms_bps":{"completion_penalty":0.046454283261046656,"fees":0.20919021906591498,"fills":1.202048698932848,"late_fees":0.0,"late_fills":0.0,"terminal_fees":0.00046442742251966336,"terminal_shortfall":0.0011541009080321943},"mean_return_bps":-0.863985,"mean_reward_terms_bps":{"completion_penalty":-0.046454283261046656,"fees":-0.20919021906591498,"fills":-0.6067219908393935,"late_fees":0.0,"late_fills":0.0,"terminal_fees":-0.00046442742251966336,"terminal_shortfall":-0.0011541009080321943}},"timesteps":8192,"training_seed":81001,"training_trace_sha256":"2c8df76cc21c8548215d3dbc844c88a677245762c1859febecf22fd9ab77c981"},{"completed_at":"2026-09-21T20:58:07.574531+00:00","config_sha256":"ad27b6d96a527f36587a771b1935ed816a15b3aeaa6ec1669b3ef4dc990a65c9","elapsed_seconds":167.1192258150004,"episodes":264,"model_sha256":"f622c7ca7a054de3b0d3d5a343253fe5b05ba9d73bcd1e1f2a40eedc60a57a87","penalty_bps":100.0,"preregistration_sha256":"6ce9ff828329e5e9432d2edef06e239ee17c6eb84e5169c48a7f42ffc96bacbf","reward_summary":{"completion_penalty_absolute_share":0.0,"episodes":264,"first_quarter_mean_return_bps":-1.0498529242424244,"invalid_episodes":0,"last_quarter_mean_return_bps":-0.8845065606060606,"mean_absolute_reward_terms_bps":{"completion_penalty":0.0,"fees":0.219499750229226,"fills":1.0791626231329625,"late_fees":0.0,"late_fills":0.0,"terminal_fees":0.0,"terminal_shortfall":0.0},"mean_return_bps":-0.8656491401515152,"mean_reward_terms_bps":{"completion_penalty":0.0,"fees":-0.219499750229226,"fills":-0.6461494176341572,"late_fees":0.0,"late_fills":0.0,"terminal_fees":0.0,"terminal_shortfall":0.0}},"timesteps":8192,"training_seed":81002,"training_trace_sha256":"e64a6c5fdf2b55561227441121a722a77c2779b832e9283672965fd5e63042ca"},{"completed_at":"2026-09-21T21:00:57.225759+00:00","config_sha256":"ad27b6d96a527f36587a771b1935ed816a15b3aeaa6ec1669b3ef4dc990a65c9","elapsed_seconds":169.64980184999968,"episodes":244,"model_sha256":"f6a353307fcc71531f786fad86e0b8ccfff5190d24d4b65b3cb1a1fea09bcddc","penalty_bps":100.0,"preregistration_sha256":"6ce9ff828329e5e9432d2edef06e239ee17c6eb84e5169c48a7f42ffc96bacbf","reward_summary":{"completion_penalty_absolute_share":0.03832030368161335,"episodes":244,"first_quarter_mean_return_bps":-1.3271983278688522,"invalid_episodes":0,"last_quarter_mean_return_bps":-0.9432952950819671,"mean_absolute_reward_terms_bps":{"completion_penalty":0.06169060963712531,"fees":0.32279443878218594,"fills":1.2212441814754804,"late_fees":0.0,"late_fills":0.0,"terminal_fees":0.000616681440075052,"terminal_shortfall":0.0035215403869573517},"mean_return_bps":-1.0956592663934424,"mean_reward_terms_bps":{"completion_penalty":-0.06169060963712531,"fees":-0.32279443878218594,"fills":-0.7083109494949217,"late_fees":0.0,"late_fills":0.0,"terminal_fees":-0.000616681440075052,"terminal_shortfall":-0.0022465629620113466}},"timesteps":8192,"training_seed":81003,"training_trace_sha256":"d941b614c03e4132e5dc2c6a698cd94b3a233d2033937b8c9497cb0861e795c3"},{"completed_at":"2026-09-21T21:03:41.692241+00:00","config_sha256":"ad27b6d96a527f36587a771b1935ed816a15b3aeaa6ec1669b3ef4dc990a65c9","elapsed_seconds":164.46511500400038,"episodes":240,"model_sha256":"8f0f105320155f2807583aaf4143414e762f3d8d929d3291c246c7bb609f18ee","penalty_bps":100.0,"preregistration_sha256":"6ce9ff828329e5e9432d2edef06e239ee17c6eb84e5169c48a7f42ffc96bacbf","reward_summary":{"completion_penalty_absolute_share":0.1493340406890047,"episodes":240,"first_quarter_mean_return_bps":-1.1846904833333332,"invalid_episodes":0,"last_quarter_mean_return_bps":-1.6330163333333334,"mean_absolute_reward_terms_bps":{"completion_penalty":0.24820108907040064,"fees":0.17257518771510363,"fills":1.2297476887512653,"late_fees":0.0,"late_fills":0.0,"terminal_fees":0.0024812679755627353,"terminal_shortfall":0.009047758057696384},"mean_return_bps":-1.0173384791666666,"mean_reward_terms_bps":{"completion_penalty":-0.24820108907040064,"fees":-0.17257518771510363,"fills":-0.5866517945181536,"late_fees":0.0,"late_fills":0.0,"terminal_fees":-0.0024812679755627353,"terminal_shortfall":-0.007429151412709923}},"timesteps":8192,"training_seed":81004,"training_trace_sha256":"7144367327bbc8be18c18a75dd7dc6d95b506531d1db1a5c2af3d14f76edc900"},{"completed_at":"2026-09-21T21:06:27.122576+00:00","config_sha256":"ad27b6d96a527f36587a771b1935ed816a15b3aeaa6ec1669b3ef4dc990a65c9","elapsed_seconds":165.42889152899988,"episodes":244,"model_sha256":"51a01418188809778f4869c313c51ae44225baa09d75e29023aa9d165da52f69","penalty_bps":100.0,"preregistration_sha256":"6ce9ff828329e5e9432d2edef06e239ee17c6eb84e5169c48a7f42ffc96bacbf","reward_summary":{"completion_penalty_absolute_share":0.010354013882180943,"episodes":244,"first_quarter_mean_return_bps":-1.3265446721311474,"invalid_episodes":0,"last_quarter_mean_return_bps":-1.0993683934426228,"mean_absolute_reward_terms_bps":{"completion_penalty":0.017215984084779156,"fees":0.32080623263838226,"fills":1.3234856187471942,"late_fees":0.0,"late_fills":0.0,"terminal_fees":0.00017205430266276726,"terminal_shortfall":0.0010553818502434605},"mean_return_bps":-1.039069475409836,"mean_reward_terms_bps":{"completion_penalty":-0.017215984084779156,"fees":-0.32080623263838226,"fills":-0.6998198351851367,"late_fees":0.0,"late_fills":0.0,"terminal_fees":-0.00017205430266276726,"terminal_shortfall":-0.0010553818502434605}},"timesteps":8192,"training_seed":81005,"training_trace_sha256":"de51d76f1f913bc8e86231d198e4976233284c43d34edd3ee82cdead47f8cb20"}],"total_timesteps":163840}
2026-09-21T21:06:27.8288354Z ##[group]Run study="examples/studies/core/ppo-final-35649272649"
2026-09-21T21:06:27.8288876Z [36;1mstudy="examples/studies/core/ppo-final-35649272649"[0m
2026-09-21T21:06:27.8289287Z [36;1mpython train_rl.py evaluate --study "$study"[0m
2026-09-21T21:06:27.8328224Z shell: /usr/bin/bash --noprofile --norc -e -o pipefail {0}
2026-09-21T21:06:27.8328578Z env:
2026-09-21T21:06:27.8328856Z   pythonLocation: /opt/hostedtoolcache/Python/3.11.16/x64
2026-09-21T21:06:27.8329299Z   PKG_CONFIG_PATH: /opt/hostedtoolcache/Python/3.11.16/x64/lib/pkgconfig
2026-09-21T21:06:27.8329740Z   Python_ROOT_DIR: /opt/hostedtoolcache/Python/3.11.16/x64
2026-09-21T21:06:27.8330125Z   Python2_ROOT_DIR: /opt/hostedtoolcache/Python/3.11.16/x64
2026-09-21T21:06:27.8330511Z   Python3_ROOT_DIR: /opt/hostedtoolcache/Python/3.11.16/x64
2026-09-21T21:06:27.8330899Z   LD_LIBRARY_PATH: /opt/hostedtoolcache/Python/3.11.16/x64/lib
2026-09-21T21:06:27.8331226Z ##[endgroup]
2026-09-21T21:07:03.2036783Z {"evaluated":"penalty-0-seed-81001","market_count":20,"phase":"diagnostic"}
2026-09-21T21:07:14.7044582Z {"evaluated":"penalty-0-seed-81002","market_count":20,"phase":"diagnostic"}
2026-09-21T21:07:33.3356536Z {"evaluated":"penalty-0-seed-81003","market_count":20,"phase":"diagnostic"}
2026-09-21T21:07:44.7450453Z {"evaluated":"penalty-0-seed-81004","market_count":20,"phase":"diagnostic"}
2026-09-21T21:08:02.6628483Z {"evaluated":"penalty-0-seed-81005","market_count":20,"phase":"diagnostic"}
2026-09-21T21:09:22.4945716Z {"evaluated":"penalty-0-seed-81001","market_count":32,"phase":"final"}
2026-09-21T21:09:40.4076052Z {"evaluated":"penalty-0-seed-81002","market_count":32,"phase":"final"}
2026-09-21T21:10:09.6757758Z {"evaluated":"penalty-0-seed-81003","market_count":32,"phase":"final"}
2026-09-21T21:10:27.5765255Z {"evaluated":"penalty-0-seed-81004","market_count":32,"phase":"final"}
2026-09-21T21:10:55.9932145Z {"evaluated":"penalty-0-seed-81005","market_count":32,"phase":"final"}
2026-09-21T21:11:24.0150307Z {"evaluated":"penalty-5-seed-81001","market_count":32,"phase":"final"}
2026-09-21T21:11:42.0107127Z {"evaluated":"penalty-5-seed-81002","market_count":32,"phase":"final"}
2026-09-21T21:12:02.6304979Z {"evaluated":"penalty-5-seed-81003","market_count":32,"phase":"final"}
2026-09-21T21:12:26.1649541Z {"evaluated":"penalty-5-seed-81004","market_count":32,"phase":"final"}
2026-09-21T21:12:43.6795554Z {"evaluated":"penalty-5-seed-81005","market_count":32,"phase":"final"}
2026-09-21T21:13:01.5237616Z {"evaluated":"penalty-25-seed-81001","market_count":32,"phase":"final"}
2026-09-21T21:13:19.0441620Z {"evaluated":"penalty-25-seed-81002","market_count":32,"phase":"final"}
2026-09-21T21:13:45.9798397Z {"evaluated":"penalty-25-seed-81003","market_count":32,"phase":"final"}
2026-09-21T21:14:03.3882696Z {"evaluated":"penalty-25-seed-81004","market_count":32,"phase":"final"}
2026-09-21T21:14:20.4589923Z {"evaluated":"penalty-25-seed-81005","market_count":32,"phase":"final"}
2026-09-21T21:14:37.4636912Z {"evaluated":"penalty-100-seed-81001","market_count":32,"phase":"final"}
2026-09-21T21:14:54.8284996Z {"evaluated":"penalty-100-seed-81002","market_count":32,"phase":"final"}
2026-09-21T21:15:12.3198183Z {"evaluated":"penalty-100-seed-81003","market_count":32,"phase":"final"}
2026-09-21T21:15:29.5712805Z {"evaluated":"penalty-100-seed-81004","market_count":32,"phase":"final"}
2026-09-21T21:15:46.8769523Z {"evaluated":"penalty-100-seed-81005","market_count":32,"phase":"final"}
2026-09-21T21:15:48.9001933Z {"ac_risk_sensitivity":{"complete_markets":32,"family_interval":{"ci_high_bps":-0.8768835206648944,"ci_low_bps":-2.2294930826287747,"confidence":0.99,"market_seeds":32,"mean_delta_bps":-1.657895854838758,"training_seed_means_bps":[-2.0409291161808936,-1.7778092744201572,-0.6963183378513937,-1.7778092744201572,-1.996613271321187],"training_seeds":5},"kappa_times_horizon":1.0,"planned_markets":32,"risk_aversion":4.983292397008464e-05,"status":"IDENTIFIED"},"actual_final_episodes":704,"completed_at":"2026-09-21T21:15:48.875176+00:00","config_sha256":"ad27b6d96a527f36587a771b1935ed816a15b3aeaa6ec1669b3ef4dc990a65c9","invalid_final_episodes":0,"limitations":["8192-step PPO budget is bounded optimization, not convergence evidence.","Synthetic execution results require the separately reported market calibration gates.","Five training seeds leave uncertainty about rare optimization failures.","Residual liquidation is hypothetical; fill fractions are reported separately."],"penalty_ablations":[{"complete_markets":32,"economic_interval":{"ci_high_bps":-1.0151544589720654,"ci_low_bps":-2.0950964041640816,"confidence":0.95,"market_seeds":32,"mean_delta_bps":-1.604568335802562,"training_seed_means_bps":[-1.9876015971446974,-1.7244817553839622,-0.6429908188151984,-1.7244817553839622,-1.9432857522849913],"training_seeds":5},"family_interval":{"ci_high_bps":-0.810304883719519,"ci_low_bps":-2.2131184319838884,"confidence":0.99,"market_seeds":32,"mean_delta_bps":-1.604568335802562,"training_seed_means_bps":[-1.9876015971446974,-1.7244817553839622,-0.6429908188151984,-1.7244817553839622,-1.9432857522849913],"training_seeds":5},"inference_status":"PRIMARY_IDENTIFIED","invalid_episodes":0,"mean_completion_penalty_bps":0.0,"mean_fill_fraction":0.8689833722287048,"missing_cells":0,"penalty_bps":0.0,"planned_markets":32,"sensitivities":[{"ci_high_bps":-0.810304883719519,"ci_low_bps":-2.2131184319838884,"confidence":0.99,"label":"Assumed residual adverse-cost proxy; not observed or guaranteed worst case","market_seeds":32,"mean_delta_bps":-1.6045683358025624,"residual_cost_bps":100.0,"training_seed_means_bps":[-1.9876015971446979,-1.7244817553839622,-0.6429908188151984,-1.7244817553839622,-1.9432857522849911],"training_seeds":5},{"ci_high_bps":-0.810304883719519,"ci_low_bps":-2.2131184319838884,"confidence":0.99,"label":"Assumed residual adverse-cost proxy; not observed or guaranteed worst case","market_seeds":32,"mean_delta_bps":-1.6045683358025624,"residual_cost_bps":500.0,"training_seed_means_bps":[-1.9876015971446979,-1.7244817553839622,-0.6429908188151984,-1.7244817553839622,-1.9432857522849911],"training_seeds":5}]},{"complete_markets":32,"economic_interval":{"ci_high_bps":-1.4678749022482218,"ci_low_bps":-2.1728876093405267,"confidence":0.95,"market_seeds":32,"mean_delta_bps":-1.838644943964804,"training_seed_means_bps":[-1.8859335637861336,-1.7244817553839622,-1.886343571539518,-1.971984073730443,-1.7244817553839622],"training_seeds":5},"family_interval":{"ci_high_bps":-1.3425199135716301,"ci_low_bps":-2.2555393465172218,"confidence":0.99,"market_seeds":32,"mean_delta_bps":-1.838644943964804,"training_seed_means_bps":[-1.8859335637861336,-1.7244817553839622,-1.886343571539518,-1.971984073730443,-1.7244817553839622],"training_seeds":5},"inference_status":"PRIMARY_IDENTIFIED","invalid_episodes":0,"mean_completion_penalty_bps":0.07903661026837806,"mean_fill_fraction":0.9841926779463244,"missing_cells":0,"penalty_bps":5.0,"planned_markets":32,"sensitivities":[{"ci_high_bps":-1.3425199135716301,"ci_low_bps":-2.2555393465172218,"confidence":0.99,"label":"Assumed residual adverse-cost proxy; not observed or guaranteed worst case","market_seeds":32,"mean_delta_bps":-1.8386449439648036,"residual_cost_bps":100.0,"training_seed_means_bps":[-1.8859335637861334,-1.7244817553839622,-1.886343571539518,-1.9719840737304426,-1.7244817553839622],"training_seeds":5},{"ci_high_bps":-1.3425199135716301,"ci_low_bps":-2.2555393465172218,"confidence":0.99,"label":"Assumed residual adverse-cost proxy; not observed or guaranteed worst case","market_seeds":32,"mean_delta_bps":-1.8386449439648036,"residual_cost_bps":500.0,"training_seed_means_bps":[-1.8859335637861334,-1.7244817553839622,-1.886343571539518,-1.9719840737304426,-1.7244817553839622],"training_seeds":5}]},{"complete_markets":32,"economic_interval":{"ci_high_bps":-1.3641385823161674,"ci_low_bps":-2.077419484674914,"confidence":0.95,"market_seeds":32,"mean_delta_bps":-1.744835665519778,"training_seed_means_bps":[-1.6853048121054515,-1.7244817553839622,-1.9815618669488693,-1.7244817553839622,-1.6083481377766462],"training_seeds":5},"family_interval":{"ci_high_bps":-1.236622605060064,"ci_low_bps":-2.163756023861578,"confidence":0.99,"market_seeds":32,"mean_delta_bps":-1.744835665519778,"training_seed_means_bps":[-1.6853048121054515,-1.7244817553839622,-1.9815618669488693,-1.7244817553839622,-1.6083481377766462],"training_seeds":5},"inference_status":"PRIMARY_IDENTIFIED","invalid_episodes":0,"mean_completion_penalty_bps":0.33182613768961494,"mean_fill_fraction":0.9867269544924154,"missing_cells":0,"penalty_bps":25.0,"planned_markets":32,"sensitivities":[{"ci_high_bps":-1.236622605060064,"ci_low_bps":-2.163756023861578,"confidence":0.99,"label":"Assumed residual adverse-cost proxy; not observed or guaranteed worst case","market_seeds":32,"mean_delta_bps":-1.7448356655197785,"residual_cost_bps":100.0,"training_seed_means_bps":[-1.6853048121054517,-1.7244817553839622,-1.9815618669488693,-1.7244817553839622,-1.608348137776646],"training_seeds":5},{"ci_high_bps":-1.236622605060064,"ci_low_bps":-2.163756023861578,"confidence":0.99,"label":"Assumed residual adverse-cost proxy; not observed or guaranteed worst case","market_seeds":32,"mean_delta_bps":-1.7448356655197785,"residual_cost_bps":500.0,"training_seed_means_bps":[-1.6853048121054517,-1.7244817553839622,-1.9815618669488693,-1.7244817553839622,-1.608348137776646],"training_seeds":5}]},{"complete_markets":32,"economic_interval":{"ci_high_bps":-1.2739948922433004,"ci_low_bps":-2.0543184915542776,"confidence":0.95,"market_seeds":32,"mean_delta_bps":-1.6751707232062443,"training_seed_means_bps":[-1.5800723499648683,-1.7244817553839622,-1.708128466755225,-1.7244817553839622,-1.638689288543204],"training_seeds":5},"family_interval":{"ci_high_bps":-1.1256138136164182,"ci_low_bps":-2.1598544438688863,"confidence":0.99,"market_seeds":32,"mean_delta_bps":-1.6751707232062443,"training_seed_means_bps":[-1.5800723499648683,-1.7244817553839622,-1.708128466755225,-1.7244817553839622,-1.638689288543204],"training_seeds":5},"inference_status":"PRIMARY_IDENTIFIED","invalid_episodes":0,"mean_completion_penalty_bps":0.0,"mean_fill_fraction":1.0,"missing_cells":0,"penalty_bps":100.0,"planned_markets":32,"sensitivities":[{"ci_high_bps":-1.1256138136164182,"ci_low_bps":-2.1598544438688863,"confidence":0.99,"label":"Assumed residual adverse-cost proxy; not observed or guaranteed worst case","market_seeds":32,"mean_delta_bps":-1.6751707232062443,"residual_cost_bps":100.0,"training_seed_means_bps":[-1.5800723499648686,-1.7244817553839622,-1.7081284667552248,-1.7244817553839622,-1.6386892885432034],"training_seeds":5},{"ci_high_bps":-1.1256138136164182,"ci_low_bps":-2.1598544438688863,"confidence":0.99,"label":"Assumed residual adverse-cost proxy; not observed or guaranteed worst case","market_seeds":32,"mean_delta_bps":-1.6751707232062443,"residual_cost_bps":500.0,"training_seed_means_bps":[-1.5800723499648686,-1.7244817553839622,-1.7081284667552248,-1.7244817553839622,-1.6386892885432034],"training_seeds":5}]}],"planned_final_episodes":704,"power":{"approximate_achievable_power":0.8147609787895569,"capped":false,"diagnostic_episodes_sha256":"6ef80395d3abba6ce1ac5f43c2e4b5b00028e6fb007d53b5a2cacc27f59edc80","final_market_count":32,"final_market_seeds":[71000,71001,71002,71003,71004,71005,71006,71007,71008,71009,71010,71011,71012,71013,71014,71015,71016,71017,71018,71019,71020,71021,71022,71023,71024,71025,71026,71027,71028,71029,71030,71031],"limitation":"Pilot variances and normal approximation are uncertain; five training seeds limit precision.","locked_at":"2026-09-21T21:08:02.663302+00:00","mde_bps":0.5,"pilot_market_seeds":20,"pilot_training_seeds":5,"required_market_count":32,"target_power":0.8,"target_variance":0.03185167927926376,"variance_floor_from_five_training_seeds":0.004203073140978629,"variance_interaction":0.5963118956158945,"variance_market":0.7273401013440057,"variance_training":0.021015365704893145},"primary":{"complete_markets":32,"economic_interval":{"ci_high_bps":-1.0151544589720654,"ci_low_bps":-2.0950964041640816,"confidence":0.95,"market_seeds":32,"mean_delta_bps":-1.604568335802562,"training_seed_means_bps":[-1.9876015971446974,-1.7244817553839622,-0.6429908188151984,-1.7244817553839622,-1.9432857522849913],"training_seeds":5},"family_interval":{"ci_high_bps":-0.810304883719519,"ci_low_bps":-2.2131184319838884,"confidence":0.99,"market_seeds":32,"mean_delta_bps":-1.604568335802562,"training_seed_means_bps":[-1.9876015971446974,-1.7244817553839622,-0.6429908188151984,-1.7244817553839622,-1.9432857522849913],"training_seeds":5},"inference_status":"PRIMARY_IDENTIFIED","invalid_episodes":0,"mean_completion_penalty_bps":0.0,"mean_fill_fraction":0.8689833722287048,"missing_cells":0,"penalty_bps":0.0,"planned_markets":32,"sensitivities":[{"ci_high_bps":-0.810304883719519,"ci_low_bps":-2.2131184319838884,"confidence":0.99,"label":"Assumed residual adverse-cost proxy; not observed or guaranteed worst case","market_seeds":32,"mean_delta_bps":-1.6045683358025624,"residual_cost_bps":100.0,"training_seed_means_bps":[-1.9876015971446979,-1.7244817553839622,-0.6429908188151984,-1.7244817553839622,-1.9432857522849911],"training_seeds":5},{"ci_high_bps":-0.810304883719519,"ci_low_bps":-2.2131184319838884,"confidence":0.99,"label":"Assumed residual adverse-cost proxy; not observed or guaranteed worst case","market_seeds":32,"mean_delta_bps":-1.6045683358025624,"residual_cost_bps":500.0,"training_seed_means_bps":[-1.9876015971446979,-1.7244817553839622,-0.6429908188151984,-1.7244817553839622,-1.9432857522849911],"training_seeds":5}]},"primary_penalty_bps":0.0,"question":"PPO minus simulator-fitted AC net execution cost","training_summary":{"completed_at":"2026-09-21T21:06:27.122766+00:00","models":[{"completed_at":"2026-09-21T20:14:07.046467+00:00","config_sha256":"ad27b6d96a527f36587a771b1935ed816a15b3aeaa6ec1669b3ef4dc990a65c9","elapsed_seconds":170.06497771399998,"episodes":255,"model_sha256":"a99ee5aa4a0ba26066509c726261bda7b10f4f9f465ced7557f7e1e2300b8fd6","penalty_bps":0.0,"preregistration_sha256":"6ce9ff828329e5e9432d2edef06e239ee17c6eb84e5169c48a7f42ffc96bacbf","reward_summary":{"completion_penalty_absolute_share":0.0,"episodes":255,"first_quarter_mean_return_bps":-1.3733726825396826,"invalid_episodes":0,"last_quarter_mean_return_bps":-0.3753981746031745,"mean_absolute_reward_terms_bps":{"completion_penalty":0.0,"fees":0.1993067050910963,"fills":1.2192831390903878,"late_fees":0.0,"late_fills":0.0,"terminal_fees":0.0005467025079322938,"terminal_shortfall":0.00120655405386675},"mean_return_bps":-0.8171618627450982,"mean_reward_terms_bps":{"completion_penalty":0.0,"fees":-0.1993067050910963,"fills":-0.6161019052246446,"late_fees":0.0,"late_fills":0.0,"terminal_fees":-0.0005467025079322938,"terminal_shortfall":-0.00120655405386675}},"timesteps":8192,"training_seed":81001,"training_trace_sha256":"234946ffe9940db681afac083858b6a355df1297f3d7513bc479ebf8d3fef457"},{"completed_at":"2026-09-21T20:16:55.648025+00:00","config_sha256":"ad27b6d96a527f36587a771b1935ed816a15b3aeaa6ec1669b3ef4dc990a65c9","elapsed_seconds":168.600073151,"episodes":264,"model_sha256":"a04ba71e874cb1a6c95dee49dc8182d9a1af48642efa3f83b4932532b9fb2291","penalty_bps":0.0,"preregistration_sha256":"6ce9ff828329e5e9432d2edef06e239ee17c6eb84e5169c48a7f42ffc96bacbf","reward_summary":{"completion_penalty_absolute_share":0.0,"episodes":264,"first_quarter_mean_return_bps":-1.0498529242424244,"invalid_episodes":0,"last_quarter_mean_return_bps":-0.8845065606060606,"mean_absolute_reward_terms_bps":{"completion_penalty":0.0,"fees":0.219499750229226,"fills":1.0791626231329625,"late_fees":0.0,"late_fills":0.0,"terminal_fees":0.0,"terminal_shortfall":0.0},"mean_return_bps":-0.8656491401515152,"mean_reward_terms_bps":{"completion_penalty":0.0,"fees":-0.219499750229226,"fills":-0.6461494176341572,"late_fees":0.0,"late_fills":0.0,"terminal_fees":0.0,"terminal_shortfall":0.0}},"timesteps":8192,"training_seed":81002,"training_trace_sha256":"e64a6c5fdf2b55561227441121a722a77c2779b832e9283672965fd5e63042ca"},{"completed_at":"2026-09-21T20:19:40.924305+00:00","config_sha256":"ad27b6d96a527f36587a771b1935ed816a15b3aeaa6ec1669b3ef4dc990a65c9","elapsed_seconds":165.274884444,"episodes":237,"model_sha256":"9972afc9cb3a82b2548b3229026fe590b2c97c65637e911688eb767650d16148","penalty_bps":0.0,"preregistration_sha256":"6ce9ff828329e5e9432d2edef06e239ee17c6eb84e5169c48a7f42ffc96bacbf","reward_summary":{"completion_penalty_absolute_share":0.0,"episodes":237,"first_quarter_mean_return_bps":-1.3434741525423728,"invalid_episodes":0,"last_quarter_mean_return_bps":-0.5069584067796611,"mean_absolute_reward_terms_bps":{"completion_penalty":0.0,"fees":0.32488531570148915,"fills":1.25634164495588,"late_fees":0.0,"late_fills":0.0,"terminal_fees":0.002363131058133226,"terminal_shortfall":0.004795957743369386},"mean_return_bps":-0.9977651012658227,"mean_reward_terms_bps":{"completion_penalty":0.0,"fees":-0.32488531570148915,"fills":-0.6691964658466676,"late_fees":0.0,"late_fills":0.0,"terminal_fees":-0.002363131058133226,"terminal_shortfall":-0.0013201735825897267}},"timesteps":8192,"training_seed":81003,"training_trace_sha256":"34abba3ed930dff99988df372f022de1ecf285f5a2527d3bddc2752906c55f94"},{"completed_at":"2026-09-21T20:22:27.373844+00:00","config_sha256":"ad27b6d96a527f36587a771b1935ed816a15b3aeaa6ec1669b3ef4dc990a65c9","elapsed_seconds":166.44810532300005,"episodes":237,"model_sha256":"f564d69a2fbff73d7f7fd7064f6f9c5bf8936c907411b53729e1f3058c21beb2","penalty_bps":0.0,"preregistration_sha256":"6ce9ff828329e5e9432d2edef06e239ee17c6eb84e5169c48a7f42ffc96bacbf","reward_summary":{"completion_penalty_absolute_share":0.0,"episodes":237,"first_quarter_mean_return_bps":-1.1608261355932201,"invalid_episodes":0,"last_quarter_mean_return_bps":-0.8175315762711864,"mean_absolute_reward_terms_bps":{"completion_penalty":0.0,"fees":0.20551241918337526,"fills":1.2841485781193527,"late_fees":0.0,"late_fills":0.0,"terminal_fees":0.0015752941998417773,"terminal_shortfall":0.0026220354059952465},"mean_return_bps":-0.9059192278481012,"mean_reward_terms_bps":{"completion_penalty":0.0,"fees":-0.20551241918337526,"fills":-0.6966863570572513,"late_fees":0.0,"late_fills":0.0,"terminal_fees":-0.0015752941998417773,"terminal_shortfall":-0.0021451715254580876}},"timesteps":8192,"training_seed":81004,"training_trace_sha256":"f3d63ee0fdc13ed30829f9f1261f17ff6c158ebf5ab6db27e12b38e024113a39"},{"completed_at":"2026-09-21T20:25:13.498012+00:00","config_sha256":"ad27b6d96a527f36587a771b1935ed816a15b3aeaa6ec1669b3ef4dc990a65c9","elapsed_seconds":166.122824476,"episodes":224,"model_sha256":"8c428e9883bbc72cb936ff591e10728b28450d067526beb12a0a8ef10ef3f1f8","penalty_bps":0.0,"preregistration_sha256":"6ce9ff828329e5e9432d2edef06e239ee17c6eb84e5169c48a7f42ffc96bacbf","reward_summary":{"completion_penalty_absolute_share":0.0,"episodes":224,"first_quarter_mean_return_bps":-1.2742380535714284,"invalid_episodes":0,"last_quarter_mean_return_bps":-1.115340410714286,"mean_absolute_reward_terms_bps":{"completion_penalty":0.0,"fees":0.30523403555669226,"fills":1.3782468908091392,"late_fees":0.0,"late_fills":0.0,"terminal_fees":0.0037365050024701493,"terminal_shortfall":0.010970978799090552},"mean_return_bps":-1.02670190625,"mean_reward_terms_bps":{"completion_penalty":0.0,"fees":-0.30523403555669226,"fills":-0.706760405362023,"late_fees":0.0,"late_fills":0.0,"terminal_fees":-0.0037365050024701493,"terminal_shortfall":-0.010970978799090552}},"timesteps":8192,"training_seed":81005,"training_trace_sha256":"02a2f09489b6a95752db171d0b7c2b3e96ea0159fab1ca00e6fc26f92c9bfc58"},{"completed_at":"2026-09-21T20:28:01.924885+00:00","config_sha256":"ad27b6d96a527f36587a771b1935ed816a15b3aeaa6ec1669b3ef4dc990a65c9","elapsed_seconds":168.4254831799999,"episodes":256,"model_sha256":"a767f416f62d93d9ff0f15c03b4c26c3dba1f15993ff9404a009349e7c105848","penalty_bps":5.0,"preregistration_sha256":"6ce9ff828329e5e9432d2edef06e239ee17c6eb84e5169c48a7f42ffc96bacbf","reward_summary":{"completion_penalty_absolute_share":0.002057543029376121,"episodes":256,"first_quarter_mean_return_bps":-1.3684740781250002,"invalid_episodes":0,"last_quarter_mean_return_bps":-0.545362921875,"mean_absolute_reward_terms_bps":{"completion_penalty":0.0029741285005834305,"fees":0.2140853340364123,"fills":1.2261196124684677,"late_fees":0.0,"late_fills":0.0,"terminal_fees":0.000594655500741313,"terminal_shortfall":0.0017019937537311035},"mean_return_bps":-0.8536957109375001,"mean_reward_terms_bps":{"completion_penalty":-0.0029741285005834305,"fees":-0.2140853340364123,"fills":-0.6343395833630224,"late_fees":0.0,"late_fills":0.0,"terminal_fees":-0.000594655500741313,"terminal_shortfall":-0.0017019937537311035}},"timesteps":8192,"training_seed":81001,"training_trace_sha256":"ec082b7e0945daa399093a88be882ff9065860216e03c017247484e8b4a8b6ca"},{"completed_at":"2026-09-21T20:30:53.176046+00:00","config_sha256":"ad27b6d96a527f36587a771b1935ed816a15b3aeaa6ec1669b3ef4dc990a65c9","elapsed_seconds":171.24968616599995,"episodes":264,"model_sha256":"476e21ad9b630e8cbc7ca79a5b808fbd2c97f7e93c679e0fa8b2443aeb730795","penalty_bps":5.0,"preregistration_sha256":"6ce9ff828329e5e9432d2edef06e239ee17c6eb84e5169c48a7f42ffc96bacbf","reward_summary":{"completion_penalty_absolute_share":0.0,"episodes":264,"first_quarter_mean_return_bps":-1.0498529242424244,"invalid_episodes":0,"last_quarter_mean_return_bps":-0.8845065606060606,"mean_absolute_reward_terms_bps":{"completion_penalty":0.0,"fees":0.219499750229226,"fills":1.0791626231329625,"late_fees":0.0,"late_fills":0.0,"terminal_fees":0.0,"terminal_shortfall":0.0},"mean_return_bps":-0.8656491401515152,"mean_reward_terms_bps":{"completion_penalty":0.0,"fees":-0.219499750229226,"fills":-0.6461494176341572,"late_fees":0.0,"late_fills":0.0,"terminal_fees":0.0,"terminal_shortfall":0.0}},"timesteps":8192,"training_seed":81002,"training_trace_sha256":"e64a6c5fdf2b55561227441121a722a77c2779b832e9283672965fd5e63042ca"},{"completed_at":"2026-09-21T20:33:41.266728+00:00","config_sha256":"ad27b6d96a527f36587a771b1935ed816a15b3aeaa6ec1669b3ef4dc990a65c9","elapsed_seconds":168.08935416500003,"episodes":241,"model_sha256":"ff77a2456869c2fed8f8a684b60e7f12209f0be3c873a19c6e51d7437b6524c1","penalty_bps":5.0,"preregistration_sha256":"6ce9ff828329e5e9432d2edef06e239ee17c6eb84e5169c48a7f42ffc96bacbf","reward_summary":{"completion_penalty_absolute_share":0.012205075791460908,"episodes":241,"first_quarter_mean_return_bps":-1.3412958166666664,"invalid_episodes":0,"last_quarter_mean_return_bps":-0.8965690499999999,"mean_absolute_reward_terms_bps":{"completion_penalty":0.0196817035204346,"fees":0.32337676692655065,"fills":1.2507713574682506,"late_fees":0.0,"late_fills":0.0,"terminal_fees":0.003935037857160049,"terminal_shortfall":0.014818608244586196},"mean_return_bps":-1.0987551452282156,"mean_reward_terms_bps":{"completion_penalty":-0.0196817035204346,"fees":-0.32337676692655065,"fills":-0.7387331395571416,"late_fees":0.0,"late_fills":0.0,"terminal_fees":-0.003935037857160049,"terminal_shortfall":-0.013028469268700995}},"timesteps":8192,"training_seed":81003,"training_trace_sha256":"a7106cbb73444f88b7a61eb938be009a43644abd3c9ded7ad6c398f9c8a6a079"},{"completed_at":"2026-09-21T20:36:25.627163+00:00","config_sha256":"ad27b6d96a527f36587a771b1935ed816a15b3aeaa6ec1669b3ef4dc990a65c9","elapsed_seconds":164.3591758,"episodes":218,"model_sha256":"8c88682b99ce5c74ff02913fc328f555fc327f95c2adb5b0e9d0644745e2ede2","penalty_bps":5.0,"preregistration_sha256":"6ce9ff828329e5e9432d2edef06e239ee17c6eb84e5169c48a7f42ffc96bacbf","reward_summary":{"completion_penalty_absolute_share":0.0347198083674648,"episodes":218,"first_quarter_mean_return_bps":-1.0677707592592591,"invalid_episodes":0,"last_quarter_mean_return_bps":-0.6500893148148147,"mean_absolute_reward_terms_bps":{"completion_penalty":0.05410114223930288,"fees":0.20548339140770228,"fills":1.2552509925704316,"late_fees":0.0,"late_fills":0.0,"terminal_fees":0.010817085942607127,"terminal_shortfall":0.03256861033955737},"mean_return_bps":-0.9029463853211008,"mean_reward_terms_bps":{"completion_penalty":-0.05410114223930288,"fees":-0.20548339140770228,"fills":-0.6011197165951996,"late_fees":0.0,"late_fills":0.0,"terminal_fees":-0.010817085942607127,"terminal_shortfall":-0.03142505253449687}},"timesteps":8192,"training_seed":81004,"training_trace_sha256":"c10bec71700e2f3d41d9ae21149858eda95c8325d50649fc79569db979150532"},{"completed_at":"2026-09-21T20:39:09.038704+00:00","config_sha256":"ad27b6d96a527f36587a771b1935ed816a15b3aeaa6ec1669b3ef4dc990a65c9","elapsed_seconds":163.41024583800004,"episodes":232,"model_sha256":"fcd70df63c77c803a9ac5b7f61473caa44fa31934de6a6a5b7f4b094b4715e58","penalty_bps":5.0,"preregistration_sha256":"6ce9ff828329e5e9432d2edef06e239ee17c6eb84e5169c48a7f42ffc96bacbf","reward_summary":{"completion_penalty_absolute_share":0.006445055182978325,"episodes":232,"first_quarter_mean_return_bps":-1.2907807758620686,"invalid_episodes":0,"last_quarter_mean_return_bps":-0.9415277586206896,"mean_absolute_reward_terms_bps":{"completion_penalty":0.010675270591075524,"fees":0.2944416964005847,"fills":1.3456261401878267,"late_fees":0.0,"late_fills":0.0,"terminal_fees":0.0021347068462628325,"terminal_shortfall":0.0034727195227268913},"mean_return_bps":-0.9894748577586207,"mean_reward_terms_bps":{"completion_penalty":-0.010675270591075524,"fees":-0.2944416964005847,"fills":-0.6787504901654671,"late_fees":0.0,"late_fills":0.0,"terminal_fees":-0.0021347068462628325,"terminal_shortfall":-0.0034727195227268913}},"timesteps":8192,"training_seed":81005,"training_trace_sha256":"eaaa2b169ef0149036f67ae4251b68accccf996fc5d4ac188bda1068d4444f3a"},{"completed_at":"2026-09-21T20:41:53.119698+00:00","config_sha256":"ad27b6d96a527f36587a771b1935ed816a15b3aeaa6ec1669b3ef4dc990a65c9","elapsed_seconds":164.07957834800004,"episodes":264,"model_sha256":"f0ca425b550f30ce784f1d2100a3866e0e24844873ba34e50047bf325864dc4d","penalty_bps":25.0,"preregistration_sha256":"6ce9ff828329e5e9432d2edef06e239ee17c6eb84e5169c48a7f42ffc96bacbf","reward_summary":{"completion_penalty_absolute_share":0.00806297749507411,"episodes":264,"first_quarter_mean_return_bps":-1.362716196969697,"invalid_episodes":0,"last_quarter_mean_return_bps":-0.6238849696969696,"mean_absolute_reward_terms_bps":{"completion_penalty":0.011657561613804322,"fees":0.2236579902522673,"fills":1.208873276764427,"late_fees":0.0,"late_fills":0.0,"terminal_fees":0.0004661866173019348,"terminal_shortfall":0.001158472502380801},"mean_return_bps":-0.8829626060606062,"mean_reward_terms_bps":{"completion_penalty":-0.011657561613804322,"fees":-0.2236579902522673,"fills":-0.6460224127023588,"late_fees":0.0,"late_fills":0.0,"terminal_fees":-0.0004661866173019348,"terminal_shortfall":-0.001158472502380801}},"timesteps":8192,"training_seed":81001,"training_trace_sha256":"1ede057337295552c1605cdfef1e09fafabee05bc6ff2cd66a04c5f43d9c1e0b"},{"completed_at":"2026-09-21T20:44:35.649863+00:00","config_sha256":"ad27b6d96a527f36587a771b1935ed816a15b3aeaa6ec1669b3ef4dc990a65c9","elapsed_seconds":162.52878728199994,"episodes":264,"model_sha256":"588658895b652b1ed21e5dff36882135cddbe1f57bc142875bd33f1421744b67","penalty_bps":25.0,"preregistration_sha256":"6ce9ff828329e5e9432d2edef06e239ee17c6eb84e5169c48a7f42ffc96bacbf","reward_summary":{"completion_penalty_absolute_share":0.0,"episodes":264,"first_quarter_mean_return_bps":-1.0498529242424244,"invalid_episodes":0,"last_quarter_mean_return_bps":-0.8845065606060606,"mean_absolute_reward_terms_bps":{"completion_penalty":0.0,"fees":0.219499750229226,"fills":1.0791626231329625,"late_fees":0.0,"late_fills":0.0,"terminal_fees":0.0,"terminal_shortfall":0.0},"mean_return_bps":-0.8656491401515152,"mean_reward_terms_bps":{"completion_penalty":0.0,"fees":-0.219499750229226,"fills":-0.6461494176341572,"late_fees":0.0,"late_fills":0.0,"terminal_fees":0.0,"terminal_shortfall":0.0}},"timesteps":8192,"training_seed":81002,"training_trace_sha256":"e64a6c5fdf2b55561227441121a722a77c2779b832e9283672965fd5e63042ca"},{"completed_at":"2026-09-21T20:47:17.712172+00:00","config_sha256":"ad27b6d96a527f36587a771b1935ed816a15b3aeaa6ec1669b3ef4dc990a65c9","elapsed_seconds":162.06097829400005,"episodes":239,"model_sha256":"b6e66143b42fd5f6e853d2b898623fe757cfc37ef01167bef65efa265b34b312","penalty_bps":25.0,"preregistration_sha256":"6ce9ff828329e5e9432d2edef06e239ee17c6eb84e5169c48a7f42ffc96bacbf","reward_summary":{"completion_penalty_absolute_share":0.04211863464202061,"episodes":239,"first_quarter_mean_return_bps":-1.3434741525423728,"invalid_episodes":0,"last_quarter_mean_return_bps":-1.096627677966102,"mean_absolute_reward_terms_bps":{"completion_penalty":0.07060974597579373,"fees":0.33325971060031195,"fills":1.2597173794410317,"late_fees":0.0,"late_fills":0.0,"terminal_fees":0.002823526108614616,"terminal_shortfall":0.010038710260566842},"mean_return_bps":-1.141142410041841,"mean_reward_terms_bps":{"completion_penalty":-0.07060974597579373,"fees":-0.33325971060031195,"fills":-0.7258121082767357,"late_fees":0.0,"late_fills":0.0,"terminal_fees":-0.002823526108614616,"terminal_shortfall":-0.00863730417133418}},"timesteps":8192,"training_seed":81003,"training_trace_sha256":"5159d4a77df90f56e78083f7f0341f0f10038a4a6cf25c32b52ed27eeee05371"},{"completed_at":"2026-09-21T20:50:00.892410+00:00","config_sha256":"ad27b6d96a527f36587a771b1935ed816a15b3aeaa6ec1669b3ef4dc990a65c9","elapsed_seconds":163.17882847300007,"episodes":264,"model_sha256":"69f39e30cb7519ccf5193192c0e7a5aad80ba6b3ccdc8dd9ef296ff3e7b3eac9","penalty_bps":25.0,"preregistration_sha256":"6ce9ff828329e5e9432d2edef06e239ee17c6eb84e5169c48a7f42ffc96bacbf","reward_summary":{"completion_penalty_absolute_share":0.0004592080203882347,"episodes":264,"first_quarter_mean_return_bps":-1.0831307575757574,"invalid_episodes":0,"last_quarter_mean_return_bps":-0.5865448787878788,"mean_absolute_reward_terms_bps":{"completion_penalty":0.0006077401789187087,"fees":0.1423365875074247,"fills":1.1804269409429664,"late_fees":0.0,"late_fills":0.0,"terminal_fees":2.4303876011642634e-05,"terminal_shortfall":5.7311451057167034e-05},"mean_return_bps":-0.7208324886363636,"mean_reward_terms_bps":{"completion_penalty":-0.0006077401789187087,"fees":-0.1423365875074247,"fills":-0.5778065769977748,"late_fees":0.0,"late_fills":0.0,"terminal_fees":-2.4303876011642634e-05,"terminal_shortfall":-5.7311451057167034e-05}},"timesteps":8192,"training_seed":81004,"training_trace_sha256":"770c0f2291c0c33941389206af5704f7d5846ae99b9cba230321a684fcd9f3fb"},{"completed_at":"2026-09-21T20:52:39.967287+00:00","config_sha256":"ad27b6d96a527f36587a771b1935ed816a15b3aeaa6ec1669b3ef4dc990a65c9","elapsed_seconds":159.07359843700033,"episodes":241,"model_sha256":"8836ac17fdee07e0a3bedc14f19f41ce9c9b9adbe491b1bd9ffe0858d1ae802e","penalty_bps":25.0,"preregistration_sha256":"6ce9ff828329e5e9432d2edef06e239ee17c6eb84e5169c48a7f42ffc96bacbf","reward_summary":{"completion_penalty_absolute_share":0.00847596087058701,"episodes":241,"first_quarter_mean_return_bps":-1.3287743499999998,"invalid_episodes":0,"last_quarter_mean_return_bps":-0.7905589666666665,"mean_absolute_reward_terms_bps":{"completion_penalty":0.013556892953804887,"fees":0.28810797948333056,"fills":1.2952154029565575,"late_fees":0.0,"late_fills":0.0,"terminal_fees":0.0005420727483955626,"terminal_shortfall":0.002029697566328567},"mean_return_bps":-0.9800681078838175,"mean_reward_terms_bps":{"completion_penalty":-0.013556892953804887,"fees":-0.28810797948333056,"fills":-0.675831466599608,"late_fees":0.0,"late_fills":0.0,"terminal_fees":-0.0005420727483955626,"terminal_shortfall":-0.002029697566328567}},"timesteps":8192,"training_seed":81005,"training_trace_sha256":"f5294f56e0c774dd26b95b41c5f4a872ae3c66bd2a9c1ba548517bceb2e74f68"},{"completed_at":"2026-09-21T20:55:20.453762+00:00","config_sha256":"ad27b6d96a527f36587a771b1935ed816a15b3aeaa6ec1669b3ef4dc990a65c9","elapsed_seconds":160.48502763399983,"episodes":265,"model_sha256":"68041ebc4c7e741e3bf340f12ee75f952c1fb665775fa85e76737e852f6af19a","penalty_bps":100.0,"preregistration_sha256":"6ce9ff828329e5e9432d2edef06e239ee17c6eb84e5169c48a7f42ffc96bacbf","reward_summary":{"completion_penalty_absolute_share":0.031833008889804976,"episodes":265,"first_quarter_mean_return_bps":-1.362716196969697,"invalid_episodes":0,"last_quarter_mean_return_bps":-0.5061406666666667,"mean_absolute_reward_terms_bps":{"completion_penalty":0.046454283261046656,"fees":0.20919021906591498,"fills":1.202048698932848,"late_fees":0.0,"late_fills":0.0,"terminal_fees":0.00046442742251966336,"terminal_shortfall":0.0011541009080321943},"mean_return_bps":-0.863985,"mean_reward_terms_bps":{"completion_penalty":-0.046454283261046656,"fees":-0.20919021906591498,"fills":-0.6067219908393935,"late_fees":0.0,"late_fills":0.0,"terminal_fees":-0.00046442742251966336,"terminal_shortfall":-0.0011541009080321943}},"timesteps":8192,"training_seed":81001,"training_trace_sha256":"2c8df76cc21c8548215d3dbc844c88a677245762c1859febecf22fd9ab77c981"},{"completed_at":"2026-09-21T20:58:07.574531+00:00","config_sha256":"ad27b6d96a527f36587a771b1935ed816a15b3aeaa6ec1669b3ef4dc990a65c9","elapsed_seconds":167.1192258150004,"episodes":264,"model_sha256":"f622c7ca7a054de3b0d3d5a343253fe5b05ba9d73bcd1e1f2a40eedc60a57a87","penalty_bps":100.0,"preregistration_sha256":"6ce9ff828329e5e9432d2edef06e239ee17c6eb84e5169c48a7f42ffc96bacbf","reward_summary":{"completion_penalty_absolute_share":0.0,"episodes":264,"first_quarter_mean_return_bps":-1.0498529242424244,"invalid_episodes":0,"last_quarter_mean_return_bps":-0.8845065606060606,"mean_absolute_reward_terms_bps":{"completion_penalty":0.0,"fees":0.219499750229226,"fills":1.0791626231329625,"late_fees":0.0,"late_fills":0.0,"terminal_fees":0.0,"terminal_shortfall":0.0},"mean_return_bps":-0.8656491401515152,"mean_reward_terms_bps":{"completion_penalty":0.0,"fees":-0.219499750229226,"fills":-0.6461494176341572,"late_fees":0.0,"late_fills":0.0,"terminal_fees":0.0,"terminal_shortfall":0.0}},"timesteps":8192,"training_seed":81002,"training_trace_sha256":"e64a6c5fdf2b55561227441121a722a77c2779b832e9283672965fd5e63042ca"},{"completed_at":"2026-09-21T21:00:57.225759+00:00","config_sha256":"ad27b6d96a527f36587a771b1935ed816a15b3aeaa6ec1669b3ef4dc990a65c9","elapsed_seconds":169.64980184999968,"episodes":244,"model_sha256":"f6a353307fcc71531f786fad86e0b8ccfff5190d24d4b65b3cb1a1fea09bcddc","penalty_bps":100.0,"preregistration_sha256":"6ce9ff828329e5e9432d2edef06e239ee17c6eb84e5169c48a7f42ffc96bacbf","reward_summary":{"completion_penalty_absolute_share":0.03832030368161335,"episodes":244,"first_quarter_mean_return_bps":-1.3271983278688522,"invalid_episodes":0,"last_quarter_mean_return_bps":-0.9432952950819671,"mean_absolute_reward_terms_bps":{"completion_penalty":0.06169060963712531,"fees":0.32279443878218594,"fills":1.2212441814754804,"late_fees":0.0,"late_fills":0.0,"terminal_fees":0.000616681440075052,"terminal_shortfall":0.0035215403869573517},"mean_return_bps":-1.0956592663934424,"mean_reward_terms_bps":{"completion_penalty":-0.06169060963712531,"fees":-0.32279443878218594,"fills":-0.7083109494949217,"late_fees":0.0,"late_fills":0.0,"terminal_fees":-0.000616681440075052,"terminal_shortfall":-0.0022465629620113466}},"timesteps":8192,"training_seed":81003,"training_trace_sha256":"d941b614c03e4132e5dc2c6a698cd94b3a233d2033937b8c9497cb0861e795c3"},{"completed_at":"2026-09-21T21:03:41.692241+00:00","config_sha256":"ad27b6d96a527f36587a771b1935ed816a15b3aeaa6ec1669b3ef4dc990a65c9","elapsed_seconds":164.46511500400038,"episodes":240,"model_sha256":"8f0f105320155f2807583aaf4143414e762f3d8d929d3291c246c7bb609f18ee","penalty_bps":100.0,"preregistration_sha256":"6ce9ff828329e5e9432d2edef06e239ee17c6eb84e5169c48a7f42ffc96bacbf","reward_summary":{"completion_penalty_absolute_share":0.1493340406890047,"episodes":240,"first_quarter_mean_return_bps":-1.1846904833333332,"invalid_episodes":0,"last_quarter_mean_return_bps":-1.6330163333333334,"mean_absolute_reward_terms_bps":{"completion_penalty":0.24820108907040064,"fees":0.17257518771510363,"fills":1.2297476887512653,"late_fees":0.0,"late_fills":0.0,"terminal_fees":0.0024812679755627353,"terminal_shortfall":0.009047758057696384},"mean_return_bps":-1.0173384791666666,"mean_reward_terms_bps":{"completion_penalty":-0.24820108907040064,"fees":-0.17257518771510363,"fills":-0.5866517945181536,"late_fees":0.0,"late_fills":0.0,"terminal_fees":-0.0024812679755627353,"terminal_shortfall":-0.007429151412709923}},"timesteps":8192,"training_seed":81004,"training_trace_sha256":"7144367327bbc8be18c18a75dd7dc6d95b506531d1db1a5c2af3d14f76edc900"},{"completed_at":"2026-09-21T21:06:27.122576+00:00","config_sha256":"ad27b6d96a527f36587a771b1935ed816a15b3aeaa6ec1669b3ef4dc990a65c9","elapsed_seconds":165.42889152899988,"episodes":244,"model_sha256":"51a01418188809778f4869c313c51ae44225baa09d75e29023aa9d165da52f69","penalty_bps":100.0,"preregistration_sha256":"6ce9ff828329e5e9432d2edef06e239ee17c6eb84e5169c48a7f42ffc96bacbf","reward_summary":{"completion_penalty_absolute_share":0.010354013882180943,"episodes":244,"first_quarter_mean_return_bps":-1.3265446721311474,"invalid_episodes":0,"last_quarter_mean_return_bps":-1.0993683934426228,"mean_absolute_reward_terms_bps":{"completion_penalty":0.017215984084779156,"fees":0.32080623263838226,"fills":1.3234856187471942,"late_fees":0.0,"late_fills":0.0,"terminal_fees":0.00017205430266276726,"terminal_shortfall":0.0010553818502434605},"mean_return_bps":-1.039069475409836,"mean_reward_terms_bps":{"completion_penalty":-0.017215984084779156,"fees":-0.32080623263838226,"fills":-0.6998198351851367,"late_fees":0.0,"late_fills":0.0,"terminal_fees":-0.00017205430266276726,"terminal_shortfall":-0.0010553818502434605}},"timesteps":8192,"training_seed":81005,"training_trace_sha256":"de51d76f1f913bc8e86231d198e4976233284c43d34edd3ee82cdead47f8cb20"}],"total_timesteps":163840}}
2026-09-21T21:15:49.4565662Z ##[group]Run study="examples/studies/core/ppo-final-35649272649"
2026-09-21T21:15:49.4566164Z [36;1mstudy="examples/studies/core/ppo-final-35649272649"[0m
2026-09-21T21:15:49.4566550Z [36;1mpython train_rl.py verify --study "$study"[0m
2026-09-21T21:15:49.4602987Z shell: /usr/bin/bash --noprofile --norc -e -o pipefail {0}
2026-09-21T21:15:49.4603337Z env:
2026-09-21T21:15:49.4603875Z   pythonLocation: /opt/hostedtoolcache/Python/3.11.16/x64
2026-09-21T21:15:49.4604325Z   PKG_CONFIG_PATH: /opt/hostedtoolcache/Python/3.11.16/x64/lib/pkgconfig
2026-09-21T21:15:49.4604756Z   Python_ROOT_DIR: /opt/hostedtoolcache/Python/3.11.16/x64
2026-09-21T21:15:49.4605141Z   Python2_ROOT_DIR: /opt/hostedtoolcache/Python/3.11.16/x64
2026-09-21T21:15:49.4605518Z   Python3_ROOT_DIR: /opt/hostedtoolcache/Python/3.11.16/x64
2026-09-21T21:15:49.4605899Z   LD_LIBRARY_PATH: /opt/hostedtoolcache/Python/3.11.16/x64/lib
2026-09-21T21:15:49.4606220Z ##[endgroup]
2026-09-21T21:15:49.9284982Z {"issues":[],"study":"/home/runner/work/CleoLOB/CleoLOB/examples/studies/core/ppo-final-35649272649","valid":true}
2026-09-21T21:15:50.0040417Z Node 20 is being deprecated. This workflow is running with Node 24 by default. If you need to temporarily use Node 20, you can set the ACTIONS_ALLOW_USE_UNSECURE_NODE_VERSION=true environment variable. For more information see: https://github.blog/changelog/2025-09-19-deprecation-of-node-20-on-github-actions-runners/
2026-09-21T21:15:50.0041658Z Post job cleanup.
2026-09-21T21:15:50.1282289Z Cache hit occurred on the primary key setup-python-Linux-x64-24.04-Ubuntu-python-3.11.16-pip-4407961bebca46b6e97cf20b586751ce50388aa8f9bc9cf9a4dcd52e9e53f0af, not saving cache.
2026-09-21T21:15:50.1284716Z (node:3598) [DEP0040] DeprecationWarning: The `punycode` module is deprecated. Please use a userland alternative instead.
2026-09-21T21:15:50.1285795Z (Use `node --trace-deprecation ...` to show where the warning was created)
2026-09-21T21:15:50.1433234Z Node 20 is being deprecated. This workflow is running with Node 24 by default. If you need to temporarily use Node 20, you can set the ACTIONS_ALLOW_USE_UNSECURE_NODE_VERSION=true environment variable. For more information see: https://github.blog/changelog/2025-09-19-deprecation-of-node-20-on-github-actions-runners/
2026-09-21T21:15:50.1434906Z Post job cleanup.
2026-09-21T21:15:50.2315270Z [command]/usr/bin/git version
2026-09-21T21:15:50.2364088Z git version 2.55.0
2026-09-21T21:15:50.2408417Z Temporarily overriding HOME='/home/runner/work/_temp/f3fe7303-a0b8-454c-86cd-32931ab28188' before making global git config changes
2026-09-21T21:15:50.2409849Z Adding repository directory to the temporary git global config as a safe directory
2026-09-21T21:15:50.2414420Z [command]/usr/bin/git config --global --add safe.directory /home/runner/work/CleoLOB/CleoLOB
2026-09-21T21:15:50.2457559Z [command]/usr/bin/git config --local --name-only --get-regexp core\.sshCommand
2026-09-21T21:15:50.2496005Z [command]/usr/bin/git submodule foreach --recursive sh -c "git config --local --name-only --get-regexp 'core\.sshCommand' && git config --local --unset-all 'core.sshCommand' || :"
2026-09-21T21:15:50.2759203Z [command]/usr/bin/git config --local --name-only --get-regexp http\.https\:\/\/github\.com\/\.extraheader
2026-09-21T21:15:50.2791082Z http.https://github.com/.extraheader
2026-09-21T21:15:50.2804117Z [command]/usr/bin/git config --local --unset-all http.https://github.com/.extraheader
2026-09-21T21:15:50.2845450Z [command]/usr/bin/git submodule foreach --recursive sh -c "git config --local --name-only --get-regexp 'http\.https\:\/\/github\.com\/\.extraheader' && git config --local --unset-all 'http.https://github.com/.extraheader' || :"
2026-09-21T21:15:50.3156949Z [command]/usr/bin/git config --local --name-only --get-regexp ^includeIf\.gitdir:
2026-09-21T21:15:50.3188724Z [command]/usr/bin/git submodule foreach --recursive git config --local --show-origin --name-only --get-regexp remote.origin.url
2026-09-21T21:15:50.3606842Z Cleaning up orphan processes
2026-09-21T21:15:50.3859617Z ##[warning]Node.js 20 is deprecated. The following actions target Node.js 20 but are being forced to run on Node.js 24: actions/checkout@v4, actions/setup-python@v5. For more information see: https://github.blog/changelog/2025-09-19-deprecation-of-node-20-on-github-actions-runners/
